split,topology,driver,metric,mean,lo,hi,seeds
discovery,ring,none,coherence,0.8759448557320537,0.6696710970451869,0.9998497002581823,12
discovery,ring,high_degree,coherence,0.8742302850155981,0.8227746231618724,0.9026687577360961,12
discovery,ring,low_degree,coherence,0.875382749494945,0.8346861720149737,0.8987415769102216,12
discovery,ring,distributed,coherence,0.9999491575351324,0.9999324180503744,0.999964564955353,12
discovery,ring,none,locked_fraction,0.0,0.0,0.0,12
discovery,ring,high_degree,locked_fraction,0.8361111111111111,0.5916666666666667,1.0,12
discovery,ring,low_degree,locked_fraction,0.9166666666666666,0.75,1.0,12
discovery,ring,distributed,locked_fraction,1.0,1.0,1.0,12
discovery,ring,none,mean_drift,0.11794225926804301,0.11527959702333102,0.12060277573851995,12
discovery,ring,high_degree,mean_drift,0.006331368133630514,0.000680007661599867,0.016190980062831335,12
discovery,ring,low_degree,mean_drift,0.0054607896740957425,0.000616311596375933,0.014926543563609526,12
discovery,ring,distributed,mean_drift,-1.838292892394385e-17,-8.854561888231939e-17,3.406502189382707e-17,12
discovery,random,none,coherence,0.9999709077011145,0.9999660509309114,0.999975702168819,12
discovery,random,high_degree,coherence,0.9916361530461121,0.990485454030545,0.9926337139363693,12
discovery,random,low_degree,coherence,0.967476178381878,0.9592943105700482,0.9756232410240538,12
discovery,random,distributed,coherence,0.9999786300611415,0.9999756621809087,0.9999817921780858,12
discovery,random,none,locked_fraction,0.0,0.0,0.0,12
discovery,random,high_degree,locked_fraction,1.0,1.0,1.0,12
discovery,random,low_degree,locked_fraction,0.002777777777777778,0.0,0.006944444444444444,12
discovery,random,distributed,locked_fraction,1.0,1.0,1.0,12
discovery,random,none,mean_drift,0.11774551056450384,0.11522606037507176,0.12011427744531462,12
discovery,random,high_degree,mean_drift,3.6300923823509363e-07,1.1693296381528338e-07,6.597016748021801e-07,12
discovery,random,low_degree,mean_drift,0.09296947968168125,0.0768885176023755,0.10909645380463227,12
discovery,random,distributed,mean_drift,8.162195199559023e-18,-5.507425791138217e-18,3.0767569562065685e-17,12
discovery,hub,none,coherence,0.999976949345195,0.9999735221382012,0.9999803444712598,12
discovery,hub,high_degree,coherence,0.9989166377419044,0.9987909001273464,0.9990306682736102,12
discovery,hub,low_degree,coherence,0.9660404519411746,0.9594853463220985,0.9728831931678972,12
discovery,hub,distributed,coherence,0.9999821122757021,0.9999796459856981,0.9999846014768369,12
discovery,hub,none,locked_fraction,0.0,0.0,0.0,12
discovery,hub,high_degree,locked_fraction,1.0,1.0,1.0,12
discovery,hub,low_degree,locked_fraction,0.002777777777777778,0.0,0.008333333333333333,12
discovery,hub,distributed,locked_fraction,1.0,1.0,1.0,12
discovery,hub,none,mean_drift,0.11952342907953385,0.11711457183725014,0.12217303442096557,12
discovery,hub,high_degree,mean_drift,0.0,0.0,0.0,12
discovery,hub,low_degree,mean_drift,0.10443791175832899,0.092666196047696,0.11431727681879451,12
discovery,hub,distributed,mean_drift,-3.712822230731397e-17,-7.486379057827272e-17,-5.823209712783631e-18,12
replication,ring,none,coherence,0.587390107563308,0.34128602410647996,0.7940774899434508,12
replication,ring,high_degree,coherence,0.8829028219884454,0.8281408984540375,0.9164657542837302,12
replication,ring,low_degree,coherence,0.8461692661160147,0.776332367495501,0.8984039700740092,12
replication,ring,distributed,coherence,0.934418323737033,0.868826079336407,0.9999742553762584,12
replication,ring,none,locked_fraction,0.0,0.0,0.0,12
replication,ring,high_degree,locked_fraction,0.7527777777777778,0.5430555555555555,0.9597222222222221,12
replication,ring,low_degree,locked_fraction,0.7611111111111111,0.5472222222222222,0.9583333333333334,12
replication,ring,distributed,locked_fraction,0.875,0.75,1.0,12
replication,ring,none,mean_drift,0.11847175166613023,0.11558696173065114,0.12114055931818403,12
replication,ring,high_degree,mean_drift,0.010837365159867697,0.0018546802395595873,0.022128461004750383,12
replication,ring,low_degree,mean_drift,0.009323244255181195,0.0014204425688472337,0.019618618294797486,12
replication,ring,distributed,mean_drift,0.00967274655175046,6.3555128238379925e-18,0.019472571040756715,12
replication,random,none,coherence,0.9999763499080018,0.9999731749849031,0.9999796646538739,12
replication,random,high_degree,coherence,0.9918274395048837,0.9908920945717662,0.992707409196317,12
replication,random,low_degree,coherence,0.9589150555168291,0.9540834461628892,0.964743496228714,12
replication,random,distributed,coherence,0.9999821051220401,0.9999798784145071,0.9999844686417735,12
replication,random,none,locked_fraction,0.0,0.0,0.0,12
replication,random,high_degree,locked_fraction,1.0,1.0,1.0,12
replication,random,low_degree,locked_fraction,0.005555555555555556,0.0,0.013888888888888888,12
replication,random,distributed,locked_fraction,1.0,1.0,1.0,12
replication,random,none,mean_drift,0.11889543658862257,0.11579411193561992,0.12175284089986514,12
replication,random,high_degree,mean_drift,6.055948008752686e-07,-6.02716814735963e-08,1.6265950984130463e-06,12
replication,random,low_degree,mean_drift,0.08146079587975781,0.06856133566431896,0.09479397633679373,12
replication,random,distributed,mean_drift,4.872645496965965e-18,-2.287265027584235e-19,1.2315251699082755e-17,12
replication,hub,none,coherence,0.9999802250335135,0.9999779351680491,0.9999826063205708,12
replication,hub,high_degree,coherence,0.9990660090315627,0.998957923438183,0.9991695419369837,12
replication,hub,low_degree,coherence,0.9683365068755663,0.960220677869763,0.9767793444147596,12
replication,hub,distributed,coherence,0.9999845368891012,0.9999828606639536,0.9999862848320401,12
replication,hub,none,locked_fraction,0.0,0.0,0.0,12
replication,hub,high_degree,locked_fraction,1.0,1.0,1.0,12
replication,hub,low_degree,locked_fraction,0.001388888888888889,0.0,0.004166666666666667,12
replication,hub,distributed,locked_fraction,1.0,1.0,1.0,12
replication,hub,none,mean_drift,0.11939476333286562,0.11500679263181157,0.12330191527347927,12
replication,hub,high_degree,mean_drift,0.0,0.0,0.0,12
replication,hub,low_degree,mean_drift,0.10317068997315519,0.09108545726935506,0.11367142008057332,12
replication,hub,distributed,mean_drift,3.1019425711170452e-18,-1.1338923627195962e-17,1.5731179219351598e-17,12
