split,topology,contrast,metric,mean,lo,hi,seeds
discovery,ring,high_degree_minus_low_degree,coherence,-0.0011524644793469523,-0.013812701202889214,0.008043206834861481,12
discovery,ring,distributed_minus_none,coherence,0.12400430180307853,0.00010053506035573358,0.33028594997852734,12
discovery,ring,high_degree_minus_low_degree,locked_fraction,-0.08055555555555556,-0.24166666666666667,0.0,12
discovery,ring,distributed_minus_none,locked_fraction,1.0,1.0,1.0,12
discovery,ring,high_degree_minus_low_degree,mean_drift,0.000870578459534773,-0.0007813797247160875,0.0033793965794624123,12
discovery,ring,distributed_minus_none,mean_drift,-0.11794225926804301,-0.12060277573851995,-0.11527959702333114,12
discovery,random,high_degree_minus_low_degree,coherence,0.024159974664234047,0.01630904587265201,0.03191799846378687,12
discovery,random,distributed_minus_none,coherence,7.722360027014504e-06,6.009334972007647e-06,9.684469144307511e-06,12
discovery,random,high_degree_minus_low_degree,locked_fraction,0.9972222222222222,0.9930555555555555,1.0,12
discovery,random,distributed_minus_none,locked_fraction,1.0,1.0,1.0,12
discovery,random,high_degree_minus_low_degree,mean_drift,-0.09296911667244301,-0.10909616862752579,-0.07688809716436501,12
discovery,random,distributed_minus_none,mean_drift,-0.11774551056450384,-0.12011427744531462,-0.11522606037507176,12
discovery,hub,high_degree_minus_low_degree,coherence,0.03287618580072976,0.026060207097029695,0.03938014476976516,12
discovery,hub,distributed_minus_none,coherence,5.162930506998527e-06,4.233753418472301e-06,6.130777310939713e-06,12
discovery,hub,high_degree_minus_low_degree,locked_fraction,0.9972222222222222,0.9916666666666667,1.0,12
discovery,hub,distributed_minus_none,locked_fraction,1.0,1.0,1.0,12
discovery,hub,high_degree_minus_low_degree,mean_drift,-0.10443791175832899,-0.11431727681879451,-0.092666196047696,12
discovery,hub,distributed_minus_none,mean_drift,-0.11952342907953391,-0.12217303442096558,-0.11711457183725017,12
replication,ring,high_degree_minus_low_degree,coherence,0.03673355587243055,0.0010264596225111184,0.09330470571348615,12
replication,ring,distributed_minus_none,coherence,0.34702821617372503,0.1431888735454461,0.5720067570775115,12
replication,ring,high_degree_minus_low_degree,locked_fraction,-0.008333333333333323,-0.1638888888888889,0.14583333333333334,12
replication,ring,distributed_minus_none,locked_fraction,0.875,0.75,1.0,12
replication,ring,high_degree_minus_low_degree,mean_drift,0.0015141209046864986,-0.0003288211746886085,0.003981889435437935,12
replication,ring,distributed_minus_none,mean_drift,-0.10879900511437977,-0.11738636939489139,-0.09926473823153247,12
replication,random,high_degree_minus_low_degree,coherence,0.03291238398805468,0.02646127345695185,0.03820871274451892,12
replication,random,distributed_minus_none,coherence,5.755214038671852e-06,4.758779816084237e-06,6.7639538861357275e-06,12
replication,random,high_degree_minus_low_degree,locked_fraction,0.9944444444444445,0.9861111111111112,1.0,12
replication,random,distributed_minus_none,locked_fraction,1.0,1.0,1.0,12
replication,random,high_degree_minus_low_degree,mean_drift,-0.08146019028495695,-0.09479380125426927,-0.0685612046577561,12
replication,random,distributed_minus_none,mean_drift,-0.11889543658862257,-0.12175284089986514,-0.11579411193561992,12
replication,hub,high_degree_minus_low_degree,coherence,0.030729502155996707,0.022290202188956183,0.03884816302290662,12
replication,hub,distributed_minus_none,coherence,4.31185558778339e-06,3.669393024273669e-06,4.944788635907517e-06,12
replication,hub,high_degree_minus_low_degree,locked_fraction,0.998611111111111,0.9958333333333332,1.0,12
replication,hub,distributed_minus_none,locked_fraction,1.0,1.0,1.0,12
replication,hub,high_degree_minus_low_degree,mean_drift,-0.10317068997315519,-0.11367142008057333,-0.09108545726935507,12
replication,hub,distributed_minus_none,mean_drift,-0.11939476333286562,-0.12330191527347927,-0.1150067926318116,12
