response,delta,theory_period,numerical_period,refined_period,relative_error,measured_cycles
sine,0.0,inf,nan,nan,,0
sine,0.25,inf,nan,nan,,0
sine,0.5,inf,nan,nan,,0
sine,0.75,inf,nan,nan,,0
sine,0.95,inf,nan,nan,,0
sine,1.0,inf,nan,nan,,0
sine,1.02,31.26001526812332,31.26001542524412,31.260015343738505,5.026254797220912e-09,5
sine,1.05,19.625373721309053,19.625372256251314,19.625373953310937,7.465120205758629e-08,8
sine,1.1,13.711034416945143,13.7110348091452,13.711034179354387,2.8604702270680504e-08,12
sine,1.25,8.377580409572781,8.377581210298914,8.377580218576163,9.557964153892375e-08,19
sine,1.5,5.619851784832581,5.619852644637366,5.619851900543746,1.529942101006243e-07,28
sine,1.6,5.030574316269581,5.030573539558715,5.0305745354268385,1.543980502938591e-07,32
sine,1.75,4.375048680836414,4.375048820280936,4.3750486132924635,3.187267888426645e-08,36
sine,2.0,3.6275987284684357,3.62759816234624,3.627598588329575,1.5605976243896217e-07,44
sine,2.5,2.7422068833890303,2.742206976958044,2.7422068176188663,3.412179235533283e-08,58
sine,3.0,2.221441469079183,2.221441324245651,2.221441485510398,6.519799591856932e-08,72
triangle,0.0,inf,nan,nan,,0
triangle,0.25,inf,nan,nan,,0
triangle,0.5,inf,nan,nan,,0
triangle,0.75,inf,nan,nan,,0
triangle,0.95,inf,nan,nan,,0
triangle,1.0,inf,nan,nan,,0
triangle,1.02,inf,nan,nan,,0
triangle,1.05,inf,nan,nan,,0
triangle,1.1,inf,nan,nan,,0
triangle,1.25,inf,nan,nan,,0
triangle,1.5,inf,nan,nan,,0
triangle,1.6,9.374887092913658,9.374886475268383,9.374885367196601,6.588295616233038e-08,17
triangle,1.75,5.838873784981168,5.838873753857086,5.838873861870932,5.330494051510383e-09,28
triangle,2.0,4.237224683292972,4.237224507624594,4.237224568290308,4.145835794708254e-08,38
triangle,2.5,2.9545319260309713,2.954531151534211,2.9545319579692606,2.621385652444553e-07,54
triangle,3.0,2.3251400467788925,2.3251404246450527,2.325139952199531,1.6251329061358454e-07,69
triangle_normalized,0.0,inf,nan,nan,,0
triangle_normalized,0.25,inf,nan,nan,,0
triangle_normalized,0.5,inf,nan,nan,,0
triangle_normalized,0.75,inf,nan,nan,,0
triangle_normalized,0.95,inf,nan,nan,,0
triangle_normalized,1.0,inf,nan,nan,,0
triangle_normalized,1.02,14.498828711140028,14.49882287192132,14.498828301002783,4.027372710508844e-07,11
triangle_normalized,1.05,11.666530723334516,11.666531406068522,11.66653049619403,5.8520739576266046e-08,14
triangle_normalized,1.1,9.564649324041191,9.564649954548901,9.56464940134159,6.592063009119718e-08,17
triangle_normalized,1.25,6.902784590446406,6.902784423787716,6.902784726799249,2.4143689871812586e-08,23
triangle_normalized,1.5,5.056198322111862,5.056198207898486,5.05619853411885,2.2588784768688433e-08,32
triangle_normalized,1.6,4.606633763007821,4.6066329443286875,4.606633897876193,1.7771743435485248e-07,35
triangle_normalized,1.75,4.081817877877851,4.081817926128738,4.081817839442755,1.1820930841397033e-08,39
triangle_normalized,2.0,3.451392295223203,3.4513917414929205,3.4513923370696133,1.6043678468012704e-07,46
triangle_normalized,2.5,2.6618647335947894,2.661864871298908,2.661864736681829,5.173220000119414e-08,60
triangle_normalized,3.0,2.177586090303602,2.177585666684707,2.1775861325547328,1.9453600340292987e-07,74
