split,memory,schedule,endpoint,mean,lo,hi,seeds
discovery,0,early,first_attainment,0.9861111111111112,0.9583333333333334,1.0,12
discovery,0,early,last_40_all_within,0.4305555555555556,0.34722222222222227,0.5138888888888888,12
discovery,0,late,first_attainment,0.9722222222222223,0.9305555555555557,1.0,12
discovery,0,late,last_40_all_within,0.5277777777777778,0.3888888888888889,0.6666666666666666,12
discovery,0,repeated,first_attainment,0.9861111111111112,0.9583333333333334,1.0,12
discovery,0,repeated,last_40_all_within,0.5972222222222222,0.513888888888889,0.6805555555555555,12
discovery,1,early,first_attainment,0.9444444444444445,0.8472222222222223,1.0,12
discovery,1,early,last_40_all_within,0.25,0.1940972222222225,0.3055555555555556,12
discovery,1,late,first_attainment,0.9166666666666669,0.875,0.9583333333333335,12
discovery,1,late,last_40_all_within,0.27777777777777773,0.18055555555555555,0.375,12
discovery,1,repeated,first_attainment,0.9583333333333335,0.9166666666666669,1.0,12
discovery,1,repeated,last_40_all_within,0.27777777777777773,0.16666666666666666,0.3888888888888889,12
replication,0,early,first_attainment,0.9861111111111112,0.9583333333333334,1.0,12
replication,0,early,last_40_all_within,0.3333333333333333,0.2638888888888889,0.40277777777777773,12
replication,0,late,first_attainment,1.0,1.0,1.0,12
replication,0,late,last_40_all_within,0.513888888888889,0.4166666666666667,0.5972222222222222,12
replication,0,repeated,first_attainment,0.9583333333333334,0.9166666666666669,1.0,12
replication,0,repeated,last_40_all_within,0.375,0.25,0.5,12
replication,1,early,first_attainment,0.9305555555555557,0.8611111111111113,0.9861111111111112,12
replication,1,early,last_40_all_within,0.23611111111111108,0.16666666666666666,0.3055555555555556,12
replication,1,late,first_attainment,0.861111111111111,0.7916666666666665,0.9305555555555557,12
replication,1,late,last_40_all_within,0.25,0.125,0.375,12
replication,1,repeated,first_attainment,0.9027777777777778,0.8472222222222222,0.9583333333333335,12
replication,1,repeated,last_40_all_within,0.2916666666666667,0.16666666666666666,0.4166666666666666,12
