split,memory,contrast,metric,mean,lo,hi,seeds
discovery,0,early_minus_never,cooperation,2.893518518518353e-05,-0.00017361111111111627,0.00026620370370369944,12
discovery,0,early_minus_never,rigid,2.3720292767992175e-05,-0.00014840533889957323,0.00020976680729199013,12
discovery,0,early_minus_never,choice_excess,0.008633198302469142,-0.002441796874999994,0.020133068094135797,12
discovery,0,repeated_minus_late,cooperation,0.00014467592592592464,-0.00012152777777778133,0.00037037037037036883,12
discovery,0,repeated_minus_late,rigid,-0.00011892675318971633,-0.000350838537672968,0.00015659104956556455,12
discovery,0,repeated_minus_late,choice_excess,0.0058309220679012425,-0.0019797477816357947,0.012685312982253102,12
discovery,0,second_pulse_history_interaction,cooperation,1.157407407407778e-05,-0.0004224537037037046,0.0004282407407407394,12
discovery,0,second_pulse_history_interaction,rigid,-3.816376393066007e-05,-0.00027986596019272916,0.00019917596699019314,12
discovery,0,second_pulse_history_interaction,choice_excess,-0.002585165895061716,-0.008558617862654303,0.0029104817708333407,12
discovery,1,early_minus_never,cooperation,0.000451388888888882,-0.000671296296296297,0.0014872685185185058,12
discovery,1,early_minus_never,rigid,0.00043311032639652337,-0.0007004052669650476,0.001728182709802083,12
discovery,1,early_minus_never,choice_excess,-0.003999035493827162,-0.014681529706790137,0.006641198881172835,12
discovery,1,repeated_minus_late,cooperation,0.0007870370370370375,-0.00033000578703704764,0.0019560185185185266,12
discovery,1,repeated_minus_late,rigid,-0.0008420502367507786,-0.00208032547787216,0.00029999566549465196,12
discovery,1,repeated_minus_late,choice_excess,0.0014514853395061662,-0.009963818962191364,0.01262302758487654,12
discovery,1,second_pulse_history_interaction,cooperation,-0.0004456018518518516,-0.0018518518518518502,0.0009781539351851804,12
discovery,1,second_pulse_history_interaction,rigid,0.0002141267591057954,-0.0009176519360594416,0.0013078719754961385,12
discovery,1,second_pulse_history_interaction,choice_excess,0.0019585262345678993,-0.004711426986882725,0.00902096113040124,12
replication,0,early_minus_never,cooperation,-2.3148148148147544e-05,-0.00021412037037035997,0.0001793981481481438,12
replication,0,early_minus_never,rigid,-6.033115690636442e-05,-0.0002209889175343987,0.00010465805926149381,12
replication,0,early_minus_never,choice_excess,-0.00399074074074075,-0.012912321566358029,0.004511060474537027,12
replication,0,repeated_minus_late,cooperation,-3.472222222222071e-05,-0.00016218171296296515,0.00011574074074074037,12
replication,0,repeated_minus_late,rigid,-4.537071732300195e-05,-0.0002445118247183504,0.00013250741835574094,12
replication,0,repeated_minus_late,choice_excess,0.0013842592592592552,-0.0053989366319444594,0.008921843653549375,12
replication,0,second_pulse_history_interaction,cooperation,-5.7870370370369404e-05,-0.0003356481481481529,0.0001853298611111161,12
replication,0,second_pulse_history_interaction,rigid,8.630165427860461e-05,-0.00011331158367710449,0.00030070094202125,12
replication,0,second_pulse_history_interaction,choice_excess,-0.001863136574074072,-0.00407674334490741,0.00033729263117284684,12
replication,1,early_minus_never,cooperation,1.736111111111151e-05,-0.0011516203703703768,0.001261574074074069,12
replication,1,early_minus_never,rigid,-0.00022414420184917408,-0.0013502390006552476,0.0007874880586190108,12
replication,1,early_minus_never,choice_excess,0.0015104166666666788,-0.011402717496141955,0.014991133777006177,12
replication,1,repeated_minus_late,cooperation,0.0011921296296296291,-0.0006656539351851959,0.0030381944444444493,12
replication,1,repeated_minus_late,rigid,-0.0013039076142574062,-0.0031536913720119626,0.00048309136331590037,12
replication,1,repeated_minus_late,choice_excess,0.010882426697530865,-0.0027364293981481493,0.0247835262345679,12
replication,1,second_pulse_history_interaction,cooperation,0.0001041666666666699,-0.0011344039351851903,0.0012848668981481556,12
replication,1,second_pulse_history_interaction,rigid,-0.00017762618070622644,-0.001207182673683012,0.0008996063553629145,12
replication,1,second_pulse_history_interaction,choice_excess,-0.008942901234567905,-0.01716283757716049,-0.0006710431134259252,12
