seed,split,topology,balance,memory,schedule,first_attainment,horizon,last_40_all_within
12100,discovery,ring,equal,0,early,40,400,False
12100,discovery,ring,equal,0,late,50,240,False
12100,discovery,ring,equal,0,repeated,60,240,False
12100,discovery,ring,equal,1,early,50,400,False
12100,discovery,ring,equal,1,late,70,240,True
12100,discovery,ring,equal,1,repeated,70,240,True
12100,discovery,ring,unequal,0,early,40,400,True
12100,discovery,ring,unequal,0,late,40,240,True
12100,discovery,ring,unequal,0,repeated,40,240,True
12100,discovery,ring,unequal,1,early,50,400,False
12100,discovery,ring,unequal,1,late,50,240,False
12100,discovery,ring,unequal,1,repeated,50,240,False
12100,discovery,random,equal,0,early,40,400,False
12100,discovery,random,equal,0,late,60,240,False
12100,discovery,random,equal,0,repeated,40,240,False
12100,discovery,random,equal,1,early,50,400,False
12100,discovery,random,equal,1,late,60,240,False
12100,discovery,random,equal,1,repeated,70,240,False
12100,discovery,random,unequal,0,early,40,400,False
12100,discovery,random,unequal,0,late,50,240,False
12100,discovery,random,unequal,0,repeated,30,240,False
12100,discovery,random,unequal,1,early,70,400,False
12100,discovery,random,unequal,1,late,50,240,False
12100,discovery,random,unequal,1,repeated,60,240,False
12100,discovery,hub,equal,0,early,40,400,True
12100,discovery,hub,equal,0,late,40,240,True
12100,discovery,hub,equal,0,repeated,40,240,True
12100,discovery,hub,equal,1,early,,400,False
12100,discovery,hub,equal,1,late,50,240,True
12100,discovery,hub,equal,1,repeated,110,240,False
12100,discovery,hub,unequal,0,early,60,400,False
12100,discovery,hub,unequal,0,late,30,240,False
12100,discovery,hub,unequal,0,repeated,40,240,True
12100,discovery,hub,unequal,1,early,70,400,True
12100,discovery,hub,unequal,1,late,40,240,True
12100,discovery,hub,unequal,1,repeated,40,240,True
12101,discovery,ring,equal,0,early,40,400,True
12101,discovery,ring,equal,0,late,40,240,True
12101,discovery,ring,equal,0,repeated,40,240,True
12101,discovery,ring,equal,1,early,130,400,True
12101,discovery,ring,equal,1,late,50,240,False
12101,discovery,ring,equal,1,repeated,50,240,True
12101,discovery,ring,unequal,0,early,30,400,False
12101,discovery,ring,unequal,0,late,60,240,False
12101,discovery,ring,unequal,0,repeated,40,240,True
12101,discovery,ring,unequal,1,early,400,400,False
12101,discovery,ring,unequal,1,late,50,240,True
12101,discovery,ring,unequal,1,repeated,130,240,True
12101,discovery,random,equal,0,early,40,400,False
12101,discovery,random,equal,0,late,60,240,False
12101,discovery,random,equal,0,repeated,40,240,False
12101,discovery,random,equal,1,early,60,400,True
12101,discovery,random,equal,1,late,60,240,False
12101,discovery,random,equal,1,repeated,60,240,False
12101,discovery,random,unequal,0,early,40,400,False
12101,discovery,random,unequal,0,late,40,240,True
12101,discovery,random,unequal,0,repeated,50,240,False
12101,discovery,random,unequal,1,early,,400,False
12101,discovery,random,unequal,1,late,70,240,False
12101,discovery,random,unequal,1,repeated,110,240,False
12101,discovery,hub,equal,0,early,40,400,True
12101,discovery,hub,equal,0,late,110,240,True
12101,discovery,hub,equal,0,repeated,40,240,False
12101,discovery,hub,equal,1,early,,400,False
12101,discovery,hub,equal,1,late,70,240,True
12101,discovery,hub,equal,1,repeated,240,240,False
12101,discovery,hub,unequal,0,early,110,400,False
12101,discovery,hub,unequal,0,late,80,240,False
12101,discovery,hub,unequal,0,repeated,40,240,True
12101,discovery,hub,unequal,1,early,,400,False
12101,discovery,hub,unequal,1,late,110,240,True
12101,discovery,hub,unequal,1,repeated,100,240,False
12102,discovery,ring,equal,0,early,40,400,True
12102,discovery,ring,equal,0,late,60,240,True
12102,discovery,ring,equal,0,repeated,40,240,True
12102,discovery,ring,equal,1,early,50,400,True
12102,discovery,ring,equal,1,late,50,240,False
12102,discovery,ring,equal,1,repeated,50,240,False
12102,discovery,ring,unequal,0,early,40,400,True
12102,discovery,ring,unequal,0,late,40,240,True
12102,discovery,ring,unequal,0,repeated,40,240,True
12102,discovery,ring,unequal,1,early,50,400,False
12102,discovery,ring,unequal,1,late,140,240,True
12102,discovery,ring,unequal,1,repeated,50,240,False
12102,discovery,random,equal,0,early,40,400,False
12102,discovery,random,equal,0,late,60,240,False
12102,discovery,random,equal,0,repeated,40,240,False
12102,discovery,random,equal,1,early,110,400,False
12102,discovery,random,equal,1,late,50,240,False
12102,discovery,random,equal,1,repeated,50,240,False
12102,discovery,random,unequal,0,early,40,400,True
12102,discovery,random,unequal,0,late,60,240,False
12102,discovery,random,unequal,0,repeated,30,240,True
12102,discovery,random,unequal,1,early,150,400,True
12102,discovery,random,unequal,1,late,70,240,False
12102,discovery,random,unequal,1,repeated,70,240,False
12102,discovery,hub,equal,0,early,40,400,False
12102,discovery,hub,equal,0,late,220,240,True
12102,discovery,hub,equal,0,repeated,100,240,False
12102,discovery,hub,equal,1,early,60,400,False
12102,discovery,hub,equal,1,late,50,240,True
12102,discovery,hub,equal,1,repeated,70,240,False
12102,discovery,hub,unequal,0,early,60,400,False
12102,discovery,hub,unequal,0,late,80,240,False
12102,discovery,hub,unequal,0,repeated,100,240,True
12102,discovery,hub,unequal,1,early,130,400,False
12102,discovery,hub,unequal,1,late,,240,False
12102,discovery,hub,unequal,1,repeated,60,240,False
12103,discovery,ring,equal,0,early,40,400,True
12103,discovery,ring,equal,0,late,40,240,False
12103,discovery,ring,equal,0,repeated,50,240,True
12103,discovery,ring,equal,1,early,120,400,False
12103,discovery,ring,equal,1,late,100,240,False
12103,discovery,ring,equal,1,repeated,90,240,False
12103,discovery,ring,unequal,0,early,40,400,False
12103,discovery,ring,unequal,0,late,30,240,True
12103,discovery,ring,unequal,0,repeated,50,240,False
12103,discovery,ring,unequal,1,early,50,400,True
12103,discovery,ring,unequal,1,late,50,240,True
12103,discovery,ring,unequal,1,repeated,60,240,False
12103,discovery,random,equal,0,early,80,400,True
12103,discovery,random,equal,0,late,70,240,False
12103,discovery,random,equal,0,repeated,40,240,True
12103,discovery,random,equal,1,early,50,400,False
12103,discovery,random,equal,1,late,80,240,False
12103,discovery,random,equal,1,repeated,50,240,False
12103,discovery,random,unequal,0,early,40,400,True
12103,discovery,random,unequal,0,late,40,240,True
12103,discovery,random,unequal,0,repeated,60,240,False
12103,discovery,random,unequal,1,early,70,400,False
12103,discovery,random,unequal,1,late,90,240,False
12103,discovery,random,unequal,1,repeated,50,240,True
12103,discovery,hub,equal,0,early,40,400,False
12103,discovery,hub,equal,0,late,90,240,False
12103,discovery,hub,equal,0,repeated,30,240,True
12103,discovery,hub,equal,1,early,40,400,False
12103,discovery,hub,equal,1,late,,240,False
12103,discovery,hub,equal,1,repeated,50,240,False
12103,discovery,hub,unequal,0,early,40,400,False
12103,discovery,hub,unequal,0,late,,240,False
12103,discovery,hub,unequal,0,repeated,40,240,False
12103,discovery,hub,unequal,1,early,80,400,True
12103,discovery,hub,unequal,1,late,90,240,False
12103,discovery,hub,unequal,1,repeated,100,240,False
12104,discovery,ring,equal,0,early,40,400,False
12104,discovery,ring,equal,0,late,40,240,True
12104,discovery,ring,equal,0,repeated,40,240,True
12104,discovery,ring,equal,1,early,100,400,False
12104,discovery,ring,equal,1,late,160,240,False
12104,discovery,ring,equal,1,repeated,50,240,False
12104,discovery,ring,unequal,0,early,40,400,False
12104,discovery,ring,unequal,0,late,40,240,False
12104,discovery,ring,unequal,0,repeated,40,240,True
12104,discovery,ring,unequal,1,early,140,400,False
12104,discovery,ring,unequal,1,late,50,240,True
12104,discovery,ring,unequal,1,repeated,60,240,False
12104,discovery,random,equal,0,early,80,400,True
12104,discovery,random,equal,0,late,40,240,True
12104,discovery,random,equal,0,repeated,40,240,True
12104,discovery,random,equal,1,early,50,400,False
12104,discovery,random,equal,1,late,50,240,False
12104,discovery,random,equal,1,repeated,100,240,False
12104,discovery,random,unequal,0,early,40,400,False
12104,discovery,random,unequal,0,late,40,240,False
12104,discovery,random,unequal,0,repeated,40,240,False
12104,discovery,random,unequal,1,early,50,400,False
12104,discovery,random,unequal,1,late,50,240,False
12104,discovery,random,unequal,1,repeated,70,240,False
12104,discovery,hub,equal,0,early,40,400,False
12104,discovery,hub,equal,0,late,170,240,False
12104,discovery,hub,equal,0,repeated,40,240,True
12104,discovery,hub,equal,1,early,90,400,False
12104,discovery,hub,equal,1,late,50,240,False
12104,discovery,hub,equal,1,repeated,50,240,False
12104,discovery,hub,unequal,0,early,40,400,True
12104,discovery,hub,unequal,0,late,40,240,True
12104,discovery,hub,unequal,0,repeated,40,240,True
12104,discovery,hub,unequal,1,early,50,400,False
12104,discovery,hub,unequal,1,late,40,240,False
12104,discovery,hub,unequal,1,repeated,50,240,False
12105,discovery,ring,equal,0,early,40,400,False
12105,discovery,ring,equal,0,late,40,240,True
12105,discovery,ring,equal,0,repeated,40,240,True
12105,discovery,ring,equal,1,early,50,400,False
12105,discovery,ring,equal,1,late,50,240,False
12105,discovery,ring,equal,1,repeated,50,240,False
12105,discovery,ring,unequal,0,early,40,400,True
12105,discovery,ring,unequal,0,late,40,240,True
12105,discovery,ring,unequal,0,repeated,60,240,False
12105,discovery,ring,unequal,1,early,90,400,False
12105,discovery,ring,unequal,1,late,50,240,False
12105,discovery,ring,unequal,1,repeated,90,240,False
12105,discovery,random,equal,0,early,40,400,False
12105,discovery,random,equal,0,late,40,240,True
12105,discovery,random,equal,0,repeated,40,240,True
12105,discovery,random,equal,1,early,50,400,False
12105,discovery,random,equal,1,late,60,240,False
12105,discovery,random,equal,1,repeated,50,240,False
12105,discovery,random,unequal,0,early,60,400,True
12105,discovery,random,unequal,0,late,70,240,True
12105,discovery,random,unequal,0,repeated,40,240,False
12105,discovery,random,unequal,1,early,120,400,False
12105,discovery,random,unequal,1,late,50,240,True
12105,discovery,random,unequal,1,repeated,50,240,True
12105,discovery,hub,equal,0,early,40,400,True
12105,discovery,hub,equal,0,late,190,240,True
12105,discovery,hub,equal,0,repeated,40,240,True
12105,discovery,hub,equal,1,early,320,400,True
12105,discovery,hub,equal,1,late,230,240,False
12105,discovery,hub,equal,1,repeated,210,240,True
12105,discovery,hub,unequal,0,early,40,400,True
12105,discovery,hub,unequal,0,late,40,240,True
12105,discovery,hub,unequal,0,repeated,40,240,True
12105,discovery,hub,unequal,1,early,70,400,True
12105,discovery,hub,unequal,1,late,,240,False
12105,discovery,hub,unequal,1,repeated,50,240,True
12106,discovery,ring,equal,0,early,40,400,False
12106,discovery,ring,equal,0,late,40,240,False
12106,discovery,ring,equal,0,repeated,40,240,True
12106,discovery,ring,equal,1,early,50,400,False
12106,discovery,ring,equal,1,late,50,240,False
12106,discovery,ring,equal,1,repeated,50,240,False
12106,discovery,ring,unequal,0,early,50,400,True
12106,discovery,ring,unequal,0,late,30,240,True
12106,discovery,ring,unequal,0,repeated,30,240,False
12106,discovery,ring,unequal,1,early,40,400,False
12106,discovery,ring,unequal,1,late,50,240,False
12106,discovery,ring,unequal,1,repeated,50,240,False
12106,discovery,random,equal,0,early,40,400,False
12106,discovery,random,equal,0,late,30,240,False
12106,discovery,random,equal,0,repeated,60,240,True
12106,discovery,random,equal,1,early,100,400,False
12106,discovery,random,equal,1,late,70,240,True
12106,discovery,random,equal,1,repeated,50,240,False
12106,discovery,random,unequal,0,early,40,400,False
12106,discovery,random,unequal,0,late,30,240,False
12106,discovery,random,unequal,0,repeated,40,240,False
12106,discovery,random,unequal,1,early,50,400,False
12106,discovery,random,unequal,1,late,70,240,False
12106,discovery,random,unequal,1,repeated,220,240,True
12106,discovery,hub,equal,0,early,100,400,False
12106,discovery,hub,equal,0,late,50,240,True
12106,discovery,hub,equal,0,repeated,190,240,False
12106,discovery,hub,equal,1,early,60,400,True
12106,discovery,hub,equal,1,late,50,240,False
12106,discovery,hub,equal,1,repeated,,240,False
12106,discovery,hub,unequal,0,early,40,400,True
12106,discovery,hub,unequal,0,late,40,240,True
12106,discovery,hub,unequal,0,repeated,40,240,True
12106,discovery,hub,unequal,1,early,140,400,False
12106,discovery,hub,unequal,1,late,100,240,False
12106,discovery,hub,unequal,1,repeated,50,240,False
12107,discovery,ring,equal,0,early,30,400,True
12107,discovery,ring,equal,0,late,40,240,True
12107,discovery,ring,equal,0,repeated,50,240,True
12107,discovery,ring,equal,1,early,70,400,False
12107,discovery,ring,equal,1,late,100,240,True
12107,discovery,ring,equal,1,repeated,50,240,False
12107,discovery,ring,unequal,0,early,30,400,False
12107,discovery,ring,unequal,0,late,40,240,True
12107,discovery,ring,unequal,0,repeated,40,240,True
12107,discovery,ring,unequal,1,early,70,400,False
12107,discovery,ring,unequal,1,late,50,240,False
12107,discovery,ring,unequal,1,repeated,50,240,True
12107,discovery,random,equal,0,early,40,400,False
12107,discovery,random,equal,0,late,70,240,False
12107,discovery,random,equal,0,repeated,40,240,True
12107,discovery,random,equal,1,early,100,400,True
12107,discovery,random,equal,1,late,,240,False
12107,discovery,random,equal,1,repeated,70,240,True
12107,discovery,random,unequal,0,early,40,400,False
12107,discovery,random,unequal,0,late,40,240,False
12107,discovery,random,unequal,0,repeated,40,240,False
12107,discovery,random,unequal,1,early,60,400,False
12107,discovery,random,unequal,1,late,90,240,False
12107,discovery,random,unequal,1,repeated,60,240,True
12107,discovery,hub,equal,0,early,330,400,True
12107,discovery,hub,equal,0,late,40,240,True
12107,discovery,hub,equal,0,repeated,40,240,True
12107,discovery,hub,equal,1,early,130,400,True
12107,discovery,hub,equal,1,late,60,240,True
12107,discovery,hub,equal,1,repeated,60,240,False
12107,discovery,hub,unequal,0,early,50,400,True
12107,discovery,hub,unequal,0,late,40,240,True
12107,discovery,hub,unequal,0,repeated,40,240,False
12107,discovery,hub,unequal,1,early,70,400,False
12107,discovery,hub,unequal,1,late,60,240,True
12107,discovery,hub,unequal,1,repeated,50,240,True
12108,discovery,ring,equal,0,early,40,400,False
12108,discovery,ring,equal,0,late,40,240,True
12108,discovery,ring,equal,0,repeated,40,240,True
12108,discovery,ring,equal,1,early,60,400,False
12108,discovery,ring,equal,1,late,50,240,False
12108,discovery,ring,equal,1,repeated,60,240,False
12108,discovery,ring,unequal,0,early,70,400,True
12108,discovery,ring,unequal,0,late,40,240,True
12108,discovery,ring,unequal,0,repeated,40,240,False
12108,discovery,ring,unequal,1,early,40,400,False
12108,discovery,ring,unequal,1,late,50,240,False
12108,discovery,ring,unequal,1,repeated,60,240,True
12108,discovery,random,equal,0,early,40,400,True
12108,discovery,random,equal,0,late,130,240,False
12108,discovery,random,equal,0,repeated,40,240,False
12108,discovery,random,equal,1,early,130,400,False
12108,discovery,random,equal,1,late,120,240,False
12108,discovery,random,equal,1,repeated,130,240,False
12108,discovery,random,unequal,0,early,40,400,True
12108,discovery,random,unequal,0,late,40,240,False
12108,discovery,random,unequal,0,repeated,50,240,True
12108,discovery,random,unequal,1,early,70,400,False
12108,discovery,random,unequal,1,late,70,240,True
12108,discovery,random,unequal,1,repeated,50,240,False
12108,discovery,hub,equal,0,early,40,400,True
12108,discovery,hub,equal,0,late,40,240,True
12108,discovery,hub,equal,0,repeated,40,240,True
12108,discovery,hub,equal,1,early,40,400,True
12108,discovery,hub,equal,1,late,70,240,False
12108,discovery,hub,equal,1,repeated,50,240,False
12108,discovery,hub,unequal,0,early,40,400,False
12108,discovery,hub,unequal,0,late,150,240,False
12108,discovery,hub,unequal,0,repeated,50,240,False
12108,discovery,hub,unequal,1,early,40,400,False
12108,discovery,hub,unequal,1,late,120,240,False
12108,discovery,hub,unequal,1,repeated,50,240,True
12109,discovery,ring,equal,0,early,40,400,True
12109,discovery,ring,equal,0,late,40,240,True
12109,discovery,ring,equal,0,repeated,40,240,True
12109,discovery,ring,equal,1,early,50,400,True
12109,discovery,ring,equal,1,late,50,240,False
12109,discovery,ring,equal,1,repeated,70,240,False
12109,discovery,ring,unequal,0,early,40,400,True
12109,discovery,ring,unequal,0,late,40,240,True
12109,discovery,ring,unequal,0,repeated,40,240,True
12109,discovery,ring,unequal,1,early,60,400,False
12109,discovery,ring,unequal,1,late,50,240,True
12109,discovery,ring,unequal,1,repeated,50,240,True
12109,discovery,random,equal,0,early,40,400,False
12109,discovery,random,equal,0,late,40,240,False
12109,discovery,random,equal,0,repeated,,240,False
12109,discovery,random,equal,1,early,50,400,True
12109,discovery,random,equal,1,late,50,240,False
12109,discovery,random,equal,1,repeated,60,240,False
12109,discovery,random,unequal,0,early,40,400,False
12109,discovery,random,unequal,0,late,60,240,False
12109,discovery,random,unequal,0,repeated,40,240,False
12109,discovery,random,unequal,1,early,120,400,False
12109,discovery,random,unequal,1,late,120,240,True
12109,discovery,random,unequal,1,repeated,50,240,False
12109,discovery,hub,equal,0,early,40,400,False
12109,discovery,hub,equal,0,late,40,240,True
12109,discovery,hub,equal,0,repeated,40,240,True
12109,discovery,hub,equal,1,early,60,400,False
12109,discovery,hub,equal,1,late,90,240,False
12109,discovery,hub,equal,1,repeated,,240,False
12109,discovery,hub,unequal,0,early,40,400,True
12109,discovery,hub,unequal,0,late,150,240,True
12109,discovery,hub,unequal,0,repeated,40,240,True
12109,discovery,hub,unequal,1,early,160,400,False
12109,discovery,hub,unequal,1,late,50,240,True
12109,discovery,hub,unequal,1,repeated,50,240,False
12110,discovery,ring,equal,0,early,40,400,False
12110,discovery,ring,equal,0,late,40,240,False
12110,discovery,ring,equal,0,repeated,40,240,False
12110,discovery,ring,equal,1,early,60,400,False
12110,discovery,ring,equal,1,late,50,240,False
12110,discovery,ring,equal,1,repeated,100,240,True
12110,discovery,ring,unequal,0,early,50,400,False
12110,discovery,ring,unequal,0,late,40,240,False
12110,discovery,ring,unequal,0,repeated,40,240,False
12110,discovery,ring,unequal,1,early,50,400,True
12110,discovery,ring,unequal,1,late,60,240,False
12110,discovery,ring,unequal,1,repeated,50,240,False
12110,discovery,random,equal,0,early,40,400,True
12110,discovery,random,equal,0,late,40,240,False
12110,discovery,random,equal,0,repeated,40,240,True
12110,discovery,random,equal,1,early,50,400,False
12110,discovery,random,equal,1,late,140,240,False
12110,discovery,random,equal,1,repeated,50,240,True
12110,discovery,random,unequal,0,early,80,400,False
12110,discovery,random,unequal,0,late,50,240,False
12110,discovery,random,unequal,0,repeated,80,240,False
12110,discovery,random,unequal,1,early,50,400,False
12110,discovery,random,unequal,1,late,60,240,True
12110,discovery,random,unequal,1,repeated,50,240,False
12110,discovery,hub,equal,0,early,60,400,False
12110,discovery,hub,equal,0,late,40,240,False
12110,discovery,hub,equal,0,repeated,40,240,False
12110,discovery,hub,equal,1,early,50,400,False
12110,discovery,hub,equal,1,late,60,240,False
12110,discovery,hub,equal,1,repeated,220,240,True
12110,discovery,hub,unequal,0,early,60,400,False
12110,discovery,hub,unequal,0,late,,240,False
12110,discovery,hub,unequal,0,repeated,50,240,True
12110,discovery,hub,unequal,1,early,60,400,False
12110,discovery,hub,unequal,1,late,,240,False
12110,discovery,hub,unequal,1,repeated,60,240,False
12111,discovery,ring,equal,0,early,40,400,False
12111,discovery,ring,equal,0,late,40,240,True
12111,discovery,ring,equal,0,repeated,40,240,True
12111,discovery,ring,equal,1,early,50,400,False
12111,discovery,ring,equal,1,late,50,240,False
12111,discovery,ring,equal,1,repeated,100,240,False
12111,discovery,ring,unequal,0,early,210,400,True
12111,discovery,ring,unequal,0,late,40,240,True
12111,discovery,ring,unequal,0,repeated,40,240,True
12111,discovery,ring,unequal,1,early,50,400,True
12111,discovery,ring,unequal,1,late,80,240,False
12111,discovery,ring,unequal,1,repeated,50,240,True
12111,discovery,random,equal,0,early,40,400,True
12111,discovery,random,equal,0,late,40,240,True
12111,discovery,random,equal,0,repeated,40,240,True
12111,discovery,random,equal,1,early,50,400,False
12111,discovery,random,equal,1,late,120,240,False
12111,discovery,random,equal,1,repeated,130,240,False
12111,discovery,random,unequal,0,early,40,400,False
12111,discovery,random,unequal,0,late,40,240,True
12111,discovery,random,unequal,0,repeated,40,240,True
12111,discovery,random,unequal,1,early,50,400,True
12111,discovery,random,unequal,1,late,50,240,False
12111,discovery,random,unequal,1,repeated,50,240,False
12111,discovery,hub,equal,0,early,60,400,False
12111,discovery,hub,equal,0,late,40,240,True
12111,discovery,hub,equal,0,repeated,40,240,True
12111,discovery,hub,equal,1,early,70,400,False
12111,discovery,hub,equal,1,late,60,240,False
12111,discovery,hub,equal,1,repeated,70,240,False
12111,discovery,hub,unequal,0,early,,400,False
12111,discovery,hub,unequal,0,late,40,240,False
12111,discovery,hub,unequal,0,repeated,50,240,False
12111,discovery,hub,unequal,1,early,50,400,False
12111,discovery,hub,unequal,1,late,,240,False
12111,discovery,hub,unequal,1,repeated,,240,False
22100,replication,ring,equal,0,early,40,400,True
22100,replication,ring,equal,0,late,60,240,True
22100,replication,ring,equal,0,repeated,40,240,True
22100,replication,ring,equal,1,early,60,400,True
22100,replication,ring,equal,1,late,120,240,True
22100,replication,ring,equal,1,repeated,80,240,True
22100,replication,ring,unequal,0,early,40,400,False
22100,replication,ring,unequal,0,late,40,240,True
22100,replication,ring,unequal,0,repeated,40,240,True
22100,replication,ring,unequal,1,early,50,400,False
22100,replication,ring,unequal,1,late,60,240,False
22100,replication,ring,unequal,1,repeated,50,240,True
22100,replication,random,equal,0,early,40,400,False
22100,replication,random,equal,0,late,40,240,False
22100,replication,random,equal,0,repeated,40,240,False
22100,replication,random,equal,1,early,50,400,True
22100,replication,random,equal,1,late,100,240,True
22100,replication,random,equal,1,repeated,50,240,True
22100,replication,random,unequal,0,early,40,400,False
22100,replication,random,unequal,0,late,40,240,False
22100,replication,random,unequal,0,repeated,40,240,True
22100,replication,random,unequal,1,early,60,400,False
22100,replication,random,unequal,1,late,140,240,False
22100,replication,random,unequal,1,repeated,50,240,True
22100,replication,hub,equal,0,early,40,400,False
22100,replication,hub,equal,0,late,40,240,True
22100,replication,hub,equal,0,repeated,40,240,False
22100,replication,hub,equal,1,early,90,400,False
22100,replication,hub,equal,1,late,60,240,False
22100,replication,hub,equal,1,repeated,,240,False
22100,replication,hub,unequal,0,early,30,400,False
22100,replication,hub,unequal,0,late,40,240,True
22100,replication,hub,unequal,0,repeated,40,240,False
22100,replication,hub,unequal,1,early,,400,False
22100,replication,hub,unequal,1,late,40,240,True
22100,replication,hub,unequal,1,repeated,50,240,False
22101,replication,ring,equal,0,early,40,400,True
22101,replication,ring,equal,0,late,40,240,True
22101,replication,ring,equal,0,repeated,40,240,True
22101,replication,ring,equal,1,early,110,400,False
22101,replication,ring,equal,1,late,60,240,False
22101,replication,ring,equal,1,repeated,50,240,True
22101,replication,ring,unequal,0,early,50,400,False
22101,replication,ring,unequal,0,late,40,240,True
22101,replication,ring,unequal,0,repeated,40,240,False
22101,replication,ring,unequal,1,early,70,400,False
22101,replication,ring,unequal,1,late,60,240,False
22101,replication,ring,unequal,1,repeated,50,240,False
22101,replication,random,equal,0,early,40,400,False
22101,replication,random,equal,0,late,80,240,False
22101,replication,random,equal,0,repeated,80,240,False
22101,replication,random,equal,1,early,50,400,True
22101,replication,random,equal,1,late,100,240,False
22101,replication,random,equal,1,repeated,70,240,False
22101,replication,random,unequal,0,early,70,400,False
22101,replication,random,unequal,0,late,40,240,True
22101,replication,random,unequal,0,repeated,40,240,False
22101,replication,random,unequal,1,early,100,400,False
22101,replication,random,unequal,1,late,50,240,False
22101,replication,random,unequal,1,repeated,170,240,True
22101,replication,hub,equal,0,early,40,400,True
22101,replication,hub,equal,0,late,130,240,False
22101,replication,hub,equal,0,repeated,,240,False
22101,replication,hub,equal,1,early,60,400,False
22101,replication,hub,equal,1,late,,240,False
22101,replication,hub,equal,1,repeated,70,240,False
22101,replication,hub,unequal,0,early,70,400,False
22101,replication,hub,unequal,0,late,50,240,True
22101,replication,hub,unequal,0,repeated,40,240,False
22101,replication,hub,unequal,1,early,90,400,True
22101,replication,hub,unequal,1,late,,240,False
22101,replication,hub,unequal,1,repeated,70,240,False
22102,replication,ring,equal,0,early,40,400,False
22102,replication,ring,equal,0,late,40,240,True
22102,replication,ring,equal,0,repeated,40,240,False
22102,replication,ring,equal,1,early,50,400,False
22102,replication,ring,equal,1,late,60,240,False
22102,replication,ring,equal,1,repeated,50,240,False
22102,replication,ring,unequal,0,early,40,400,False
22102,replication,ring,unequal,0,late,40,240,True
22102,replication,ring,unequal,0,repeated,50,240,False
22102,replication,ring,unequal,1,early,90,400,False
22102,replication,ring,unequal,1,late,60,240,False
22102,replication,ring,unequal,1,repeated,60,240,False
22102,replication,random,equal,0,early,60,400,False
22102,replication,random,equal,0,late,40,240,True
22102,replication,random,equal,0,repeated,40,240,False
22102,replication,random,equal,1,early,40,400,False
22102,replication,random,equal,1,late,60,240,False
22102,replication,random,equal,1,repeated,70,240,False
22102,replication,random,unequal,0,early,40,400,True
22102,replication,random,unequal,0,late,40,240,False
22102,replication,random,unequal,0,repeated,40,240,False
22102,replication,random,unequal,1,early,70,400,False
22102,replication,random,unequal,1,late,80,240,True
22102,replication,random,unequal,1,repeated,130,240,False
22102,replication,hub,equal,0,early,40,400,False
22102,replication,hub,equal,0,late,40,240,False
22102,replication,hub,equal,0,repeated,,240,False
22102,replication,hub,equal,1,early,90,400,False
22102,replication,hub,equal,1,late,,240,False
22102,replication,hub,equal,1,repeated,100,240,False
22102,replication,hub,unequal,0,early,40,400,True
22102,replication,hub,unequal,0,late,40,240,True
22102,replication,hub,unequal,0,repeated,40,240,True
22102,replication,hub,unequal,1,early,50,400,True
22102,replication,hub,unequal,1,late,80,240,True
22102,replication,hub,unequal,1,repeated,70,240,True
22103,replication,ring,equal,0,early,40,400,False
22103,replication,ring,equal,0,late,40,240,True
22103,replication,ring,equal,0,repeated,40,240,True
22103,replication,ring,equal,1,early,60,400,True
22103,replication,ring,equal,1,late,50,240,True
22103,replication,ring,equal,1,repeated,100,240,False
22103,replication,ring,unequal,0,early,40,400,False
22103,replication,ring,unequal,0,late,40,240,False
22103,replication,ring,unequal,0,repeated,40,240,True
22103,replication,ring,unequal,1,early,80,400,False
22103,replication,ring,unequal,1,late,50,240,True
22103,replication,ring,unequal,1,repeated,50,240,False
22103,replication,random,equal,0,early,60,400,True
22103,replication,random,equal,0,late,40,240,False
22103,replication,random,equal,0,repeated,40,240,False
22103,replication,random,equal,1,early,100,400,True
22103,replication,random,equal,1,late,70,240,False
22103,replication,random,equal,1,repeated,70,240,False
22103,replication,random,unequal,0,early,40,400,False
22103,replication,random,unequal,0,late,40,240,True
22103,replication,random,unequal,0,repeated,50,240,False
22103,replication,random,unequal,1,early,50,400,False
22103,replication,random,unequal,1,late,50,240,False
22103,replication,random,unequal,1,repeated,80,240,False
22103,replication,hub,equal,0,early,40,400,False
22103,replication,hub,equal,0,late,100,240,True
22103,replication,hub,equal,0,repeated,40,240,False
22103,replication,hub,equal,1,early,80,400,False
22103,replication,hub,equal,1,late,50,240,True
22103,replication,hub,equal,1,repeated,110,240,False
22103,replication,hub,unequal,0,early,60,400,False
22103,replication,hub,unequal,0,late,40,240,True
22103,replication,hub,unequal,0,repeated,40,240,False
22103,replication,hub,unequal,1,early,150,400,False
22103,replication,hub,unequal,1,late,50,240,True
22103,replication,hub,unequal,1,repeated,,240,False
22104,replication,ring,equal,0,early,40,400,True
22104,replication,ring,equal,0,late,30,240,True
22104,replication,ring,equal,0,repeated,40,240,True
22104,replication,ring,equal,1,early,180,400,False
22104,replication,ring,equal,1,late,50,240,False
22104,replication,ring,equal,1,repeated,50,240,True
22104,replication,ring,unequal,0,early,40,400,False
22104,replication,ring,unequal,0,late,30,240,True
22104,replication,ring,unequal,0,repeated,30,240,True
22104,replication,ring,unequal,1,early,50,400,False
22104,replication,ring,unequal,1,late,50,240,False
22104,replication,ring,unequal,1,repeated,50,240,True
22104,replication,random,equal,0,early,40,400,False
22104,replication,random,equal,0,late,40,240,True
22104,replication,random,equal,0,repeated,60,240,False
22104,replication,random,equal,1,early,50,400,False
22104,replication,random,equal,1,late,60,240,False
22104,replication,random,equal,1,repeated,70,240,False
22104,replication,random,unequal,0,early,40,400,False
22104,replication,random,unequal,0,late,40,240,False
22104,replication,random,unequal,0,repeated,30,240,True
22104,replication,random,unequal,1,early,,400,False
22104,replication,random,unequal,1,late,90,240,False
22104,replication,random,unequal,1,repeated,,240,False
22104,replication,hub,equal,0,early,190,400,True
22104,replication,hub,equal,0,late,40,240,False
22104,replication,hub,equal,0,repeated,30,240,False
22104,replication,hub,equal,1,early,,400,False
22104,replication,hub,equal,1,late,50,240,False
22104,replication,hub,equal,1,repeated,50,240,True
22104,replication,hub,unequal,0,early,40,400,False
22104,replication,hub,unequal,0,late,40,240,False
22104,replication,hub,unequal,0,repeated,60,240,False
22104,replication,hub,unequal,1,early,70,400,True
22104,replication,hub,unequal,1,late,,240,False
22104,replication,hub,unequal,1,repeated,,240,False
22105,replication,ring,equal,0,early,40,400,True
22105,replication,ring,equal,0,late,40,240,False
22105,replication,ring,equal,0,repeated,40,240,False
22105,replication,ring,equal,1,early,100,400,False
22105,replication,ring,equal,1,late,50,240,True
22105,replication,ring,equal,1,repeated,50,240,False
22105,replication,ring,unequal,0,early,40,400,True
22105,replication,ring,unequal,0,late,40,240,True
22105,replication,ring,unequal,0,repeated,60,240,False
22105,replication,ring,unequal,1,early,70,400,True
22105,replication,ring,unequal,1,late,90,240,True
22105,replication,ring,unequal,1,repeated,120,240,False
22105,replication,random,equal,0,early,40,400,True
22105,replication,random,equal,0,late,50,240,False
22105,replication,random,equal,0,repeated,40,240,False
22105,replication,random,equal,1,early,50,400,False
22105,replication,random,equal,1,late,200,240,False
22105,replication,random,equal,1,repeated,50,240,False
22105,replication,random,unequal,0,early,40,400,False
22105,replication,random,unequal,0,late,40,240,False
22105,replication,random,unequal,0,repeated,70,240,False
22105,replication,random,unequal,1,early,80,400,False
22105,replication,random,unequal,1,late,,240,False
22105,replication,random,unequal,1,repeated,40,240,False
22105,replication,hub,equal,0,early,40,400,False
22105,replication,hub,equal,0,late,40,240,True
22105,replication,hub,equal,0,repeated,40,240,False
22105,replication,hub,equal,1,early,40,400,False
22105,replication,hub,equal,1,late,60,240,False
22105,replication,hub,equal,1,repeated,,240,False
22105,replication,hub,unequal,0,early,60,400,False
22105,replication,hub,unequal,0,late,230,240,False
22105,replication,hub,unequal,0,repeated,40,240,False
22105,replication,hub,unequal,1,early,50,400,False
22105,replication,hub,unequal,1,late,60,240,True
22105,replication,hub,unequal,1,repeated,60,240,False
22106,replication,ring,equal,0,early,40,400,False
22106,replication,ring,equal,0,late,30,240,True
22106,replication,ring,equal,0,repeated,50,240,False
22106,replication,ring,equal,1,early,110,400,False
22106,replication,ring,equal,1,late,50,240,False
22106,replication,ring,equal,1,repeated,100,240,True
22106,replication,ring,unequal,0,early,40,400,True
22106,replication,ring,unequal,0,late,40,240,True
22106,replication,ring,unequal,0,repeated,40,240,True
22106,replication,ring,unequal,1,early,120,400,False
22106,replication,ring,unequal,1,late,60,240,False
22106,replication,ring,unequal,1,repeated,60,240,True
22106,replication,random,equal,0,early,40,400,False
22106,replication,random,equal,0,late,40,240,False
22106,replication,random,equal,0,repeated,40,240,False
22106,replication,random,equal,1,early,50,400,False
22106,replication,random,equal,1,late,100,240,True
22106,replication,random,equal,1,repeated,50,240,True
22106,replication,random,unequal,0,early,40,400,True
22106,replication,random,unequal,0,late,40,240,False
22106,replication,random,unequal,0,repeated,50,240,False
22106,replication,random,unequal,1,early,110,400,False
22106,replication,random,unequal,1,late,60,240,False
22106,replication,random,unequal,1,repeated,50,240,False
22106,replication,hub,equal,0,early,,400,False
22106,replication,hub,equal,0,late,50,240,True
22106,replication,hub,equal,0,repeated,,240,False
22106,replication,hub,equal,1,early,,400,False
22106,replication,hub,equal,1,late,70,240,False
22106,replication,hub,equal,1,repeated,,240,False
22106,replication,hub,unequal,0,early,50,400,False
22106,replication,hub,unequal,0,late,40,240,False
22106,replication,hub,unequal,0,repeated,90,240,True
22106,replication,hub,unequal,1,early,250,400,False
22106,replication,hub,unequal,1,late,,240,False
22106,replication,hub,unequal,1,repeated,70,240,False
22107,replication,ring,equal,0,early,30,400,False
22107,replication,ring,equal,0,late,40,240,False
22107,replication,ring,equal,0,repeated,40,240,True
22107,replication,ring,equal,1,early,50,400,False
22107,replication,ring,equal,1,late,80,240,True
22107,replication,ring,equal,1,repeated,50,240,False
22107,replication,ring,unequal,0,early,60,400,True
22107,replication,ring,unequal,0,late,40,240,True
22107,replication,ring,unequal,0,repeated,70,240,True
22107,replication,ring,unequal,1,early,50,400,False
22107,replication,ring,unequal,1,late,50,240,False
22107,replication,ring,unequal,1,repeated,50,240,True
22107,replication,random,equal,0,early,50,400,False
22107,replication,random,equal,0,late,40,240,False
22107,replication,random,equal,0,repeated,40,240,False
22107,replication,random,equal,1,early,70,400,False
22107,replication,random,equal,1,late,50,240,False
22107,replication,random,equal,1,repeated,50,240,False
22107,replication,random,unequal,0,early,30,400,False
22107,replication,random,unequal,0,late,40,240,False
22107,replication,random,unequal,0,repeated,40,240,True
22107,replication,random,unequal,1,early,90,400,True
22107,replication,random,unequal,1,late,50,240,False
22107,replication,random,unequal,1,repeated,140,240,False
22107,replication,hub,equal,0,early,50,400,True
22107,replication,hub,equal,0,late,70,240,True
22107,replication,hub,equal,0,repeated,70,240,True
22107,replication,hub,equal,1,early,100,400,True
22107,replication,hub,equal,1,late,50,240,True
22107,replication,hub,equal,1,repeated,190,240,True
22107,replication,hub,unequal,0,early,30,400,False
22107,replication,hub,unequal,0,late,70,240,True
22107,replication,hub,unequal,0,repeated,40,240,False
22107,replication,hub,unequal,1,early,70,400,True
22107,replication,hub,unequal,1,late,70,240,False
22107,replication,hub,unequal,1,repeated,60,240,False
22108,replication,ring,equal,0,early,40,400,True
22108,replication,ring,equal,0,late,60,240,True
22108,replication,ring,equal,0,repeated,40,240,True
22108,replication,ring,equal,1,early,60,400,False
22108,replication,ring,equal,1,late,70,240,False
22108,replication,ring,equal,1,repeated,80,240,True
22108,replication,ring,unequal,0,early,50,400,True
22108,replication,ring,unequal,0,late,40,240,False
22108,replication,ring,unequal,0,repeated,40,240,True
22108,replication,ring,unequal,1,early,50,400,True
22108,replication,ring,unequal,1,late,50,240,False
22108,replication,ring,unequal,1,repeated,60,240,False
22108,replication,random,equal,0,early,50,400,True
22108,replication,random,equal,0,late,40,240,False
22108,replication,random,equal,0,repeated,60,240,False
22108,replication,random,equal,1,early,60,400,False
22108,replication,random,equal,1,late,80,240,False
22108,replication,random,equal,1,repeated,70,240,False
22108,replication,random,unequal,0,early,40,400,False
22108,replication,random,unequal,0,late,80,240,False
22108,replication,random,unequal,0,repeated,60,240,False
22108,replication,random,unequal,1,early,90,400,False
22108,replication,random,unequal,1,late,60,240,False
22108,replication,random,unequal,1,repeated,60,240,True
22108,replication,hub,equal,0,early,40,400,False
22108,replication,hub,equal,0,late,40,240,False
22108,replication,hub,equal,0,repeated,120,240,False
22108,replication,hub,equal,1,early,50,400,False
22108,replication,hub,equal,1,late,50,240,False
22108,replication,hub,equal,1,repeated,60,240,False
22108,replication,hub,unequal,0,early,40,400,False
22108,replication,hub,unequal,0,late,40,240,False
22108,replication,hub,unequal,0,repeated,40,240,False
22108,replication,hub,unequal,1,early,100,400,False
22108,replication,hub,unequal,1,late,50,240,False
22108,replication,hub,unequal,1,repeated,170,240,True
22109,replication,ring,equal,0,early,40,400,False
22109,replication,ring,equal,0,late,40,240,True
22109,replication,ring,equal,0,repeated,40,240,False
22109,replication,ring,equal,1,early,130,400,False
22109,replication,ring,equal,1,late,60,240,False
22109,replication,ring,equal,1,repeated,40,240,False
22109,replication,ring,unequal,0,early,40,400,False
22109,replication,ring,unequal,0,late,40,240,True
22109,replication,ring,unequal,0,repeated,40,240,False
22109,replication,ring,unequal,1,early,160,400,True
22109,replication,ring,unequal,1,late,70,240,True
22109,replication,ring,unequal,1,repeated,50,240,False
22109,replication,random,equal,0,early,60,400,False
22109,replication,random,equal,0,late,40,240,False
22109,replication,random,equal,0,repeated,40,240,True
22109,replication,random,equal,1,early,70,400,False
22109,replication,random,equal,1,late,100,240,False
22109,replication,random,equal,1,repeated,80,240,True
22109,replication,random,unequal,0,early,40,400,False
22109,replication,random,unequal,0,late,40,240,True
22109,replication,random,unequal,0,repeated,40,240,False
22109,replication,random,unequal,1,early,50,400,False
22109,replication,random,unequal,1,late,100,240,False
22109,replication,random,unequal,1,repeated,90,240,False
22109,replication,hub,equal,0,early,40,400,False
22109,replication,hub,equal,0,late,40,240,True
22109,replication,hub,equal,0,repeated,40,240,False
22109,replication,hub,equal,1,early,50,400,False
22109,replication,hub,equal,1,late,180,240,False
22109,replication,hub,equal,1,repeated,110,240,False
22109,replication,hub,unequal,0,early,40,400,True
22109,replication,hub,unequal,0,late,40,240,False
22109,replication,hub,unequal,0,repeated,40,240,False
22109,replication,hub,unequal,1,early,120,400,False
22109,replication,hub,unequal,1,late,50,240,False
22109,replication,hub,unequal,1,repeated,220,240,False
22110,replication,ring,equal,0,early,40,400,False
22110,replication,ring,equal,0,late,40,240,True
22110,replication,ring,equal,0,repeated,40,240,True
22110,replication,ring,equal,1,early,50,400,True
22110,replication,ring,equal,1,late,70,240,True
22110,replication,ring,equal,1,repeated,70,240,False
22110,replication,ring,unequal,0,early,40,400,False
22110,replication,ring,unequal,0,late,40,240,False
22110,replication,ring,unequal,0,repeated,40,240,False
22110,replication,ring,unequal,1,early,90,400,True
22110,replication,ring,unequal,1,late,70,240,False
22110,replication,ring,unequal,1,repeated,60,240,True
22110,replication,random,equal,0,early,40,400,False
22110,replication,random,equal,0,late,60,240,False
22110,replication,random,equal,0,repeated,40,240,True
22110,replication,random,equal,1,early,70,400,False
22110,replication,random,equal,1,late,60,240,False
22110,replication,random,equal,1,repeated,80,240,False
22110,replication,random,unequal,0,early,50,400,True
22110,replication,random,unequal,0,late,40,240,False
22110,replication,random,unequal,0,repeated,60,240,False
22110,replication,random,unequal,1,early,50,400,False
22110,replication,random,unequal,1,late,,240,False
22110,replication,random,unequal,1,repeated,60,240,False
22110,replication,hub,equal,0,early,50,400,True
22110,replication,hub,equal,0,late,40,240,True
22110,replication,hub,equal,0,repeated,70,240,True
22110,replication,hub,equal,1,early,,400,False
22110,replication,hub,equal,1,late,50,240,True
22110,replication,hub,equal,1,repeated,80,240,True
22110,replication,hub,unequal,0,early,180,400,True
22110,replication,hub,unequal,0,late,40,240,True
22110,replication,hub,unequal,0,repeated,40,240,True
22110,replication,hub,unequal,1,early,110,400,False
22110,replication,hub,unequal,1,late,,240,False
22110,replication,hub,unequal,1,repeated,120,240,False
22111,replication,ring,equal,0,early,40,400,False
22111,replication,ring,equal,0,late,40,240,False
22111,replication,ring,equal,0,repeated,40,240,False
22111,replication,ring,equal,1,early,60,400,True
22111,replication,ring,equal,1,late,70,240,False
22111,replication,ring,equal,1,repeated,90,240,False
22111,replication,ring,unequal,0,early,40,400,False
22111,replication,ring,unequal,0,late,40,240,False
22111,replication,ring,unequal,0,repeated,40,240,True
22111,replication,ring,unequal,1,early,80,400,False
22111,replication,ring,unequal,1,late,50,240,False
22111,replication,ring,unequal,1,repeated,100,240,False
22111,replication,random,equal,0,early,40,400,False
22111,replication,random,equal,0,late,40,240,False
22111,replication,random,equal,0,repeated,110,240,True
22111,replication,random,equal,1,early,50,400,False
22111,replication,random,equal,1,late,50,240,False
22111,replication,random,equal,1,repeated,50,240,False
22111,replication,random,unequal,0,early,40,400,False
22111,replication,random,unequal,0,late,40,240,False
22111,replication,random,unequal,0,repeated,40,240,False
22111,replication,random,unequal,1,early,50,400,False
22111,replication,random,unequal,1,late,,240,False
22111,replication,random,unequal,1,repeated,,240,False
22111,replication,hub,equal,0,early,80,400,True
22111,replication,hub,equal,0,late,40,240,True
22111,replication,hub,equal,0,repeated,200,240,True
22111,replication,hub,equal,1,early,40,400,False
22111,replication,hub,equal,1,late,50,240,False
22111,replication,hub,equal,1,repeated,70,240,False
22111,replication,hub,unequal,0,early,120,400,True
22111,replication,hub,unequal,0,late,40,240,True
22111,replication,hub,unequal,0,repeated,40,240,True
22111,replication,hub,unequal,1,early,120,400,False
22111,replication,hub,unequal,1,late,,240,False
22111,replication,hub,unequal,1,repeated,230,240,False
