split,seed,memory,contrast,metric,value
discovery,12100,0,early_minus_never,cooperation,0.0005555555555555545
discovery,12101,0,early_minus_never,cooperation,0.000833333333333334
discovery,12102,0,early_minus_never,cooperation,-6.944444444444142e-05
discovery,12103,0,early_minus_never,cooperation,-0.0002083333333333335
discovery,12104,0,early_minus_never,cooperation,6.94444444444368e-05
discovery,12105,0,early_minus_never,cooperation,-0.0004861111111111131
discovery,12106,0,early_minus_never,cooperation,-6.944444444445068e-05
discovery,12107,0,early_minus_never,cooperation,0.0005555555555555499
discovery,12108,0,early_minus_never,cooperation,-0.00020833333333335202
discovery,12109,0,early_minus_never,cooperation,-0.0002083333333333289
discovery,12110,0,early_minus_never,cooperation,-0.0004166666666666578
discovery,12111,0,early_minus_never,cooperation,4.625929269271485e-18
discovery,12100,0,early_minus_never,rigid,-0.0003464281152896637
discovery,12101,0,early_minus_never,rigid,-0.000472870453956301
discovery,12102,0,early_minus_never,rigid,-2.3062260116349376e-05
discovery,12103,0,early_minus_never,rigid,2.1481649127817748e-05
discovery,12104,0,early_minus_never,rigid,-0.00016136836935061924
discovery,12105,0,early_minus_never,rigid,0.000737784627985575
discovery,12106,0,early_minus_never,rigid,-6.610290863376851e-06
discovery,12107,0,early_minus_never,rigid,-0.0001925719465648961
discovery,12108,0,early_minus_never,rigid,0.0003262008077534936
discovery,12109,0,early_minus_never,rigid,7.537615073925873e-05
discovery,12110,0,early_minus_never,rigid,0.0004075211187841432
discovery,12111,0,early_minus_never,rigid,-8.080940503317595e-05
discovery,12100,0,early_minus_never,choice_excess,-0.016976851851851837
discovery,12101,0,early_minus_never,choice_excess,-0.0049120370370370385
discovery,12102,0,early_minus_never,choice_excess,0.017729166666666667
discovery,12103,0,early_minus_never,choice_excess,0.0335162037037037
discovery,12104,0,early_minus_never,choice_excess,0.007182870370370367
discovery,12105,0,early_minus_never,choice_excess,0.005555555555555561
discovery,12106,0,early_minus_never,choice_excess,-0.008719907407407435
discovery,12107,0,early_minus_never,choice_excess,0.008671296296296293
discovery,12108,0,early_minus_never,choice_excess,-0.001383101851851824
discovery,12109,0,early_minus_never,choice_excess,-0.01927199074074071
discovery,12110,0,early_minus_never,choice_excess,0.039589120370370386
discovery,12111,0,early_minus_never,choice_excess,0.042618055555555555
discovery,12100,0,repeated_minus_late,cooperation,0.00013888888888888748
discovery,12101,0,repeated_minus_late,cooperation,0.0006944444444444559
discovery,12102,0,repeated_minus_late,cooperation,0.0004166666666666809
discovery,12103,0,repeated_minus_late,cooperation,0.0003472222222222071
discovery,12104,0,repeated_minus_late,cooperation,-2.312964634635743e-17
discovery,12105,0,repeated_minus_late,cooperation,-0.0009722222222222215
discovery,12106,0,repeated_minus_late,cooperation,0.00027777777777777496
discovery,12107,0,repeated_minus_late,cooperation,-0.000347222222222221
discovery,12108,0,repeated_minus_late,cooperation,0.0006250000000000006
discovery,12109,0,repeated_minus_late,cooperation,0.0003472222222222117
discovery,12110,0,repeated_minus_late,cooperation,0.00034722222222223026
discovery,12111,0,repeated_minus_late,cooperation,-0.00013888888888888748
discovery,12100,0,repeated_minus_late,rigid,-0.00028560245732370146
discovery,12101,0,repeated_minus_late,rigid,-0.000687967118377944
discovery,12102,0,repeated_minus_late,rigid,-0.00041979676789922804
discovery,12103,0,repeated_minus_late,rigid,-0.0004669077408203011
discovery,12104,0,repeated_minus_late,rigid,0.00025139234401016255
discovery,12105,0,repeated_minus_late,rigid,0.0010530824364729473
discovery,12106,0,repeated_minus_late,rigid,-0.0001123065930639713
discovery,12107,0,repeated_minus_late,rigid,0.0002907401560784881
discovery,12108,0,repeated_minus_late,rigid,-0.0003504707109826336
discovery,12109,0,repeated_minus_late,rigid,-0.0003187565980424696
discovery,12110,0,repeated_minus_late,rigid,-0.0004992616096898493
discovery,12111,0,repeated_minus_late,rigid,0.00011873362136190456
discovery,12100,0,repeated_minus_late,choice_excess,-0.003136574074074076
discovery,12101,0,repeated_minus_late,choice_excess,0.00932060185185187
discovery,12102,0,repeated_minus_late,choice_excess,0.013446759259259254
discovery,12103,0,repeated_minus_late,choice_excess,-0.010320601851851859
discovery,12104,0,repeated_minus_late,choice_excess,0.0028622685185185084
discovery,12105,0,repeated_minus_late,choice_excess,0.011486111111111107
discovery,12106,0,repeated_minus_late,choice_excess,-0.00817476851851852
discovery,12107,0,repeated_minus_late,choice_excess,0.019527777777777786
discovery,12108,0,repeated_minus_late,choice_excess,0.011181712962963006
discovery,12109,0,repeated_minus_late,choice_excess,-0.01940856481481481
discovery,12110,0,repeated_minus_late,choice_excess,0.02180324074074076
discovery,12111,0,repeated_minus_late,choice_excess,0.02138310185185188
discovery,12100,0,second_pulse_history_interaction,cooperation,0.0002777777777777703
discovery,12101,0,second_pulse_history_interaction,cooperation,1.3877787807814457e-17
discovery,12102,0,second_pulse_history_interaction,cooperation,0.0011805555555555642
discovery,12103,0,second_pulse_history_interaction,cooperation,-0.0009722222222222401
discovery,12104,0,second_pulse_history_interaction,cooperation,0.00027777777777778884
discovery,12105,0,second_pulse_history_interaction,cooperation,6.944444444446456e-05
discovery,12106,0,second_pulse_history_interaction,cooperation,-0.0006249999999999775
discovery,12107,0,second_pulse_history_interaction,cooperation,0.0011805555555555504
discovery,12108,0,second_pulse_history_interaction,cooperation,0.00048611111111109456
discovery,12109,0,second_pulse_history_interaction,cooperation,-6.944444444442754e-05
discovery,12110,0,second_pulse_history_interaction,cooperation,-0.00013888888888890596
discovery,12111,0,second_pulse_history_interaction,cooperation,-0.0015277777777777622
discovery,12100,0,second_pulse_history_interaction,rigid,-0.00020434811950297468
discovery,12101,0,second_pulse_history_interaction,rigid,7.832754319267096e-05
discovery,12102,0,second_pulse_history_interaction,rigid,-0.0007368762364121303
discovery,12103,0,second_pulse_history_interaction,rigid,0.00047867069610254875
discovery,12104,0,second_pulse_history_interaction,rigid,-0.0002998876227024774
discovery,12105,0,second_pulse_history_interaction,rigid,-0.00013956763696621835
discovery,12106,0,second_pulse_history_interaction,rigid,0.000538874700098955
discovery,12107,0,second_pulse_history_interaction,rigid,-0.0007787038872518968
discovery,12108,0,second_pulse_history_interaction,rigid,-0.0001341570360320956
discovery,12109,0,second_pulse_history_interaction,rigid,6.430611595457704e-05
discovery,12110,0,second_pulse_history_interaction,rigid,0.0001058325157987719
discovery,12111,0,second_pulse_history_interaction,rigid,0.0005695638005523487
discovery,12100,0,second_pulse_history_interaction,choice_excess,0.0010023148148148194
discovery,12101,0,second_pulse_history_interaction,choice_excess,0.0068252314814815085
discovery,12102,0,second_pulse_history_interaction,choice_excess,0.004866898148148155
discovery,12103,0,second_pulse_history_interaction,choice_excess,0.0007071759259259519
discovery,12104,0,second_pulse_history_interaction,choice_excess,-1.2731481481473525e-05
discovery,12105,0,second_pulse_history_interaction,choice_excess,-0.002042824074074079
discovery,12106,0,second_pulse_history_interaction,choice_excess,0.01583796296296296
discovery,12107,0,second_pulse_history_interaction,choice_excess,-0.02497800925925923
discovery,12108,0,second_pulse_history_interaction,choice_excess,-0.005055555555555552
discovery,12109,0,second_pulse_history_interaction,choice_excess,-0.00168634259259259
discovery,12110,0,second_pulse_history_interaction,choice_excess,-0.01616435185185185
discovery,12111,0,second_pulse_history_interaction,choice_excess,-0.010321759259259215
discovery,12100,1,early_minus_never,cooperation,-0.0032638888888888904
discovery,12101,1,early_minus_never,cooperation,-0.002361111111111147
discovery,12102,1,early_minus_never,cooperation,0.002291666666666641
discovery,12103,1,early_minus_never,cooperation,0.0022222222222222227
discovery,12104,1,early_minus_never,cooperation,-0.001111111111111072
discovery,12105,1,early_minus_never,cooperation,0.0011111111111110905
discovery,12106,1,early_minus_never,cooperation,0.0034027777777777914
discovery,12107,1,early_minus_never,cooperation,0.001597222222222185
discovery,12108,1,early_minus_never,cooperation,0.0014583333333333486
discovery,12109,1,early_minus_never,cooperation,6.94444444444553e-05
discovery,12110,1,early_minus_never,cooperation,-0.0009027777777777893
discovery,12111,1,early_minus_never,cooperation,0.0009027777777777477
discovery,12100,1,early_minus_never,rigid,0.004929867086487642
discovery,12101,1,early_minus_never,rigid,0.004141004319615028
discovery,12102,1,early_minus_never,rigid,-0.0010664834150666107
discovery,12103,1,early_minus_never,rigid,-0.0020168501713295
discovery,12104,1,early_minus_never,rigid,0.0028568578378191704
discovery,12105,1,early_minus_never,rigid,-0.000628948321188485
discovery,12106,1,early_minus_never,rigid,-0.0005656024279921042
discovery,12107,1,early_minus_never,rigid,-0.00010242006922847023
discovery,12108,1,early_minus_never,rigid,0.00032878337858880817
discovery,12109,1,early_minus_never,rigid,-3.0495315978451912e-05
discovery,12110,1,early_minus_never,rigid,-0.0010040833134952246
discovery,12111,1,early_minus_never,rigid,-0.0016443056714735224
discovery,12100,1,early_minus_never,choice_excess,0.017206018518518537
discovery,12101,1,early_minus_never,choice_excess,-0.012096064814814823
discovery,12102,1,early_minus_never,choice_excess,-0.022678240740740725
discovery,12103,1,early_minus_never,choice_excess,0.0224861111111111
discovery,12104,1,early_minus_never,choice_excess,0.004454861111111132
discovery,12105,1,early_minus_never,choice_excess,-0.00470254629629627
discovery,12106,1,early_minus_never,choice_excess,6.4814814814815e-05
discovery,12107,1,early_minus_never,choice_excess,-0.02878356481481487
discovery,12108,1,early_minus_never,choice_excess,0.025530092592592608
discovery,12109,1,early_minus_never,choice_excess,-0.03217708333333335
discovery,12110,1,early_minus_never,choice_excess,0.0046122685185185155
discovery,12111,1,early_minus_never,choice_excess,-0.02190509259259262
discovery,12100,1,repeated_minus_late,cooperation,0.0013194444444444193
discovery,12101,1,repeated_minus_late,cooperation,-0.0008333333333332971
discovery,12102,1,repeated_minus_late,cooperation,0.0011111111111111183
discovery,12103,1,repeated_minus_late,cooperation,0.0008333333333333156
discovery,12104,1,repeated_minus_late,cooperation,-0.0017361111111111327
discovery,12105,1,repeated_minus_late,cooperation,0.0002777777777777657
discovery,12106,1,repeated_minus_late,cooperation,-0.0006250000000000098
discovery,12107,1,repeated_minus_late,cooperation,0.0028472222222222323
discovery,12108,1,repeated_minus_late,cooperation,0.0033333333333333223
discovery,12109,1,repeated_minus_late,cooperation,-0.002847222222222242
discovery,12110,1,repeated_minus_late,cooperation,0.004722222222222285
discovery,12111,1,repeated_minus_late,cooperation,0.0010416666666666723
discovery,12100,1,repeated_minus_late,rigid,-0.0019031114226646332
discovery,12101,1,repeated_minus_late,rigid,0.00031775612371455833
discovery,12102,1,repeated_minus_late,rigid,-0.0016170204336897781
discovery,12103,1,repeated_minus_late,rigid,-0.0008584227843423572
discovery,12104,1,repeated_minus_late,rigid,0.0002046407801403726
discovery,12105,1,repeated_minus_late,rigid,0.001234591466044252
discovery,12106,1,repeated_minus_late,rigid,0.000897094845512831
discovery,12107,1,repeated_minus_late,rigid,-0.0021871192007422934
discovery,12108,1,repeated_minus_late,rigid,-0.004396292757365766
discovery,12109,1,repeated_minus_late,rigid,0.002160767516950797
discovery,12110,1,repeated_minus_late,rigid,-0.004828726779032056
discovery,12111,1,repeated_minus_late,rigid,0.000871239804464728
discovery,12100,1,repeated_minus_late,choice_excess,0.011061342592592597
discovery,12101,1,repeated_minus_late,choice_excess,-0.015040509259259267
discovery,12102,1,repeated_minus_late,choice_excess,0.013681712962962958
discovery,12103,1,repeated_minus_late,choice_excess,0.016717592592592593
discovery,12104,1,repeated_minus_late,choice_excess,-0.036179398148148176
discovery,12105,1,repeated_minus_late,choice_excess,-0.01376851851851854
discovery,12106,1,repeated_minus_late,choice_excess,-0.02674189814814815
discovery,12107,1,repeated_minus_late,choice_excess,-0.005604166666666664
discovery,12108,1,repeated_minus_late,choice_excess,0.03197453703703703
discovery,12109,1,repeated_minus_late,choice_excess,0.002361111111111124
discovery,12110,1,repeated_minus_late,choice_excess,0.010001157407407377
discovery,12111,1,repeated_minus_late,choice_excess,0.02895486111111112
discovery,12100,1,second_pulse_history_interaction,cooperation,-0.002986111111111129
discovery,12101,1,second_pulse_history_interaction,cooperation,-0.0029861111111111013
discovery,12102,1,second_pulse_history_interaction,cooperation,0.00041666666666670865
discovery,12103,1,second_pulse_history_interaction,cooperation,-0.004166666666666656
discovery,12104,1,second_pulse_history_interaction,cooperation,0.0016666666666666728
discovery,12105,1,second_pulse_history_interaction,cooperation,0.0008333333333333711
discovery,12106,1,second_pulse_history_interaction,cooperation,0.0006944444444444234
discovery,12107,1,second_pulse_history_interaction,cooperation,-0.0006250000000000006
discovery,12108,1,second_pulse_history_interaction,cooperation,-0.003819444444444417
discovery,12109,1,second_pulse_history_interaction,cooperation,-0.0006944444444444003
discovery,12110,1,second_pulse_history_interaction,cooperation,0.0014583333333332467
discovery,12111,1,second_pulse_history_interaction,cooperation,0.004861111111111062
discovery,12100,1,second_pulse_history_interaction,rigid,0.0019788218745305924
discovery,12101,1,second_pulse_history_interaction,rigid,0.0022991573814206225
discovery,12102,1,second_pulse_history_interaction,rigid,-0.0007517285594804413
discovery,12103,1,second_pulse_history_interaction,rigid,0.002663296691904364
discovery,12104,1,second_pulse_history_interaction,rigid,-0.0014028520102791337
discovery,12105,1,second_pulse_history_interaction,rigid,-0.0003988276569914124
discovery,12106,1,second_pulse_history_interaction,rigid,-0.001237151640913969
discovery,12107,1,second_pulse_history_interaction,rigid,0.0008841667801855838
discovery,12108,1,second_pulse_history_interaction,rigid,0.0030983270465596915
discovery,12109,1,second_pulse_history_interaction,rigid,0.000305905041905753
discovery,12110,1,second_pulse_history_interaction,rigid,-0.0008602536715541104
discovery,12111,1,second_pulse_history_interaction,rigid,-0.0040093401680179955
discovery,12100,1,second_pulse_history_interaction,choice_excess,0.009129629629629644
discovery,12101,1,second_pulse_history_interaction,choice_excess,-0.012652777777777804
discovery,12102,1,second_pulse_history_interaction,choice_excess,0.012841435185185194
discovery,12103,1,second_pulse_history_interaction,choice_excess,-0.0002939814814814628
discovery,12104,1,second_pulse_history_interaction,choice_excess,-0.0003182870370370637
discovery,12105,1,second_pulse_history_interaction,choice_excess,0.027928240740740757
discovery,12106,1,second_pulse_history_interaction,choice_excess,-0.011799768518518541
discovery,12107,1,second_pulse_history_interaction,choice_excess,-0.006972222222222181
discovery,12108,1,second_pulse_history_interaction,choice_excess,-0.015640046296296308
discovery,12109,1,second_pulse_history_interaction,choice_excess,0.00871759259259258
discovery,12110,1,second_pulse_history_interaction,choice_excess,0.012008101851851846
discovery,12111,1,second_pulse_history_interaction,choice_excess,0.0005543981481481343
replication,22100,0,early_minus_never,cooperation,0.0002777777777777657
replication,22101,0,early_minus_never,cooperation,0.0007638888888888787
replication,22102,0,early_minus_never,cooperation,-6.944444444444604e-05
replication,22103,0,early_minus_never,cooperation,-0.0003472222222222164
replication,22104,0,early_minus_never,cooperation,-0.0006944444444444466
replication,22105,0,early_minus_never,cooperation,0.0
replication,22106,0,early_minus_never,cooperation,-0.0002777777777777518
replication,22107,0,early_minus_never,cooperation,-0.00027777777777777496
replication,22108,0,early_minus_never,cooperation,0.0001388888888888782
replication,22109,0,early_minus_never,cooperation,9.25185853854297e-18
replication,22110,0,early_minus_never,cooperation,0.00013888888888888748
replication,22111,0,early_minus_never,cooperation,6.944444444444604e-05
replication,22100,0,early_minus_never,rigid,-6.70865104299978e-05
replication,22101,0,early_minus_never,rigid,-0.0004699796797234997
replication,22102,0,early_minus_never,rigid,-0.00020472130619850087
replication,22103,0,early_minus_never,rigid,-0.00015483655597185614
replication,22104,0,early_minus_never,rigid,0.0003602423263158241
replication,22105,0,early_minus_never,rigid,0.00016312616789091253
replication,22106,0,early_minus_never,rigid,0.0005120761481432178
replication,22107,0,early_minus_never,rigid,3.901328661029893e-05
replication,22108,0,early_minus_never,rigid,-0.0003521050316459713
replication,22109,0,early_minus_never,rigid,3.5314029745205553e-06
replication,22110,0,early_minus_never,rigid,-6.997366362017944e-05
replication,22111,0,early_minus_never,rigid,-0.0004832604672211418
replication,22100,0,early_minus_never,choice_excess,0.00464236111111114
replication,22101,0,early_minus_never,choice_excess,0.019567129629629625
replication,22102,0,early_minus_never,choice_excess,-0.018642361111111113
replication,22103,0,early_minus_never,choice_excess,0.00916203703703701
replication,22104,0,early_minus_never,choice_excess,-0.03429629629629632
replication,22105,0,early_minus_never,choice_excess,-0.012407407407407407
replication,22106,0,early_minus_never,choice_excess,0.010300925925925885
replication,22107,0,early_minus_never,choice_excess,-0.02173842592592595
replication,22108,0,early_minus_never,choice_excess,0.009146990740740747
replication,22109,0,early_minus_never,choice_excess,0.004282407407407383
replication,22110,0,early_minus_never,choice_excess,-0.014114583333333324
replication,22111,0,early_minus_never,choice_excess,-0.0037916666666666793
replication,22100,0,repeated_minus_late,cooperation,0.00013888888888888284
replication,22101,0,repeated_minus_late,cooperation,-0.0002777777777777842
replication,22102,0,repeated_minus_late,cooperation,-0.00013888888888888748
replication,22103,0,repeated_minus_late,cooperation,-0.00027777777777777496
replication,22104,0,repeated_minus_late,cooperation,-0.0003472222222222071
replication,22105,0,repeated_minus_late,cooperation,6.944444444444604e-05
replication,22106,0,repeated_minus_late,cooperation,9.25185853854297e-18
replication,22107,0,repeated_minus_late,cooperation,6.944444444444604e-05
replication,22108,0,repeated_minus_late,cooperation,0.0001388888888888921
replication,22109,0,repeated_minus_late,cooperation,0.0005555555555555591
replication,22110,0,repeated_minus_late,cooperation,-6.944444444444604e-05
replication,22111,0,repeated_minus_late,cooperation,-0.0002777777777777842
replication,22100,0,repeated_minus_late,rigid,0.00024448866581979037
replication,22101,0,repeated_minus_late,rigid,-4.3683873942196765e-06
replication,22102,0,repeated_minus_late,rigid,-0.0002645559428174453
replication,22103,0,repeated_minus_late,rigid,0.00019749054242513298
replication,22104,0,repeated_minus_late,rigid,0.00048170694967573344
replication,22105,0,repeated_minus_late,rigid,6.380897194044101e-05
replication,22106,0,repeated_minus_late,rigid,0.00015008159046637584
replication,22107,0,repeated_minus_late,rigid,-0.0005567959755672265
replication,22108,0,repeated_minus_late,rigid,-0.00017060057801879477
replication,22109,0,repeated_minus_late,rigid,-0.0007651360546301773
replication,22110,0,repeated_minus_late,rigid,0.00017332118102939575
replication,22111,0,repeated_minus_late,rigid,-9.388957080502917e-05
replication,22100,0,repeated_minus_late,choice_excess,0.009744212962962963
replication,22101,0,repeated_minus_late,choice_excess,0.030141203703703722
replication,22102,0,repeated_minus_late,choice_excess,-0.012349537037036994
replication,22103,0,repeated_minus_late,choice_excess,-0.005648148148148131
replication,22104,0,repeated_minus_late,choice_excess,-0.01939004629629634
replication,22105,0,repeated_minus_late,choice_excess,-0.0026759259259259345
replication,22106,0,repeated_minus_late,choice_excess,0.006063657407407406
replication,22107,0,repeated_minus_late,choice_excess,0.0163009259259259
replication,22108,0,repeated_minus_late,choice_excess,-0.0054456018518518655
replication,22109,0,repeated_minus_late,choice_excess,-0.0019409722222222276
replication,22110,0,repeated_minus_late,choice_excess,0.0053784722222222124
replication,22111,0,repeated_minus_late,choice_excess,-0.003567129629629654
replication,22100,0,second_pulse_history_interaction,cooperation,0.00027777777777779805
replication,22101,0,second_pulse_history_interaction,cooperation,-0.0006944444444444744
replication,22102,0,second_pulse_history_interaction,cooperation,-6.944444444442292e-05
replication,22103,0,second_pulse_history_interaction,cooperation,0.0005555555555555406
replication,22104,0,second_pulse_history_interaction,cooperation,-6.944444444445068e-05
replication,22105,0,second_pulse_history_interaction,cooperation,-0.00013888888888888284
replication,22106,0,second_pulse_history_interaction,cooperation,0.0002083333333333474
replication,22107,0,second_pulse_history_interaction,cooperation,0.00041666666666668556
replication,22108,0,second_pulse_history_interaction,cooperation,-0.0004861111111111177
replication,22109,0,second_pulse_history_interaction,cooperation,-0.0011111111111111044
replication,22110,0,second_pulse_history_interaction,cooperation,0.00020833333333331502
replication,22111,0,second_pulse_history_interaction,cooperation,0.0002083333333333335
replication,22100,0,second_pulse_history_interaction,rigid,-0.00018464316763887093
replication,22101,0,second_pulse_history_interaction,rigid,0.0005217650355969702
replication,22102,0,second_pulse_history_interaction,rigid,0.0004127732326282274
replication,22103,0,second_pulse_history_interaction,rigid,-0.0004219496113318742
replication,22104,0,second_pulse_history_interaction,rigid,-1.6745532643985355e-06
replication,22105,0,second_pulse_history_interaction,rigid,0.00017719787118615724
replication,22106,0,second_pulse_history_interaction,rigid,-0.00023138690500068443
replication,22107,0,second_pulse_history_interaction,rigid,-5.75720869096114e-05
replication,22108,0,second_pulse_history_interaction,rigid,0.0005074737013128425
replication,22109,0,second_pulse_history_interaction,rigid,0.0007785084830223577
replication,22110,0,second_pulse_history_interaction,rigid,-0.00033511586459503834
replication,22111,0,second_pulse_history_interaction,rigid,-0.0001297562836628218
replication,22100,0,second_pulse_history_interaction,choice_excess,-0.0019733796296296127
replication,22101,0,second_pulse_history_interaction,choice_excess,-0.00415740740740743
replication,22102,0,second_pulse_history_interaction,choice_excess,0.0010092592592592542
replication,22103,0,second_pulse_history_interaction,choice_excess,-0.004177083333333342
replication,22104,0,second_pulse_history_interaction,choice_excess,0.0016087962962962968
replication,22105,0,second_pulse_history_interaction,choice_excess,0.004547453703703718
replication,22106,0,second_pulse_history_interaction,choice_excess,-0.007114583333333354
replication,22107,0,second_pulse_history_interaction,choice_excess,0.003118055555555588
replication,22108,0,second_pulse_history_interaction,choice_excess,0.001782407407407429
replication,22109,0,second_pulse_history_interaction,choice_excess,-0.004270833333333344
replication,22110,0,second_pulse_history_interaction,choice_excess,-0.007148148148148132
replication,22111,0,second_pulse_history_interaction,choice_excess,-0.005582175925925934
replication,22100,1,early_minus_never,cooperation,0.0029861111111111616
replication,22101,1,early_minus_never,cooperation,-0.002777777777777759
replication,22102,1,early_minus_never,cooperation,-0.002430555555555556
replication,22103,1,early_minus_never,cooperation,-0.0011805555555555781
replication,22104,1,early_minus_never,cooperation,-0.0009027777777777893
replication,22105,1,early_minus_never,cooperation,-0.0013888888888889163
replication,22106,1,early_minus_never,cooperation,0.0004166666666666069
replication,22107,1,early_minus_never,cooperation,-0.0009027777777777524
replication,22108,1,early_minus_never,cooperation,0.002847222222222242
replication,22109,1,early_minus_never,cooperation,-0.00208333333333334
replication,22110,1,early_minus_never,cooperation,0.0022916666666666593
replication,22111,1,early_minus_never,cooperation,0.0033333333333333596
replication,22100,1,early_minus_never,rigid,-0.0035175935710792146
replication,22101,1,early_minus_never,rigid,0.0017976691827447829
replication,22102,1,early_minus_never,rigid,-1.0570577443706533e-05
replication,22103,1,early_minus_never,rigid,0.0007192227797112871
replication,22104,1,early_minus_never,rigid,0.0014606842125410603
replication,22105,1,early_minus_never,rigid,0.0009053338857909961
replication,22106,1,early_minus_never,rigid,-0.0008917986177680859
replication,22107,1,early_minus_never,rigid,0.0021552961789987313
replication,22108,1,early_minus_never,rigid,-0.0016482653149274412
replication,22109,1,early_minus_never,rigid,0.001503350108253711
replication,22110,1,early_minus_never,rigid,-0.0014822679475226936
replication,22111,1,early_minus_never,rigid,-0.0036807907414895154
replication,22100,1,early_minus_never,choice_excess,0.04559953703703704
replication,22101,1,early_minus_never,choice_excess,-0.004780092592592625
replication,22102,1,early_minus_never,choice_excess,0.013060185185185228
replication,22103,1,early_minus_never,choice_excess,0.027291666666666676
replication,22104,1,early_minus_never,choice_excess,-0.0439872685185185
replication,22105,1,early_minus_never,choice_excess,-0.013640046296296268
replication,22106,1,early_minus_never,choice_excess,0.031021990740740715
replication,22107,1,early_minus_never,choice_excess,-0.007064814814814792
replication,22108,1,early_minus_never,choice_excess,-0.011635416666666632
replication,22109,1,early_minus_never,choice_excess,-0.015900462962962974
replication,22110,1,early_minus_never,choice_excess,-0.0010671296296296078
replication,22111,1,early_minus_never,choice_excess,-0.0007731481481481154
replication,22100,1,repeated_minus_late,cooperation,0.00048611111111108996
replication,22101,1,repeated_minus_late,cooperation,0.002847222222222242
replication,22102,1,repeated_minus_late,cooperation,-0.002430555555555542
replication,22103,1,repeated_minus_late,cooperation,0.0027083333333333633
replication,22104,1,repeated_minus_late,cooperation,-0.003888888888888905
replication,22105,1,repeated_minus_late,cooperation,0.0038888888888888445
replication,22106,1,repeated_minus_late,cooperation,0.007291666666666692
replication,22107,1,repeated_minus_late,cooperation,0.0020833333333333307
replication,22108,1,repeated_minus_late,cooperation,-0.003888888888888886
replication,22109,1,repeated_minus_late,cooperation,0.00020833333333335666
replication,22110,1,repeated_minus_late,cooperation,0.0002777777777777564
replication,22111,1,repeated_minus_late,cooperation,0.004722222222222207
replication,22100,1,repeated_minus_late,rigid,-0.0006603312942225192
replication,22101,1,repeated_minus_late,rigid,-0.0019609528267856926
replication,22102,1,repeated_minus_late,rigid,0.0026269468610814486
replication,22103,1,repeated_minus_late,rigid,-0.0023342986773715185
replication,22104,1,repeated_minus_late,rigid,0.003620809354391756
replication,22105,1,repeated_minus_late,rigid,-0.0054894123106250595
replication,22106,1,repeated_minus_late,rigid,-0.0074281872740819275
replication,22107,1,repeated_minus_late,rigid,-0.0008704398244075984
replication,22108,1,repeated_minus_late,rigid,0.0017709280542861315
replication,22109,1,repeated_minus_late,rigid,5.9226285066418575e-05
replication,22110,1,repeated_minus_late,rigid,0.00015239901288621968
replication,22111,1,repeated_minus_late,rigid,-0.005133578731306535
replication,22100,1,repeated_minus_late,choice_excess,0.012502314814814834
replication,22101,1,repeated_minus_late,choice_excess,0.038743055555555565
replication,22102,1,repeated_minus_late,choice_excess,-0.031145833333333314
replication,22103,1,repeated_minus_late,choice_excess,0.008747685185185181
replication,22104,1,repeated_minus_late,choice_excess,-0.0155625
replication,22105,1,repeated_minus_late,choice_excess,0.05839120370370369
replication,22106,1,repeated_minus_late,choice_excess,0.038166666666666654
replication,22107,1,repeated_minus_late,choice_excess,-0.010271990740740743
replication,22108,1,repeated_minus_late,choice_excess,0.017680555555555578
replication,22109,1,repeated_minus_late,choice_excess,0.017747685185185182
replication,22110,1,repeated_minus_late,choice_excess,0.002763888888888903
replication,22111,1,repeated_minus_late,choice_excess,-0.0071736111111111375
replication,22100,1,second_pulse_history_interaction,cooperation,-0.004166666666666666
replication,22101,1,second_pulse_history_interaction,cooperation,0.0034027777777777914
replication,22102,1,second_pulse_history_interaction,cooperation,-0.0004166666666666578
replication,22103,1,second_pulse_history_interaction,cooperation,0.0029166666666667063
replication,22104,1,second_pulse_history_interaction,cooperation,0.00041666666666663926
replication,22105,1,second_pulse_history_interaction,cooperation,0.00013888888888890596
replication,22106,1,second_pulse_history_interaction,cooperation,0.0012500000000000011
replication,22107,1,second_pulse_history_interaction,cooperation,0.0007638888888888742
replication,22108,1,second_pulse_history_interaction,cooperation,-0.0033333333333333223
replication,22109,1,second_pulse_history_interaction,cooperation,-0.0011111111111110766
replication,22110,1,second_pulse_history_interaction,cooperation,0.0015972222222222082
replication,22111,1,second_pulse_history_interaction,cooperation,-0.0002083333333333659
replication,22100,1,second_pulse_history_interaction,rigid,0.003586086671805485
replication,22101,1,second_pulse_history_interaction,rigid,-0.0023432455935397966
replication,22102,1,second_pulse_history_interaction,rigid,0.001284574950239925
replication,22103,1,second_pulse_history_interaction,rigid,-0.0022799745473367273
replication,22104,1,second_pulse_history_interaction,rigid,0.00044039109244026556
replication,22105,1,second_pulse_history_interaction,rigid,-0.0005723211484549295
replication,22106,1,second_pulse_history_interaction,rigid,-0.00045759314789098224
replication,22107,1,second_pulse_history_interaction,rigid,-0.00102289769251903
replication,22108,1,second_pulse_history_interaction,rigid,0.0023663897240629637
replication,22109,1,second_pulse_history_interaction,rigid,0.0004569338485418996
replication,22110,1,second_pulse_history_interaction,rigid,-0.002785202629799817
replication,22111,1,second_pulse_history_interaction,rigid,-0.0008046556960239736
replication,22100,1,second_pulse_history_interaction,choice_excess,-0.02974074074074076
replication,22101,1,second_pulse_history_interaction,choice_excess,0.009819444444444424
replication,22102,1,second_pulse_history_interaction,choice_excess,-0.013339120370370397
replication,22103,1,second_pulse_history_interaction,choice_excess,-0.030776620370370374
replication,22104,1,second_pulse_history_interaction,choice_excess,0.015091435185185185
replication,22105,1,second_pulse_history_interaction,choice_excess,-0.021593749999999967
replication,22106,1,second_pulse_history_interaction,choice_excess,-0.024805555555555536
replication,22107,1,second_pulse_history_interaction,choice_excess,0.005509259259259297
replication,22108,1,second_pulse_history_interaction,choice_excess,-0.0030682870370370256
replication,22109,1,second_pulse_history_interaction,choice_excess,-0.0004363425925926455
replication,22110,1,second_pulse_history_interaction,choice_excess,-0.007141203703703708
replication,22111,1,second_pulse_history_interaction,choice_excess,-0.006833333333333341
