name,seed,n,dt,nu,speed,kick_rms,forcing,nonlinear,initial,Re_box,energy_gain,baseline_energy_retained,disturbed_energy_retained,production_over_Edelta0,dissipation_over_Edelta0,source_radius_final,source_radius_rate,participation_fraction_final,marker_pair_rms,neighbor_length_ratio,neighbor_retention,vorticity_pair_correlation,vorticity_initial_correlation,vorticity_rms_change,max_high_band_fraction,max_budget_residual,max_divergence,max_cfl,seconds
air_7000,7000,26,0.01,0.15,1.0,0.05,0.0,True,random,40.0,0.5302569684987791,0.7255681003799392,0.7270822868956541,0.08867863966671669,0.5584216731266944,1.4210088372905314,0.4343603597261107,0.09480069609523674,0.024226451561199323,1.054597908128417,0.80224609375,0.99714478278678,0.6581197227317002,0.07075877006949373,2.5030365039633997e-07,1.958756941367047e-09,7.039287639719984e-17,0.09652194290573482,2.8940749000175856
air_7001,7001,26,0.01,0.15,1.0,0.05,0.0,True,random,40.0,0.47224506931524984,0.7210050437081778,0.7215551062737449,-0.03196556636616949,0.49578936730266765,1.5229628742821826,0.6042837547121949,0.12165801729210841,0.02636298706126087,1.0374498624424222,0.79736328125,0.998038675246166,0.7225075156899673,0.06291731747525606,6.867784070499201e-08,2.9840870226227595e-09,6.414155661084043e-17,0.0935912516298591,2.8467220999882556
air_7002,7002,26,0.01,0.15,1.0,0.05,0.0,True,random,40.0,0.49128298293421657,0.7588730271204974,0.758975793676973,0.00728684659025394,0.5160038670790967,1.4942015949614296,0.5563482891776073,0.10791394445364869,0.021849879914100916,1.0450711397403816,0.8056640625,0.9976695711090424,0.6880654886803219,0.06507995023615182,4.187616953505928e-08,3.423059405371909e-09,6.482496954430237e-17,0.1007490710957535,2.93874270003289
air_7003,7003,26,0.01,0.15,1.0,0.05,0.0,True,random,40.0,0.5129610852577237,0.6311810963044229,0.6256668646375909,0.04848693362970453,0.5355258501749376,1.4436928709022574,0.47216708241231997,0.09656327764946643,0.028684887964697432,1.0313869311099706,0.7998046875,0.9975974090777613,0.8039594646498971,0.06876241413616421,1.6975001726770307e-07,1.8029567422361826e-09,1.2966427622723095e-16,0.09190967201594719,2.878111700003501
air_dt_7000,7000,26,0.005,0.15,1.0,0.05,0.0,True,random,40.0,0.5302569685339508,0.7255681005375925,0.7270822870497033,0.08867863989244609,0.5584216714802654,1.4210088370373268,0.43436035930410233,0.09480069606477674,0.024226451552762422,1.054597907799796,0.80224609375,0.9971447827861916,0.6581197234944061,0.07075877006835513,2.5030354474670783e-07,1.2177012870262513e-10,5.972700867953792e-17,0.04826097145286741,9.14590830000816
air_grid_7000,7000,38,0.005,0.15,1.0,0.05,0.0,True,random,40.0,0.5302569701016159,0.7255681010167903,0.7270822874888739,0.08867865646732163,0.5584216864874819,1.4209577607950208,0.4342923515655117,0.09480069096280301,0.024227171950512556,1.0546142720344494,0.80224609375,0.9971447827719915,0.6581197186716327,0.07075877029243786,1.3961677870290233e-10,1.2177602676244348e-10,8.183571410731488e-17,0.07096386098227142,38.71892150002532
dt_5018,5018,26,0.005,0.03,1.0,0.05,0.0,True,random,200.0,0.9235487982817222,0.9172954481575869,0.9172542979762548,0.09237788698286925,0.16882908873181082,1.352892526996475,0.3208331759026832,0.0703086735463353,0.03316895206340014,1.0722121719911355,0.76025390625,0.9970573656855019,0.5760622948244204,0.11264981213628959,6.148831810552214e-05,3.066379615501713e-11,1.7215348790056082e-16,0.0426379758850286,7.4244256999809295
dt_5019,5019,26,0.005,0.03,1.0,0.05,0.0,True,random,200.0,1.095553789165595,0.8828059269572645,0.8828612101498433,0.3049253461891441,0.20937155707273267,1.3903141066599836,0.3832024753418639,0.07047495798809482,0.0290904045255228,1.0809033938652233,0.73779296875,0.9966238466773404,0.6100799370007587,0.14007168634153283,0.00019615121696114335,4.918374735263243e-11,1.5504191300720949e-16,0.04192682571692571,6.736896799993701
dt_5020,5020,26,0.005,0.03,1.0,0.05,0.0,True,random,200.0,0.9814310916236109,0.9258165266044959,0.9249993396942342,0.1605302139198603,0.17909912231752204,1.3313746959235027,0.2849701241143954,0.06954089095646483,0.025880347622895195,1.0601053448529778,0.76123046875,0.9965811714711434,0.5895978924797389,0.11686975376588096,3.660061130412521e-05,2.1272653777382176e-11,1.126932111523643e-16,0.04490961645096769,6.583350499975495
dt_5021,5021,26,0.005,0.03,1.0,0.05,0.0,True,random,200.0,0.8682165327222185,0.8850211083628959,0.8850266097924339,0.02847381605527966,0.16025728335634803,1.4211946097864827,0.43466998055269584,0.07989650180648991,0.023405510462075747,1.0855523326936667,0.7236328125,0.9977930404590739,0.49260892758036456,0.11222067838272559,0.00044843966965868855,2.3914998127110807e-11,1.4878912785593405e-16,0.05145678074629644,7.153910299995914
dt_5022,5022,26,0.005,0.03,1.0,0.05,0.0,True,random,200.0,0.9135975919252438,0.9051672132645587,0.9052600059051609,0.06914250218875688,0.15554491030315248,1.438109918855352,0.46286216233414446,0.08779317959675986,0.02409119684405775,1.0642419703855306,0.75146484375,0.9976875760564342,0.6029475975499307,0.10825786373711334,8.24607515005732e-05,3.963947226015564e-11,1.2650376575609374e-16,0.04856590097599557,6.781812500033993
dt_5023,5023,26,0.005,0.03,1.0,0.05,0.0,True,random,200.0,0.9963331448936796,0.8983285583991393,0.8982876553190443,0.1854978449987601,0.18916470014044146,1.351511980764596,0.31853226551621816,0.07307636602691234,0.03044917948059449,1.0661527572044838,0.74560546875,0.9965437051501118,0.5508349564833926,0.13171021479400877,0.00020316374363848856,3.536097196304989e-11,1.5115776438880564e-16,0.04414815898556835,6.845833299972583
dt_5024,5024,26,0.005,0.03,1.0,0.05,0.0,True,random,200.0,1.035535758968626,0.9031296039579804,0.9035355704610268,0.21612310453509026,0.1805873456048355,1.375817523703465,0.3590415037476665,0.06838060562087786,0.027569261195686784,1.0697849656869634,0.74609375,0.9969314655056539,0.5700873485993853,0.12287936579362603,6.810247223178327e-05,3.8371302663042796e-11,1.6353046850585715e-16,0.04946575899078439,6.887104400026146
dt_5025,5025,26,0.005,0.03,1.0,0.05,0.0,True,random,200.0,0.9455480641651804,0.8906574969193025,0.8905200198510229,0.12294742885707835,0.17739936488787394,1.4480712808898641,0.4794644323916649,0.06880278143213037,0.03313216098554599,1.09879265248851,0.732421875,0.9974748992798345,0.5557176519974314,0.11751920734050621,0.00021347177541663315,1.9597606957383332e-10,1.326896691948824e-16,0.04693579925416912,6.673391200019978
fast_water_7000,7000,26,0.01,0.01,2.0,0.05,0.0,True,random,1200.0,2.1550750399535743,0.9477972757555346,0.9480988720132211,1.3704329889616,0.21535768445083026,1.6066860680048904,0.7438224109167095,0.0597414996140052,0.030960611629617937,1.3309902747414997,0.5,0.9971139893483749,0.211802500401383,0.3508715238637712,0.007874898223636956,2.6455719568177504e-07,5.358656308320077e-16,0.1946938763455502,2.8424842999666
fast_water_7001,7001,26,0.01,0.01,2.0,0.05,0.0,True,random,1200.0,1.1929951851343388,0.9513219248989585,0.9516284217243748,0.285700247469683,0.09270483442241469,1.772915732611855,1.0208718519283175,0.12953742028475934,0.0343810074931238,1.2787085733365824,0.52978515625,0.9989177923320386,0.27318746608683936,0.20947831798961397,0.006703635588011632,2.2791292954467436e-07,4.1058395941943174e-16,0.1930426223091818,2.9331512000062503
fast_water_7002,7002,26,0.01,0.01,2.0,0.05,0.0,True,random,1200.0,1.4163347557506814,0.9592164094401484,0.9594408966862911,0.5167271418361917,0.10039228873157674,1.69701937834113,0.8943779281437747,0.08807530284690185,0.025859395668453054,1.257894656507056,0.53857421875,0.9984821027664597,0.24030160186903285,0.22344293254293893,0.0052603952173371936,9.735393363859147e-08,3.675875619120398e-16,0.20227149406514258,3.0600194999715313
fast_water_7003,7003,26,0.01,0.01,2.0,0.05,0.0,True,random,1200.0,3.2834025483645113,0.9251393526865007,0.9247245644214802,2.5971973672134143,0.31379457871567906,1.6004378869387998,0.7334087758065577,0.06066085691714292,0.03304938668659016,1.3542587634217842,0.4951171875,0.9966073687351811,0.2659862550284024,0.4623498544159467,0.01628719700165393,2.4013322406923887e-07,5.926851642614518e-16,0.19090264229862441,3.0311995999654755
fast_water_dt_7000,7000,26,0.005,0.01,2.0,0.05,0.0,True,random,1200.0,2.155075390796415,0.9477972531603365,0.9480988495249681,1.370433413983286,0.21535801044789826,1.6066862974939797,0.743822793398525,0.05974151470877381,0.030960611390272567,1.330996390101913,0.5,0.9971139864941473,0.21180249509119156,0.35087169807029317,0.007874905827250166,1.2738972680545473e-08,4.681452196176668e-16,0.09733653355031699,7.767712100001518
fast_water_grid_7000,7000,38,0.005,0.01,2.0,0.05,0.0,True,random,1200.0,2.1923041805455528,0.9474972107677007,0.9478018127366654,1.4378571649673055,0.24555295962244675,1.589653910031282,0.7154526002926143,0.05705651373119598,0.031174901078690177,1.3390443846257571,0.5009765625,0.9965431830059722,0.21090662787249645,0.385670985793446,0.001471813753481278,2.479930618498605e-08,4.462925415282536e-16,0.14254778596182735,38.75681190000614
fast_water_n50_7000,7000,50,0.005,0.01,2.0,0.05,0.0,True,random,1200.0,2.1945042378705004,0.9474662588166428,0.9477711963187682,1.4471160849782476,0.2526118217891014,1.5855805892258452,0.7086702602207506,0.056430670874889004,0.030812283553231203,1.339668823339114,0.498046875,0.9963910888454661,0.2108188436619291,0.39419683046032794,0.000352793133467956,2.5318645704291987e-08,5.203053087578269e-16,0.18763900186364998,102.91164619999472
fast_water_n62_7000,7000,62,0.005,0.01,2.0,0.05,0.0,True,random,1200.0,2.1943797289661435,0.9474644991631369,0.947769476014841,1.448460295894046,0.2540805441158334,1.5845607734013782,0.7069737189773067,0.05626077889011995,0.030722249721177052,1.341456517509032,0.49755859375,0.9963570462261041,0.21082667915874426,0.396037231475945,9.543056573308986e-05,2.2812069030639354e-08,4.819816123209919e-16,0.23299758995034406,229.3812939999625
forced_7000,7000,26,0.01,0.03,1.0,0.05,0.25,True,random,200.0,1.0484826516138517,0.9471102372302244,0.9494367671560341,0.24150128811390287,0.1930186371293614,1.318992525762088,0.26433317384537136,0.06560438290586147,0.028612624469900733,1.1007615557645596,0.7314453125,0.9967343666650007,0.5404738057701647,0.12779762593749697,0.0001677101511001798,6.293101890292309e-10,1.0649344601846246e-16,0.09652194290573482,3.075765700021293
forced_7001,7001,26,0.01,0.03,1.0,0.05,0.25,True,random,200.0,0.8131957670061434,1.003380759824112,1.003544581500752,-0.03694631562845522,0.14985791769107132,1.474832332742446,0.5240661854793013,0.09929041677186479,0.03195433062568455,1.0816153598414546,0.7265625,0.9983480714668719,0.6145535079313794,0.10092966768975167,0.00011618625606143765,3.256698730136343e-10,1.2419832502263733e-16,0.09775640086588354,2.7500232000020333
forced_7002,7002,26,0.01,0.03,1.0,0.05,0.25,True,random,200.0,0.8543624635128015,1.0158390401115003,1.0155968563450297,0.011231539077082398,0.1568690765040665,1.4297102871765004,0.4488627762027253,0.08235583189237311,0.02508025430046663,1.0802751565656112,0.75732421875,0.9976797722613209,0.5443912686153235,0.10321446532155622,4.307572256321031e-05,9.397856624848713e-10,1.1056190427619844e-16,0.1007490710957535,2.942465100029949
forced_7003,7003,26,0.01,0.03,1.0,0.05,0.25,True,random,200.0,1.0324106316828587,0.9434031932831993,0.9443487596733453,0.21849568625968535,0.18608505501362113,1.3571052240749815,0.3278543377001934,0.0689962209656679,0.0337336200381733,1.0762767009387906,0.7060546875,0.9978949941997587,0.6762146938870286,0.1278014065576325,0.00021556539805935149,4.3679448079314554e-10,2.2126680426070306e-16,0.09447173153919411,2.8540840999921784
grid_5018,5018,38,0.01,0.03,1.0,0.05,0.0,True,random,200.0,0.9235471513370872,0.9172952418629273,0.9172540920305471,0.09238165277069135,0.16883450190584992,1.3528330342273474,0.32075114061938936,0.07030112231101257,0.03317391871811744,1.0724102072455555,0.76025390625,0.9970569568411256,0.5760611301690906,0.11265788663437845,8.628685793120376e-07,4.722457667971636e-10,1.4588300159889796e-16,0.12472707742535928,20.19505660003051
grid_5019,5019,38,0.01,0.03,1.0,0.05,0.0,True,random,200.0,1.095565294520828,0.8828048425797679,0.8828601133225035,0.30510016127128087,0.20953486749203845,1.3899404075436275,0.3825967628131899,0.07044476514664752,0.029105190004309285,1.079810015238408,0.73779296875,0.9966170506873535,0.6100768859071964,0.140213413411091,4.706341496152172e-06,7.415856990988789e-10,1.6469548902847e-16,0.12320144277807736,19.706554699980188
grid_5020,5020,38,0.01,0.03,1.0,0.05,0.0,True,random,200.0,0.9814453058704256,0.925816427784138,0.9249992411829787,0.16056081511321973,0.17911550954994476,1.3312509769209702,0.28478104510876107,0.06952348388892989,0.025897393879368874,1.060033573152893,0.76123046875,0.9965796376550563,0.5895977298789564,0.11689605195379518,7.271135543507804e-07,3.071505940213659e-10,1.0110270796332075e-16,0.13148234211321888,19.68029099999694
grid_5021,5021,38,0.01,0.03,1.0,0.05,0.0,True,random,200.0,0.8682536338606791,0.8850181534004602,0.8850236094346796,0.02856624329351581,0.16031260978575565,1.4209706784179406,0.43431388093704504,0.07985649308826519,0.02339216735904119,1.0850526629815418,0.72509765625,0.9977896650396096,0.49259913302077113,0.11230915373000734,1.4618203358300317e-05,3.716942091368591e-10,1.7152544610625062e-16,0.1519008264200787,19.865139300003648
grid_5022,5022,38,0.01,0.03,1.0,0.05,0.0,True,random,200.0,0.9135956045410708,0.9051667451403639,0.9052595157136454,0.0691554162518302,0.15555981231768945,1.4380070783460377,0.46270788081720693,0.0877868787389596,0.02408780214363962,1.0646189973897795,0.75146484375,0.9976866856744092,0.6029449660634786,0.10827910827442815,1.7659356115701777e-06,6.069300877847851e-10,1.4185588226236177e-16,0.142317973958421,19.40833659999771
grid_5023,5023,38,0.01,0.03,1.0,0.05,0.0,True,random,200.0,0.9963563931920522,0.8983272109794596,0.8982862941859604,0.18563896779612288,0.18928257514142122,1.351255227734858,0.31812146313190703,0.07304053931068168,0.03046585794418024,1.065386693342967,0.74560546875,0.9965367993591322,0.5508241024506408,0.13184426986376876,4.7277599646369195e-06,5.373504592676158e-10,1.597393281657974e-16,0.13004693152627603,19.258429199981038
grid_5024,5024,38,0.01,0.03,1.0,0.05,0.0,True,random,200.0,1.035564326142821,0.9031292833791179,0.903535207758862,0.21620664257583347,0.18064231695400348,1.3756328934284237,0.35875090595451653,0.06833061530795832,0.02758536865959822,1.0696036288761945,0.74609375,0.9969283149665167,0.570085707028172,0.12294287106764698,1.089071819817317e-06,5.209908459508084e-10,1.5239982942215653e-16,0.14452776403509324,19.1546445999993
grid_5025,5025,38,0.01,0.03,1.0,0.05,0.0,True,random,200.0,0.9455348675479176,0.8906562613436271,0.890518777701337,0.122937951858056,0.1774030871446008,1.4480021579149678,0.4793663467654241,0.06879892988099401,0.03312307315013161,1.09984458736212,0.732421875,0.9974748306011074,0.5557118239819726,0.11752209110043633,4.707755954955087e-06,2.8344624390663764e-09,1.2662984380350013e-16,0.1380161465250806,18.787300699972548
large_kick_7000,7000,26,0.01,0.03,1.0,0.1,0.0,True,random,200.0,1.0659848697684131,0.9045112301313649,0.9056557349682139,0.26144697760177055,0.19546210849821016,1.29793675726929,0.2292402263573745,0.06515464952231265,0.05634400096892771,1.1012715827202857,0.73828125,0.9862947183594954,0.5717501684388773,0.25707867900174286,0.0001774131987461717,6.648526347519114e-10,1.1476798212553903e-16,0.09673726526367561,3.0051204000483267
large_kick_7001,7001,26,0.01,0.03,1.0,0.1,0.0,True,random,200.0,0.8228776738743366,0.9088271716196649,0.9102499844993585,-0.026581045174733402,0.15054128146570567,1.4640407869636,0.5060802758478915,0.09921812071040806,0.062145828603988755,1.0827783467806313,0.73486328125,0.9920241715118633,0.6278427579388879,0.20000528279254076,9.159750160671546e-05,5.147757003651223e-10,1.3613174832621323e-16,0.09761343980527648,2.812825500033796
large_kick_7002,7002,26,0.01,0.03,1.0,0.1,0.0,True,random,200.0,0.8921441380934022,0.9218897452488588,0.9225957363103084,0.053899958729701936,0.16175582156632964,1.4244553730130898,0.44010458593037427,0.08192786537839736,0.05045845233581418,1.0794279149595958,0.75341796875,0.989210030163052,0.6020930390157839,0.21284750986001516,5.137076412552176e-05,9.300299679687596e-10,1.303089111939918e-16,0.1007490710957535,2.860107699991204
large_kick_7003,7003,26,0.01,0.03,1.0,0.1,0.0,True,random,200.0,1.0475739431478872,0.8734842687997929,0.8696500612228827,0.2355493234309033,0.18797538066132846,1.3342540112873569,0.2897689830541528,0.06746506819524006,0.06703160012130874,1.0760342798751967,0.72216796875,0.9898752219391663,0.6791206753986918,0.2567496948976066,0.00018441349743581714,3.7831229034862584e-10,1.8940035023459682e-16,0.09190967201594719,2.9173324999865144
no_kick_7000,7000,26,0.01,0.03,1.0,0.0,0.0,True,random,200.0,0.0,0.9045112301313649,0.9045112301313649,0.0,0.0,0.0,0.0,0.0,0.0,1.0987117804438526,0.7353515625,1.0,0.5717501684388773,0.0,0.00018583457304692953,3.8816654472723624e-10,1.0794918627413899e-16,0.09673726526367561,4.348745199968107
no_kick_7001,7001,26,0.01,0.03,1.0,0.0,0.0,True,random,200.0,0.0,0.9088271716196649,0.9088271716196649,0.0,0.0,0.0,0.0,0.0,0.0,1.0758579755048374,0.74072265625,1.0,0.6278427579388879,0.0,9.280480971773663e-05,1.4898448963200012e-10,1.0783365141325848e-16,0.09437943159192252,3.940407900023274
no_kick_7002,7002,26,0.01,0.03,1.0,0.0,0.0,True,random,200.0,0.0,0.9218897452488588,0.9218897452488588,0.0,0.0,0.0,0.0,0.0,0.0,1.0725118727533025,0.75732421875,1.0,0.6020930390157839,0.0,5.15997169035395e-05,1.6690061180263138e-10,1.2326085286419322e-16,0.1007490710957535,4.014549400017131
no_kick_7003,7003,26,0.01,0.03,1.0,0.0,0.0,True,random,200.0,0.0,0.8734842687997929,0.8734842687997929,0.0,0.0,0.0,0.0,0.0,0.0,1.0718519640812354,0.72607421875,1.0,0.6791206753986918,0.0,0.00018038310634260665,1.47407196005429e-10,2.600732277155764e-16,0.09190967201594719,3.951758700015489
organized_7000,7000,26,0.01,0.03,1.0,0.05,0.0,True,beltrami,200.0,0.8703713230272465,0.9612907007229454,0.9609820246874865,0.027640677955486245,0.15726935542341314,1.358603634205579,0.33035168791785585,0.06704404973348804,0.02466804974144112,1.031130030618746,0.8125,0.9949618049569008,1.0,0.10158903410741943,1.2139894207195176e-09,4.951733901387142e-10,8.375307715281075e-18,0.061269101373852004,4.396309899981134
organized_7001,7001,26,0.01,0.03,1.0,0.05,0.0,True,beltrami,200.0,0.8720800458428685,0.9612907007229459,0.9609906212533786,0.027330700230204293,0.15525065502766522,1.3971519893140947,0.39459894643204874,0.0690532803329741,0.02583502081972337,1.0250565882506788,0.81591796875,0.9952014296495436,1.0,0.09928074215439953,1.166977091402535e-09,6.403294344412e-10,9.470991934133713e-18,0.0683888184636603,4.3119636999908835
organized_7002,7002,26,0.01,0.03,1.0,0.05,0.0,True,beltrami,200.0,0.8609297494122958,0.9612907007229459,0.9609830467610624,0.017558158397694385,0.15662840941640752,1.3633950780204032,0.3383374276092296,0.06697617717508429,0.023260897179313882,1.0243647796170174,0.81591796875,0.9950456436869026,1.0000000000000002,0.10074335990176991,9.687032441131928e-10,4.310089828443717e-10,9.53855573173438e-18,0.061259434402729324,4.058851999987382
organized_7003,7003,26,0.01,0.03,1.0,0.05,0.0,True,beltrami,200.0,0.900834361050452,0.9612907007229463,0.9609808720123388,0.06118249030706089,0.16034812942867016,1.3500374352665325,0.3160746896861126,0.06969526213483537,0.03342299189498605,1.0271135790530201,0.80810546875,0.9947386455178935,0.9999999999999999,0.10426340663749563,4.289388515433149e-09,1.7206125847019088e-10,1.0920395807123194e-17,0.06126460372119404,4.3119796999963
reference_7000,7000,26,0.01,0.03,1.0,0.05,0.0,True,random,200.0,1.0685342653988334,0.9045112301313649,0.9052831796788837,0.2651163554532048,0.19658209061854598,1.285894719365057,0.2091701631836529,0.06289988186021682,0.028389709508067008,1.1002995026517621,0.73828125,0.9964903286218388,0.5717501684388773,0.1296478390993084,0.00018149989788512292,5.64174575112819e-10,1.1154575405361438e-16,0.09673726526367561,2.655068600026425
reference_7001,7001,26,0.01,0.03,1.0,0.05,0.0,True,random,200.0,0.8199249036157252,0.9088271716196649,0.9097211299060238,-0.0296401371501875,0.15043495959871933,1.4486026346437495,0.4803500219814738,0.09439885163162327,0.031175202177752853,1.0782467833445357,0.73828125,0.9979628342275161,0.6278427579388879,0.09972543781651311,9.189667116201674e-05,3.6463208754472514e-10,1.0966274285045841e-16,0.09490926531469475,2.6755450000055134
reference_7002,7002,26,0.01,0.03,1.0,0.05,0.0,True,random,200.0,0.8894750772284021,0.9218897452488588,0.9224571490555609,0.05103810225410691,0.16156302576384493,1.4088243523222561,0.41405288477898483,0.07744279829814402,0.02524476344054465,1.0726555279433274,0.7578125,0.9972518960414122,0.6020930390157839,0.10615789838931552,5.117913748936602e-05,7.381401045947201e-10,1.146656316190556e-16,0.1007490710957535,2.6884491999517195
reference_7003,7003,26,0.01,0.03,1.0,0.05,0.0,True,random,200.0,1.048875917957396,0.8734842687997929,0.8716720363153371,0.23651487895693854,0.18763896133005642,1.3353219195891821,0.2915488302238619,0.06701208199903337,0.033502464531449234,1.07291346604161,0.72216796875,0.9974545008533872,0.6791206753986918,0.12834308936302014,0.000180389051467113,3.305140666362562e-10,1.8967242896826666e-16,0.09190967201594719,2.703852700011339
screen,6000,26,0.01,0.03,1.0,0.05,0.0,True,random,200.0,0.9950272866749528,0.8786196179934982,0.8790919222732988,0.1779461406175437,0.18291885489202125,1.3758483826575847,0.3590929353378658,0.07373593492745094,0.03167182106684737,1.1062485256623984,0.74169921875,0.9973249479134001,0.5006024509389353,0.12639529043265355,0.00034228111010141073,9.494302696463897e-10,2.1383821644063222e-16,0.0931731728223154,3.1422013999545015
screen_dt,6000,26,0.005,0.03,1.0,0.05,0.0,True,random,200.0,0.9950272855627675,0.8786196173882697,0.8790919216791151,0.17794614181372775,0.18291885631479174,1.3758483842930664,0.3590929380636687,0.07373593517524062,0.03167182112954492,1.1062485208488098,0.74169921875,0.9973249478939878,0.5006024523824416,0.1263952906196402,0.00034228112397007623,6.383155722738953e-11,1.934062434743307e-16,0.0465865864111577,5.768367599986959
screen_grid,6000,38,0.01,0.03,1.0,0.05,0.0,True,random,200.0,0.9950667629387453,0.8786172581261977,0.8790895623951379,0.17804114358935363,0.18297438161565857,1.375650149096345,0.3587796654010526,0.07372613611691844,0.031677774530743434,1.105187595429824,0.74267578125,0.9973219507829957,0.5005900584883394,0.12646876997368545,8.937795988539395e-06,9.650502402411276e-10,1.5043110956608332e-16,0.13648289638128056,13.008452899986878
seed5000,5000,26,0.01,0.03,1.0,0.05,0.0,True,random,200.0,0.9540990185755582,0.9386298193526732,0.937904329478116,0.12083554117383963,0.16673652270879102,1.3215774615328324,0.268641400129945,0.06964342247957143,0.02577822183737593,1.0690619144880926,0.7685546875,0.996399494683953,0.6836292753004752,0.10931439961710518,1.645103292098571e-05,1.4575682732611296e-10,8.275238384696934e-17,0.0852988959252084,3.0177386000286788
seed5001,5001,26,0.01,0.03,1.0,0.05,0.0,True,random,200.0,1.1408351424618048,0.8850499183615509,0.8843318501554635,0.36412908080412304,0.22329393981633777,1.2926877649768018,0.22049190586989437,0.06212810128939287,0.027771665707848673,1.0800550949868548,0.73681640625,0.996410555839523,0.48325893571062284,0.1434756983270837,0.00033641808029829005,1.4740195175555473e-09,1.4029103988272455e-16,0.10343759240289262,3.0010335000115447
seed5002,5002,26,0.01,0.03,1.0,0.05,0.0,True,random,200.0,0.914547035577654,0.8865433807556476,0.8860493770829858,0.08826948794335288,0.17372245314286736,1.4129963395103269,0.4210061967591028,0.08043662382802069,0.02900179913455964,1.0772869870416824,0.734375,0.9973830248734425,0.57967440710593,0.12114556793379153,0.0004109637349828845,7.771685855625933e-10,1.7852850131019483e-16,0.11253145839217084,2.9510164000093937
seed5003,5003,26,0.01,0.03,1.0,0.05,0.0,True,random,200.0,1.0576524241829661,0.8944901150079111,0.8939327290665968,0.24763566397542153,0.18998324039237674,1.4558968635430751,0.49250707014701617,0.07031598059516592,0.03463163051679113,1.0982702639653883,0.736328125,0.996913370292815,0.5597010292580846,0.13040031180720318,0.00014767837993322493,5.999212628407521e-10,1.8078300658477667e-16,0.0972548517872895,2.892809400043916
seed5004,5004,26,0.01,0.03,1.0,0.05,0.0,True,random,200.0,0.997793645576693,0.8984364138907466,0.8972995996491939,0.17907512042863807,0.18128147535000708,1.3609774958999732,0.33430812407517996,0.06851350842531154,0.023206682626671065,1.0546854935886891,0.74267578125,0.9971426910533345,0.6375942805381628,0.12203987089588707,0.00011330208050080751,4.980620733549546e-10,2.2753511184878496e-16,0.08681387693197865,2.766163999971468
seed5005,5005,26,0.01,0.03,1.0,0.05,0.0,True,random,200.0,1.138273172445606,0.9209682388434371,0.9204052570526019,0.33352197931876665,0.19524880757979488,1.381185827181416,0.36798867621091785,0.07536084272992294,0.02417364316878021,1.06176344558534,0.76220703125,0.9956967428514171,0.5490035128441033,0.1319710754892608,8.684293199843506e-05,7.066343387165942e-10,1.3490311064980927e-16,0.08768957968308833,2.7259628999745473
seed5006,5006,26,0.01,0.03,1.0,0.05,0.0,True,random,200.0,1.0043528010633163,0.9049113937339165,0.9049588878009469,0.18373273725467232,0.17937993731061314,1.4045101844049335,0.40686260491678045,0.06951810506186451,0.02730438124138399,1.0704466041316656,0.7265625,0.9969118951239957,0.5913735099392506,0.1223703930989327,0.0001324765911321902,1.1192570091231315e-09,1.2185745761657312e-16,0.10153557593678775,2.749520399956964
seed5007,5007,26,0.01,0.03,1.0,0.05,0.0,True,random,200.0,0.9999349453055291,0.8854686293499648,0.8838545703137702,0.18724849777045688,0.18731355442977074,1.3375579951517,0.2952756228280581,0.06162241274022931,0.028758597920607826,1.106297888538868,0.71435546875,0.9973950703806307,0.6108208578464568,0.1233768951948961,0.00018974507573357597,1.9648428934218587e-09,1.5952951112683045e-16,0.09622728065446083,2.7578689999645576
seed5008,5008,26,0.01,0.03,1.0,0.05,0.0,True,random,200.0,0.8193337162218908,0.8955648878605222,0.8956414120055801,-0.024531360865731267,0.15613492468479442,1.4653718575641508,0.5082987268488093,0.07429416876386913,0.025295127112967768,1.0775089842854766,0.748046875,0.9977911711130694,0.5328714658528567,0.10880418789526616,0.0001360164131698672,1.7724165017607432e-09,1.6017697408473925e-16,0.09791325285624819,2.729645499959588
seed5009,5009,26,0.01,0.03,1.0,0.05,0.0,True,random,200.0,0.9000769229669399,0.924077770977362,0.9238135058828546,0.06080724015388159,0.1607303187342529,1.4525587905268158,0.4869436151199177,0.06810376395781123,0.033089704502047616,1.0667908253716365,0.763671875,0.9971073861747174,0.49100072104777376,0.10645833559668792,6.74486623691217e-05,1.5473111290506547e-09,1.0818629347576904e-16,0.09057617639969742,2.795740300032776
seed5010,5010,26,0.01,0.03,1.0,0.05,0.0,True,random,200.0,0.9302000473799875,0.8658866492994157,0.8655911492590257,0.11122024522552008,0.18102019894774102,1.39282137513256,0.3873812561294913,0.06929853457587756,0.032547013728338875,1.1071978195212793,0.73388671875,0.997646242579418,0.5177427224669617,0.12230834657531789,0.0002472624653075598,1.102208472061883e-09,1.591094400532028e-16,0.1029910111673998,2.745371399971191
seed5011,5011,26,0.01,0.03,1.0,0.05,0.0,True,random,200.0,1.0520792697082975,0.8925196732632152,0.8926860374647082,0.23989224285532787,0.18781297373262032,1.3251999511564994,0.2746788828360569,0.0661003672289704,0.028254338108787313,1.0778642971149905,0.732421875,0.9971513422263505,0.5702743515813511,0.12429186148368232,0.00016636165839325814,5.855898231599267e-10,1.9665411165134696e-16,0.09886784985394673,2.7214887000154704
seed5012,5012,26,0.01,0.03,1.0,0.05,0.0,True,random,200.0,0.9323969055816209,0.8896100170366648,0.8894116500403808,0.10208752736697246,0.16969062319264916,1.419404876135658,0.43168709113465453,0.07346840004416791,0.03226552485814829,1.0895718396628262,0.71923828125,0.9976317866945272,0.5692275248517196,0.11625982436873074,0.00014887271638598304,1.4072975423884417e-09,1.5372850556211663e-16,0.0914670196647687,2.891367199947126
seed5013,5013,26,0.01,0.03,1.0,0.05,0.0,True,random,200.0,1.156908074787527,0.8683944697110113,0.8678042399760244,0.3770290809370433,0.22012100721791983,1.3034572918651348,0.23844111735044934,0.06429813382304157,0.02759017485028152,1.0853828783259287,0.74658203125,0.9968087611724818,0.5060146291502686,0.14531955945581454,0.0005353035089253693,1.0684036554770018e-09,2.0911951963883465e-16,0.10204156226754342,2.8220081999897957
seed5014,5014,26,0.01,0.03,1.0,0.05,0.0,True,random,200.0,1.211763702177227,0.8395010210855844,0.8396297778453231,0.4509577413283339,0.23919403992077085,1.2860887703359125,0.20949358146841218,0.05709045886628546,0.025086653315034027,1.1000432583548672,0.728515625,0.996720870374697,0.429883720891018,0.15553554555337187,0.0011851350489703338,7.696638465448659e-10,1.8039020298696161e-16,0.1106752206626508,2.829365300014615
seed5015,5015,26,0.01,0.03,1.0,0.05,0.0,True,random,200.0,0.9927763068986819,0.900608904568483,0.9003592056041002,0.17858146835099917,0.18580516259127747,1.361855686268152,0.33577177468881114,0.06763088548482943,0.028908863564878984,1.0696543859160244,0.7314453125,0.9969909323333135,0.5643218600686862,0.12391365852257376,0.00011233200781527327,1.1389601501515804e-09,1.6448058089094385e-16,0.10622968746579545,2.8199134999886155
seed5016,5016,26,0.01,0.03,1.0,0.05,0.0,True,random,200.0,0.9815765529847239,0.8968749659492963,0.8961708964706282,0.15506358036415055,0.17348702851473513,1.422938434474209,0.4375763550322398,0.07460678907678388,0.026240738742689697,1.0814628735726917,0.7265625,0.9973684619287967,0.5479765855259053,0.11951430656677219,0.0001694738052354457,1.1353085355506056e-09,1.4563917899060887e-16,0.10649677539087575,2.8068225999595597
seed5017,5017,26,0.01,0.03,1.0,0.05,0.0,True,random,200.0,0.9743326337599556,0.9160126234452762,0.9161120420445495,0.1503932149304269,0.17606058220321968,1.3861149265479098,0.376203841821741,0.06798083895304373,0.026805482776803297,1.0743430940823107,0.74169921875,0.9968662089214491,0.6213957923222335,0.11752458775627983,7.095762824023415e-05,1.032748365992209e-09,1.2218598944106451e-16,0.08020287410881405,2.7804400000022724
seed5018,5018,26,0.01,0.03,1.0,0.05,0.0,True,random,200.0,0.9235487988849126,0.9172954484963999,0.9172542983155202,0.09237788678706604,0.16882908837271451,1.3528925265474898,0.3208331751543744,0.07030867346994123,0.0331689520849206,1.0722121729114031,0.76025390625,0.997057365697172,0.5760622932500533,0.11264981207823371,6.148831302964976e-05,4.705610900934687e-10,1.3530992902190392e-16,0.0852759517700572,2.8831093999906443
seed5019,5019,26,0.01,0.03,1.0,0.05,0.0,True,random,200.0,1.0955537889816753,0.8828059271793345,0.8828612103874021,0.30492534325480497,0.2093715549789239,1.3903141054765473,0.3832024733694702,0.07047495802488597,0.029090404528190006,1.0809033933514862,0.73779296875,0.9966238467056818,0.6100799362978011,0.14007168590012545,0.00019615121603599913,7.057942338212221e-10,1.5322914069410077e-16,0.08385365143385141,2.783526499988511
seed5020,5020,26,0.01,0.03,1.0,0.05,0.0,True,random,200.0,0.9814310912465037,0.9258165268259181,0.9249993399141935,0.16053021237809748,0.17909912143651,1.3313746954104908,0.28497012325937565,0.06954089089907015,0.025880347584650912,1.0601053444164779,0.76123046875,0.9965811714949229,0.5895978915610658,0.11686975345525376,3.660060777588015e-05,3.0491622681622073e-10,1.1743354452258456e-16,0.0898200183513999,2.805980400007684
seed5021,5021,26,0.01,0.03,1.0,0.05,0.0,True,random,200.0,0.8682165320682818,0.8850211089031024,0.8850266103312344,0.02847381435795401,0.16025728263646366,1.4211946090252157,0.43466997928391743,0.07989650164397874,0.0234055104703536,1.0855523319248157,0.7236328125,0.9977930404831615,0.49260892553241475,0.11222067801456659,0.0004484396604353776,3.65946750122072e-10,1.5204835657548798e-16,0.10291356149259288,2.687757599982433
seed5022,5022,26,0.01,0.03,1.0,0.05,0.0,True,random,200.0,0.913597592387507,0.9051672135107072,0.9052600061494448,0.06914250151288874,0.1555449097299767,1.4381099182153045,0.4628621612673989,0.08779317950386835,0.024091196852268765,1.064241970610245,0.75146484375,0.9976875760645564,0.602947597043202,0.10825786361358147,8.246074930086865e-05,6.04595041565903e-10,1.293857527359314e-16,0.09713180195199114,2.721262100036256
seed5023,5023,26,0.01,0.03,1.0,0.05,0.0,True,random,200.0,0.9963331448996993,0.8983285589843418,0.8982876559068672,0.1854978432103132,0.18916469883977421,1.3515119803502251,0.3185322648255999,0.07307636596504244,0.03044917942905798,1.0661527688486871,0.74560546875,0.9965437051947962,0.5508349539025659,0.13171021435146643,0.00020316373879816337,5.291602876364433e-10,1.8213233489159122e-16,0.08829770266693371,2.737936499994248
seed5024,5024,26,0.01,0.03,1.0,0.05,0.0,True,random,200.0,1.0355357580249147,0.9031296043479079,0.9035355708704496,0.2161231002618945,0.18058734272519997,1.3758175217733386,0.359041500530789,0.06838060543895169,0.027569261228416277,1.0697849639651018,0.74609375,0.9969314655571249,0.5700873475965549,0.12287936490607179,6.81024645648718e-05,4.882201197140004e-10,1.6366934161774837e-16,0.09893199388932272,2.8284295999910682
seed5025,5025,26,0.01,0.03,1.0,0.05,0.0,True,random,200.0,0.9455480687261495,0.8906574973105367,0.8905200202386534,0.12294742781919978,0.17739936190281846,1.4480712723206444,0.4794644181096319,0.06880278086164378,0.033132160849180754,1.0987926523649476,0.732421875,0.99747489928693,0.555717650381488,0.11751920739978884,0.0002134717775073921,2.809768129968804e-09,1.2351336882296595e-16,0.09387159850833823,2.7054450000287034
small_kick_7000,7000,26,0.01,0.03,1.0,0.025,0.0,True,random,200.0,1.0691719834670061,0.9045112301313649,0.9049477972382789,0.26619361414678183,0.19702163121566668,1.2813478879580145,0.20159211083858247,0.062116783051360154,0.014239575443633324,1.0995105873267028,0.73779296875,0.9991160201489623,0.5717501684388773,0.06503425808208091,0.0001837042866729318,5.358909930391901e-10,1.1428821057639856e-16,0.09673726526367561,2.7643489000038244
small_kick_7001,7001,26,0.01,0.03,1.0,0.025,0.0,True,random,200.0,0.8184286469724451,0.9088271716196649,0.9093210345165498,-0.03111833646826562,0.1504530168757918,1.4412461149957023,0.4680891559013963,0.09207697612203411,0.01560277308869763,1.0775217440237168,0.73876953125,0.9994855137923415,0.6278427579388879,0.04983041173158616,9.230355565181698e-05,3.1650255333248743e-10,1.2357461146547786e-16,0.09437943159192252,2.809808999998495
small_kick_7002,7002,26,0.01,0.03,1.0,0.025,0.0,True,random,200.0,0.887962925124222,0.9218897452488588,0.9222285282111584,0.04945759742014309,0.16149467296780606,1.401761472902618,0.4022814190795887,0.07546088540763021,0.012615685743810612,1.0724582309578972,0.7578125,0.9993079740671447,0.6020930390157839,0.053026641664155404,5.133628165943638e-05,6.71885030251174e-10,1.0036822692157773e-16,0.1007490710957535,2.8868246000492945
small_kick_7003,7003,26,0.01,0.03,1.0,0.025,0.0,True,random,200.0,1.0489714795546345,0.8734842687997929,0.8726058725703462,0.23638658920449607,0.18741510997055053,1.3373717905836757,0.29496528188135085,0.06712997505483767,0.016730427007959254,1.0725325425812107,0.72412109375,0.9993637134843528,0.6791206753986918,0.0641223214763172,0.00017996379442738634,3.2068911328536625e-10,1.9259015369088105e-16,0.09190967201594719,2.8962849999661557
stokes_null_7000,7000,26,0.01,0.03,1.0,0.05,0.0,False,random,200.0,0.8476373539114079,0.9138933394007273,0.9143522642527263,5.204170427930424e-18,0.15236264608887679,1.205455075227846,0.07510408962163484,0.06330717400414272,0.02902556591580939,1.0762922196815459,0.74609375,0.997715565610601,0.9938460525867656,0.09668786793019375,5.923705245073099e-33,2.8473317453814333e-13,5.946192799464297e-17,0.09652194290573482,2.1430134000256658
stokes_null_7001,7001,26,0.01,0.03,1.0,0.05,0.0,False,random,200.0,0.8476373539114073,0.9180278894414217,0.9188668234253956,5.131890283098055e-18,0.15236264608887662,1.2054550752278463,0.07510408962163521,0.06330717400414275,0.0363237838263957,1.0484524905176489,0.740234375,0.9976869400257095,0.9936966068961761,0.09668786793019372,8.552728367160912e-33,2.8390918088705424e-13,8.330930109393316e-17,0.0935912516298591,2.070038100006059
stokes_null_7002,7002,26,0.01,0.03,1.0,0.05,0.0,False,random,200.0,0.8476373539114117,0.9292002892207196,0.9297481702730381,6.071532165918821e-18,0.1523626460888767,1.2054550752278494,0.07510408962164003,0.06330717400414308,0.024698105339886936,1.0497802422179685,0.76708984375,0.9973043581049903,0.9916966557389054,0.09668786793019381,5.542893653338199e-33,2.8844114596804345e-13,9.982272249436025e-17,0.1007490710957535,1.962043400038965
stokes_null_7003,7003,26,0.01,0.03,1.0,0.05,0.0,False,random,200.0,0.8476373539114118,0.8930643070311791,0.8915097910422267,3.1803263726241462e-18,0.1523626460888768,1.2054550752278488,0.07510408962163892,0.06330717400414297,0.03451739893405908,1.0577921714460201,0.7314453125,0.9981412489430906,0.9967746147658102,0.09668786793019386,7.390083885118285e-33,2.8867967044599036e-13,1.412692253099213e-16,0.09190967201594719,3.0823811999871396
water_7000,7000,26,0.01,0.01,1.0,0.05,0.0,True,random,600.0,1.2675845819925864,0.9627290292588162,0.9630479464636035,0.34513652616363605,0.07755194377074989,1.2659281861881582,0.17589260788882122,0.05716605384946377,0.029229069474096286,1.1059826084391522,0.71630859375,0.9962701909327513,0.5232312611648658,0.1558981329090574,0.0008630708312702208,4.0029983451247954e-10,1.6842083852438628e-16,0.0971860454184544,2.698091399972327
water_7001,7001,26,0.01,0.01,1.0,0.05,0.0,True,random,600.0,0.9242804379105867,0.965171576234378,0.96557257625214,-0.01997957265211547,0.055739988190308384,1.4405371183843074,0.46690749488240335,0.08960023640897471,0.03218120905766661,1.088802321950103,0.72314453125,0.997971873476587,0.580381695844753,0.11331894523485436,0.0004246429747206231,1.2469894366227968e-09,1.4383551480453028e-16,0.09794271353500246,2.711298500013072
water_7002,7002,26,0.01,0.01,1.0,0.05,0.0,True,random,600.0,1.014787365366234,0.9699817925154637,0.9702441555900183,0.07503446684014696,0.06024710103125886,1.3998831630013449,0.3991509025774661,0.07222010227359922,0.02599973613114849,1.08083189213461,0.74462890625,0.9972679430241617,0.5560272922104236,0.12081525618440407,0.0002522082971744713,4.42653997224235e-10,1.537379690643206e-16,0.1009570549836643,2.7227758999797516
water_7003,7003,26,0.01,0.01,1.0,0.05,0.0,True,random,600.0,1.2524182178276035,0.9513711372800807,0.9506928909364204,0.32629957689023553,0.07388135866656806,1.3220463305485433,0.2694228484894638,0.06239618108352758,0.034538762907989365,1.0891014573284343,0.69970703125,0.9972953985035045,0.6218870998144167,0.1547607706780209,0.0008033905668658941,3.9606388915064426e-10,2.1706054149841476e-16,0.09243377966279412,2.9151396000524983
water_dt_7000,7000,26,0.005,0.01,1.0,0.05,0.0,True,random,600.0,1.267584583780885,0.9627290285446668,0.9630479457533229,0.345136528450102,0.07755194464890973,1.2659281880589706,0.1758926110068419,0.057166053924049116,0.02922906946877113,1.1059826891565125,0.71630859375,0.9962701908710918,0.5232312617424705,0.1558981344287245,0.0008630711436322473,2.030720426884902e-11,1.3047145283702587e-16,0.04859269776333122,6.829903999983799
water_grid_7000,7000,38,0.005,0.01,1.0,0.05,0.0,True,random,600.0,1.2680558371421884,0.9627191575788712,0.9630383167277714,0.34584614976283395,0.07779031259874519,1.2653699711004736,0.1749793687412667,0.057055729072171525,0.029216439841967777,1.1077010739122977,0.716796875,0.9962358546254484,0.5230321128736093,0.15667449611053602,6.182086082523886e-05,2.2140220572487787e-11,1.5626100413356036e-16,0.07114592866822211,38.43266579997726
