regime,seed,comparison,gain_relative_change,marker_rms_change,fine_budget_residual
reference,5018,grid,1.7839315338274986e-06,0.00047026905137444755,4.722457667971636e-10
reference,5018,dt,6.531223339933945e-10,5.04765400357918e-09,3.066379615501713e-11
reference,5019,grid,1.050203035979358e-05,0.0010932845556366096,7.415856990988789e-10
reference,5019,dt,1.678783778658044e-10,2.883790235868156e-09,4.918374735263243e-11
reference,5020,grid,1.4483567973844202e-05,0.0003736516511887108,3.071505940213659e-10
reference,5020,dt,3.842419715738288e-10,4.2704880012165994e-09,2.1272653777382176e-11
reference,5021,grid,4.273334016002828e-05,0.0017781531472328032,3.716942091368591e-10
reference,5021,dt,7.531955059647544e-10,9.075228052639968e-09,2.3914998127110807e-11
reference,5022,grid,2.175844652785308e-06,0.0006605320275755592,6.069300877847851e-10
reference,5022,dt,5.059812568930511e-10,3.4615852480437612e-09,3.963947226015564e-11
reference,5023,grid,2.3333854215268346e-05,0.0009144337942253106,5.373504592676158e-10
reference,5023,dt,6.041833700010102e-12,8.800949033922476e-09,3.536097196304989e-11
reference,5024,grid,2.758776573852373e-05,0.0005330671528724068,5.209908459508084e-10
reference,5024,dt,9.113265697635597e-10,4.480126416935066e-09,3.8371302663042796e-11
reference,5025,grid,1.3961403622420043e-05,0.001188738837743347,2.8344624390663764e-09
reference,5025,dt,4.823624721872477e-09,6.000465049309677e-09,1.9597606957383332e-10
fast_water,7000,grid,0.01727510174902336,0.03482310481349491,2.479930618498605e-08
fast_water,7000,dt,1.6279843340072375e-07,1.3009197093880734e-06,1.2738972680545473e-08
water,7000,grid,0.00037177412560596146,0.0033787833498216554,2.2140220572487787e-11
water,7000,dt,1.4107923718142956e-09,1.666664362229978e-08,2.030720426884902e-11
air,7000,grid,3.0227547132000154e-09,6.015764350102659e-05,1.2177602676244348e-10
air,7000,dt,6.632938642781028e-11,2.667264596737209e-09,1.2177012870262513e-10
