regime,runs,nu,speed,kick_rms,Re_box,energy_gain_mean,energy_gain_ci_low,energy_gain_ci_high,source_radius_rate_mean,source_radius_rate_ci_low,source_radius_rate_ci_high,participation_fraction_final_mean,participation_fraction_final_ci_low,participation_fraction_final_ci_high,marker_pair_rms_mean,marker_pair_rms_ci_low,marker_pair_rms_ci_high,neighbor_length_ratio_mean,neighbor_length_ratio_ci_low,neighbor_length_ratio_ci_high,neighbor_retention_mean,neighbor_retention_ci_low,neighbor_retention_ci_high,vorticity_pair_correlation_mean,vorticity_pair_correlation_ci_low,vorticity_pair_correlation_ci_high,production_over_Edelta0_mean,production_over_Edelta0_ci_low,production_over_Edelta0_ci_high,dissipation_over_Edelta0_mean,dissipation_over_Edelta0_ci_low,dissipation_over_Edelta0_ci_high
reference,4,0.03,1.0,0.05,200.0,0.9567025410500892,0.8546999904220637,1.0587050916781147,0.3487804750419934,0.2503594967037574,0.4472014533802293,0.07543840344725437,0.0649559819296251,0.0875521592234758,0.029578034914453433,0.026727373124846698,0.03233883335460104,1.0810288199953089,1.0727844969924687,1.093452993499224,0.7391357421875,0.7261962890625,0.7529296875,0.9972898899360385,0.9967313716797259,0.9977850996809902,0.1307572998785157,0.010698982551959706,0.2508156172050717,0.17405475932779166,0.15599899268128214,0.19211052597430123
water,4,0.01,1.0,0.05,600.0,1.1147676507742528,0.9695339016384104,1.260001399910095,0.32784346345953863,0.2226577281891425,0.43302919872993473,0.07034564340389132,0.05978111746649567,0.08279922257761294,0.030487194392725188,0.02754510436277802,0.03335998598282799,1.0911795699630749,1.0828992834330662,1.10168753681689,0.720947265625,0.70556640625,0.737548828125,0.997201351484251,0.9965264928254396,0.9977958908634805,0.18162274931047578,0.027527447094015743,0.3357180515269358,0.0668550979147213,0.057993544610783626,0.07571665121865898
air,4,0.15,1.0,0.05,40.0,0.5016865265014924,0.4817640261247332,0.5216090268782514,0.5167898715070582,0.4532637210692153,0.5803160219449011,0.10523398387261507,0.09568198687235158,0.11538433238144792,0.025281051625314632,0.022978156700890907,0.027570278863822906,1.0421264603552978,1.0344183967761964,1.0503108967069184,0.80126953125,0.798583984375,0.80419921875,0.9976126095549375,0.9972759798673455,0.9979283587040648,0.028121713380126416,-0.012339359887957776,0.0685827866482106,0.5264351894208491,0.5057234880207351,0.547817221614795
small_kick,4,0.03,1.0,0.025,200.0,0.956133758779577,0.8531957860483337,1.0590717315108202,0.3417319919252296,0.24827869635996666,0.4351852874904925,0.07419615490896553,0.06462337905309891,0.08584022585523501,0.014797115321025206,0.013362457580032367,0.01616660004832844,1.080505776222382,1.072495386769554,1.0927660761403297,0.7396240234375,0.727783203125,0.7528076171875,0.9993183053732003,0.99917794348281,0.9994411288610423,0.13022986607578885,0.009169630475938736,0.2512901016756389,0.17409610775745377,0.15597384492179894,0.1922183705931086
large_kick,4,0.03,1.0,0.1,200.0,0.9571451562210098,0.8575109059838694,1.0567794064581502,0.36629851779744826,0.25950460470576364,0.4730924308891329,0.07844142595158954,0.06630985885877635,0.09127985758161605,0.05899497050750984,0.053380296402857824,0.06458871436264875,1.0848780310839274,1.0777202966015553,1.0958106657801132,0.7371826171875,0.7261962890625,0.748779296875,0.9893510354933942,0.9871898442544131,0.9913206361746604,0.1310788036469106,0.013659456777484265,0.24849815051633692,0.1739336480478935,0.15614855151601764,0.19171874457976934
fast_water,4,0.01,2.0,0.05,1200.0,2.0119518823007763,1.3046649704425102,2.816635600211054,0.8481202416988398,0.7386155933616336,0.9576248900360462,0.08450376991570233,0.06020117826557406,0.11231827944285523,0.031062600369446237,0.027656893422987328,0.03371519708985698,1.3054630670017306,1.2683016149218191,1.342624519081642,0.515869140625,0.49755859375,0.5341796875,0.9977803132955136,0.996860679041778,0.9986999475492492,1.1925144363702223,0.4012136946529373,2.0770798108691086,0.18056234658012518,0.0965485615769957,0.26457613158325466
forced,4,0.03,1.0,0.05,200.0,0.9371128784539138,0.8337791152594725,1.040446641648355,0.3912791183068979,0.2960937557727824,0.4864644808410133,0.07906171313394181,0.0673003019357647,0.09171686782031557,0.0298452073585563,0.02679877338177111,0.032843975331928926,1.084732193277604,1.0776113656644566,1.0956399559648224,0.7303466796875,0.71240234375,0.7496337890625,0.997664301148238,0.9970245235486902,0.9981809966654842,0.10857054945555386,-0.012857388275686412,0.2299984871867941,0.1714576715845301,0.1533634970975689,0.18955184607149128
stokes_null,4,0.03,1.0,0.05,200.0,0.8476373539114097,0.8476373539114076,0.8476373539114117,0.07510408962163725,0.07510408962163503,0.07510408962163947,0.06330717400414289,0.06330717400414274,0.06330717400414303,0.031141213504037778,0.026861835627848163,0.03542059138022739,1.0580792809657957,1.0491163663678087,1.0696642253156514,0.7462158203125,0.735107421875,0.7603759765625,0.9977120281710978,0.997407159981393,0.9980276717137453,4.896979812392862e-18,3.686287386450716e-18,5.83662169521363e-18,0.15236264608887673,0.15236264608887667,0.15236264608887679
organized,4,0.03,1.0,0.05,200.0,0.8760538698332156,0.863717323519939,0.8932186015446506,0.3448406879113117,0.32164037416689184,0.3785371318035005,0.06819219234409546,0.06701011345428617,0.06937427123390474,0.026796739908866107,0.023904428089416254,0.03123425635659982,1.0269162443848656,1.024710683933848,1.0296116700267293,0.8131103515625,0.81005859375,0.81591796875,0.9949868809528102,0.9948153950601457,0.995141523476383,0.03342800672261145,0.02007878828714235,0.05271954278784674,0.15737413732403902,0.1557553301266022,0.1594181994256045
no_kick,4,0.03,1.0,0.0,200.0,0.0,0.0,0.0,0.0,0.0,0.0,0.0,0.0,0.0,0.0,0.0,0.0,1.079733398195807,1.072181918417269,1.092161803521215,0.7398681640625,0.729736328125,0.7518310546875,1.0,1.0,1.0,0.0,0.0,0.0,0.0,0.0,0.0
