seed,species,t,tau,diameter_m,paired_displacement_rms,distance_from_passive_rms
7000,fog_gravity,0.0,0.02,8.049844718999244e-06,0.0,0.0
7000,fog_zero_g,0.0,0.02,8.049844718999244e-06,0.0,0.0
7000,smoke_gravity,0.0,0.002,1.8973665961010277e-06,0.0,0.0
7000,smoke_zero_g,0.0,0.002,1.8973665961010277e-06,0.0,0.0
7000,fog_gravity,0.05,0.02,8.049844718999244e-06,0.001519742070650827,0.0011288848989470474
7000,fog_zero_g,0.05,0.02,8.049844718999244e-06,0.0015197559394606265,0.0009312649355622271
7000,smoke_gravity,0.05,0.002,1.8973665961010277e-06,0.002297567685297732,0.00014389930744574452
7000,smoke_zero_g,0.05,0.002,1.8973665961010277e-06,0.002297573349321723,0.00010660898183523679
7000,fog_gravity,0.1,0.02,8.049844718999244e-06,0.003790414459339471,0.0020344242507475798
7000,fog_zero_g,0.1,0.02,8.049844718999244e-06,0.0037905216781658254,0.0012400168411781762
7000,smoke_gravity,0.1,0.002,1.8973665961010277e-06,0.004613047194180234,0.0002397785783285104
7000,smoke_zero_g,0.1,0.002,1.8973665961010277e-06,0.004613071495775731,0.00013675308283462537
7000,fog_gravity,0.15,0.02,8.049844718999244e-06,0.006051780992668032,0.0030687134048309633
7000,fog_zero_g,0.15,0.02,8.049844718999244e-06,0.00605209047489957,0.0016103183022925826
7000,smoke_gravity,0.15,0.002,1.8973665961010277e-06,0.006852698202002896,0.0003449764713175557
7000,smoke_zero_g,0.15,0.002,1.8973665961010277e-06,0.0068527538622218725,0.0001754582827123504
7000,fog_gravity,0.2,0.02,8.049844718999244e-06,0.008244619527457782,0.0041377832076292444
7000,fog_zero_g,0.2,0.02,8.049844718999244e-06,0.008245244796512256,0.002018769800099398
7000,smoke_gravity,0.2,0.002,1.8973665961010277e-06,0.009020019729096027,0.0004523105125686614
7000,smoke_zero_g,0.2,0.002,1.8973665961010277e-06,0.009020119324427284,0.00021678798506018245
7000,fog_gravity,0.25,0.02,8.049844718999244e-06,0.010367267543052075,0.005214873420812354
7000,fog_zero_g,0.25,0.02,8.049844718999244e-06,0.010368324344919773,0.0024362366272169
7000,smoke_gravity,0.25,0.002,1.8973665961010277e-06,0.011118450995045104,0.0005601112857519379
7000,smoke_zero_g,0.25,0.002,1.8973665961010277e-06,0.011118607089631607,0.0002584647638193334
7000,fog_gravity,0.3,0.02,8.049844718999244e-06,0.012422746674398973,0.0062924042828072894
7000,fog_zero_g,0.3,0.02,8.049844718999244e-06,0.012424354149256894,0.0028502930156622374
7000,smoke_gravity,0.3,0.002,1.8973665961010277e-06,0.013151392803847493,0.0006678830859258446
7000,smoke_zero_g,0.3,0.002,1.8973665961010277e-06,0.013151618175252785,0.0002995789703545757
7000,fog_gravity,0.35000000000000003,0.02,8.049844718999244e-06,0.01441440806585634,0.007368088703555152
7000,fog_zero_g,0.35000000000000003,0.02,8.049844718999244e-06,0.014416690505033535,0.0032557540049687923
7000,smoke_gravity,0.35000000000000003,0.002,1.8973665961010277e-06,0.015122191594353292,0.0007754782821293142
7000,smoke_zero_g,0.35000000000000003,0.002,1.8973665961010277e-06,0.015122499429883973,0.0003397477836970764
7000,fog_gravity,0.4,0.02,8.049844718999244e-06,0.01634556882965584,0.00844143669591375
7000,fog_zero_g,0.4,0.02,8.049844718999244e-06,0.01634865652554127,0.003650439443647766
7000,smoke_gravity,0.4,0.002,1.8973665961010277e-06,0.017034132586182145,0.0008828759223323226
7000,smoke_zero_g,0.4,0.002,1.8973665961010277e-06,0.017034536568997463,0.0003788110255667393
7000,fog_gravity,0.45,0.02,8.049844718999244e-06,0.018219479358883777,0.009512651638505978
7000,fog_zero_g,0.45,0.02,8.049844718999244e-06,0.018223509259395487,0.0040335362342398115
7000,smoke_gravity,0.45,0.002,1.8973665961010277e-06,0.018890437250293022,0.0009901056169354452
7000,smoke_zero_g,0.45,0.002,1.8973665961010277e-06,0.018890951663836062,0.00041671453260092717
7000,fog_gravity,0.5,0.02,8.049844718999244e-06,0.0200393336278128,0.010582212072396402
7000,fog_zero_g,0.5,0.02,8.049844718999244e-06,0.02004444962671215,0.004404905341951821
7000,smoke_gravity,0.5,0.002,1.8973665961010277e-06,0.02069428096046882,0.0010972165420772857
7000,smoke_zero_g,0.5,0.002,1.8973665961010277e-06,0.02069492068385958,0.00045345684954898626
7000,fog_gravity,0.55,0.02,8.049844718999244e-06,0.02180828432704572,0.011650685955121906
7000,fog_zero_g,0.55,0.02,8.049844718999244e-06,0.021814636636638168,0.004764724026447221
7000,smoke_gravity,0.55,0.002,1.8973665961010277e-06,0.022448798842045065,0.0012042632915955954
7000,smoke_zero_g,0.55,0.002,1.8973665961010277e-06,0.02244957931324561,0.0004890597868210853
7000,fog_gravity,0.6,0.02,8.049844718999244e-06,0.023529430581029978,0.012718649481879014
7000,fog_zero_g,0.6,0.02,8.049844718999244e-06,0.023537176762580592,0.005113300345098801
7000,smoke_gravity,0.6,0.002,1.8973665961010277e-06,0.02415706755492689,0.0013113001281108063
7000,smoke_zero_g,0.6,0.002,1.8973665961010277e-06,0.024158004974278422,0.0005235549900273064
7001,fog_gravity,0.0,0.02,8.049844718999244e-06,0.0,0.0
7001,fog_zero_g,0.0,0.02,8.049844718999244e-06,0.0,0.0
7001,smoke_gravity,0.0,0.002,1.8973665961010277e-06,0.0,0.0
7001,smoke_zero_g,0.0,0.002,1.8973665961010277e-06,0.0,0.0
7001,fog_gravity,0.05,0.02,8.049844718999244e-06,0.0016023699738071109,0.0011394026929248575
7001,fog_zero_g,0.05,0.02,8.049844718999244e-06,0.001602406471050159,0.0009563041482797558
7001,smoke_gravity,0.05,0.002,1.8973665961010277e-06,0.002427987363044769,0.00014428345110385697
7001,smoke_zero_g,0.05,0.002,1.8973665961010277e-06,0.0024280016894470693,0.00010953305804193614
7001,fog_gravity,0.1,0.02,8.049844718999244e-06,0.004001348858304069,0.002014844202287453
7001,fog_zero_g,0.1,0.02,8.049844718999244e-06,0.004001637599230006,0.0012655846053443555
7001,smoke_gravity,0.1,0.002,1.8973665961010277e-06,0.0048864086890533604,0.00023767330498297167
7001,smoke_zero_g,0.1,0.002,1.8973665961010277e-06,0.004886469518995327,0.00014073649135329795
7001,fog_gravity,0.15,0.02,8.049844718999244e-06,0.006401364924030465,0.003036085296002911
7001,fog_zero_g,0.15,0.02,8.049844718999244e-06,0.006402204221213767,0.00166117445669288
7001,smoke_gravity,0.15,0.002,1.8973665961010277e-06,0.007277184514145898,0.0003417306257768987
7001,smoke_zero_g,0.15,0.002,1.8973665961010277e-06,0.007277322700954505,0.00018239100191682974
7001,fog_gravity,0.2,0.02,8.049844718999244e-06,0.008741656455966603,0.0040980589813761
7001,fog_zero_g,0.2,0.02,8.049844718999244e-06,0.008743349415793734,0.002105692812238956
7001,smoke_gravity,0.2,0.002,1.8973665961010277e-06,0.009604392731309558,0.0004483046473887414
7001,smoke_zero_g,0.2,0.002,1.8973665961010277e-06,0.009604638257873218,0.00022736497210333967
7001,fog_gravity,0.25,0.02,8.049844718999244e-06,0.011020731522239128,0.00516944328426511
7001,fog_zero_g,0.25,0.02,8.049844718999244e-06,0.011023575308901655,0.0025627836021843826
7001,smoke_gravity,0.25,0.002,1.8973665961010277e-06,0.011871590051242133,0.000555408337530323
7001,smoke_zero_g,0.25,0.002,1.8973665961010277e-06,0.01187197222245176,0.0002729145107970862
7001,fog_gravity,0.3,0.02,8.049844718999244e-06,0.013241395295704311,0.006240858498439966
7001,fog_zero_g,0.3,0.02,8.049844718999244e-06,0.013245680214409536,0.0030173297839246444
7001,smoke_gravity,0.3,0.002,1.8973665961010277e-06,0.014081788165002886,0.0006624052102469495
7001,smoke_zero_g,0.3,0.002,1.8973665961010277e-06,0.014082335504238834,0.0003179412751671082
7001,fog_gravity,0.35000000000000003,0.02,8.049844718999244e-06,0.015406364755948277,0.0073091038348023375
7001,fog_zero_g,0.35000000000000003,0.02,8.049844718999244e-06,0.01541237210396052,0.003463013537177745
7001,smoke_gravity,0.35000000000000003,0.002,1.8973665961010277e-06,0.016237574237661225,0.0007690700408237423
7001,smoke_zero_g,0.35000000000000003,0.002,1.8973665961010277e-06,0.016238314110845187,0.00036197700546371193
7001,fog_gravity,0.4,0.02,8.049844718999244e-06,0.017518072945858554,0.008373102824388433
7001,fog_zero_g,0.4,0.02,8.049844718999244e-06,0.017526070873031863,0.003897095737613106
7001,smoke_gravity,0.4,0.002,1.8973665961010277e-06,0.018341263344914316,0.0008753281440488057
7001,smoke_zero_g,0.4,0.002,1.8973665961010277e-06,0.0183422214366115,0.0004048164423710428
7001,fog_gravity,0.45,0.02,8.049844718999244e-06,0.01957871479532,0.00943260605613944
7001,fog_zero_g,0.45,0.02,8.049844718999244e-06,0.019588953656490878,0.004318433067469685
7001,smoke_gravity,0.45,0.002,1.8973665961010277e-06,0.020394937571149338,0.0009811656085396314
7001,smoke_zero_g,0.45,0.002,1.8973665961010277e-06,0.020396137372103006,0.00044637740080851916
7001,fog_gravity,0.5,0.02,8.049844718999244e-06,0.02159029527518085,0.01048771602655177
7001,fog_zero_g,0.5,0.02,8.049844718999244e-06,0.021603002838935317,0.004726682200270228
7001,smoke_gravity,0.5,0.002,1.8973665961010277e-06,0.022400496957323515,0.001086595439536959
7001,smoke_zero_g,0.5,0.002,1.8973665961010277e-06,0.022401959254503324,0.00048664182183991855
7001,fog_gravity,0.55,0.02,8.049844718999244e-06,0.02355467507067271,0.011538688120616735
7001,fog_zero_g,0.55,0.02,8.049844718999244e-06,0.023570051448487922,0.0051219170036035985
7001,smoke_gravity,0.55,0.002,1.8973665961010277e-06,0.02435970994968407,0.001191642232389881
7001,smoke_zero_g,0.55,0.002,1.8973665961010277e-06,0.02436145233368744,0.0005256248668243394
7001,fog_gravity,0.6,0.02,8.049844718999244e-06,0.02547359916482868,0.012585838305713372
7001,fog_zero_g,0.6,0.02,8.049844718999244e-06,0.025491812599929557,0.005504436795349877
7001,smoke_gravity,0.6,0.002,1.8973665961010277e-06,0.026274223996231222,0.0012963352514127069
7001,smoke_zero_g,0.6,0.002,1.8973665961010277e-06,0.02627626046113376,0.0005633606019881452
7002,fog_gravity,0.0,0.02,8.049844718999244e-06,0.0,0.0
7002,fog_zero_g,0.0,0.02,8.049844718999244e-06,0.0,0.0
7002,smoke_gravity,0.0,0.002,1.8973665961010277e-06,0.0,0.0
7002,smoke_zero_g,0.0,0.002,1.8973665961010277e-06,0.0,0.0
7002,fog_gravity,0.05,0.02,8.049844718999244e-06,0.0013016033137410903,0.0010322148747976508
7002,fog_zero_g,0.05,0.02,8.049844718999244e-06,0.0013016593387360743,0.0008169222973460158
7002,smoke_gravity,0.05,0.002,1.8973665961010277e-06,0.001971087813112472,0.00013528165086766985
7002,smoke_zero_g,0.05,0.002,1.8973665961010277e-06,0.0019711098119801485,9.563010460174257e-05
7002,fog_gravity,0.1,0.02,8.049844718999244e-06,0.0032540315846040415,0.0019723382751642734
7002,fog_zero_g,0.1,0.02,8.049844718999244e-06,0.003254459893579379,0.0011574004441522344
7002,smoke_gravity,0.1,0.002,1.8973665961010277e-06,0.003970920013953328,0.00023468196638314656
7002,smoke_zero_g,0.1,0.002,1.8973665961010277e-06,0.003971010026728289,0.00013026883022692657
7002,fog_gravity,0.15,0.02,8.049844718999244e-06,0.005211927031378636,0.003025545803951589
7002,fog_zero_g,0.15,0.02,8.049844718999244e-06,0.005213123626058851,0.00156492057243729
7002,smoke_gravity,0.15,0.002,1.8973665961010277e-06,0.005921072852380387,0.00034132786475838295
7002,smoke_zero_g,0.15,0.002,1.8973665961010277e-06,0.005921269033686209,0.00017234282125335476
7002,fog_gravity,0.2,0.02,8.049844718999244e-06,0.007126794945058965,0.004104004288360023
7002,fog_zero_g,0.2,0.02,8.049844718999244e-06,0.007129106796958655,0.0020010716431415635
7002,smoke_gravity,0.2,0.002,1.8973665961010277e-06,0.007825760791247732,0.00044936373511623035
7002,smoke_zero_g,0.2,0.002,1.8973665961010277e-06,0.007826094434114514,0.0002160988928083864
7002,fog_gravity,0.25,0.02,8.049844718999244e-06,0.008998358775357509,0.005186089745459243
7002,fog_zero_g,0.25,0.02,8.049844718999244e-06,0.009002072300978502,0.0024393569034906137
7002,smoke_gravity,0.25,0.002,1.8973665961010277e-06,0.009688662398255776,0.0005574942386291685
7002,smoke_zero_g,0.25,0.002,1.8973665961010277e-06,0.009689159125386823,0.00025960583283764986
7002,fog_gravity,0.3,0.02,8.049844718999244e-06,0.010829789968149813,0.006265910471385235
7002,fog_zero_g,0.3,0.02,8.049844718999244e-06,0.010835139513187793,0.002869713990289161
7002,smoke_gravity,0.3,0.002,1.8973665961010277e-06,0.011512958497431008,0.0006653388378718036
7002,smoke_zero_g,0.3,0.002,1.8973665961010277e-06,0.011513639306519153,0.000302151830900574
7002,fog_gravity,0.35000000000000003,0.02,8.049844718999244e-06,0.012624061786540476,0.0073417169824889815
7002,fog_zero_g,0.35000000000000003,0.02,8.049844718999244e-06,0.012631239865882852,0.0032882638176652368
7002,smoke_gravity,0.35000000000000003,0.002,1.8973665961010277e-06,0.013301353754797839,0.0007727860148667067
7002,smoke_zero_g,0.35000000000000003,0.002,1.8973665961010277e-06,0.013302236015746129,0.0003434606566350689
7002,fog_gravity,0.4,0.02,8.049844718999244e-06,0.014383731952315617,0.008413143400321111
7002,fog_zero_g,0.4,0.02,8.049844718999244e-06,0.014392898499653443,0.0036935444764920108
7002,smoke_gravity,0.4,0.002,1.8973665961010277e-06,0.015056174641592888,0.0008798210530407483
7002,smoke_zero_g,0.4,0.002,1.8973665961010277e-06,0.015057272917141915,0.00038343153090633587
7002,fog_gravity,0.45,0.02,8.049844718999244e-06,0.016111012979383634,0.009480357208793814
7002,fog_zero_g,0.45,0.02,8.049844718999244e-06,0.016122302870067308,0.004085131040268718
7002,smoke_gravity,0.45,0.002,1.8973665961010277e-06,0.016779448352061233,0.0009864682903738477
7002,smoke_zero_g,0.45,0.002,1.8973665961010277e-06,0.016780775050314722,0.00042204252182477823
7002,fog_gravity,0.5,0.02,8.049844718999244e-06,0.017807809242453492,0.01054375194979333
7002,fog_zero_g,0.5,0.02,8.049844718999244e-06,0.017821338299157698,0.004463112866165623
7002,smoke_gravity,0.5,0.002,1.8973665961010277e-06,0.01847292127799738,0.0010927690629864456
7002,smoke_zero_g,0.5,0.002,1.8973665961010277e-06,0.018474487184374215,0.0004593130179318264
7002,fog_gravity,0.55,0.02,8.049844718999244e-06,0.01947573820968849,0.01160382046056837
7002,fog_zero_g,0.55,0.02,8.049844718999244e-06,0.019491608224096332,0.004827861319798386
7002,smoke_gravity,0.55,0.002,1.8973665961010277e-06,0.020138080965071543,0.0011987723343251666
7002,smoke_zero_g,0.55,0.002,1.8973665961010277e-06,0.020139895676447372,0.0004952856704690496
7002,fog_gravity,0.6,0.02,8.049844718999244e-06,0.021116178424262475,0.012661095133997987
7002,fog_zero_g,0.6,0.02,8.049844718999244e-06,0.02113448055918666,0.0051799016119946665
7002,smoke_gravity,0.6,0.002,1.8973665961010277e-06,0.021776209898678494,0.0013045297397948636
7002,smoke_zero_g,0.6,0.002,1.8973665961010277e-06,0.021778282078940003,0.000530015292939274
7003,fog_gravity,0.0,0.02,8.049844718999244e-06,0.0,0.0
7003,fog_zero_g,0.0,0.02,8.049844718999244e-06,0.0,0.0
7003,smoke_gravity,0.0,0.002,1.8973665961010277e-06,0.0,0.0
7003,smoke_zero_g,0.0,0.002,1.8973665961010277e-06,0.0,0.0
7003,fog_gravity,0.05,0.02,8.049844718999244e-06,0.001829838635151661,0.001270814634318472
7003,fog_zero_g,0.05,0.02,8.049844718999244e-06,0.0018299088589396227,0.001107115154095548
7003,smoke_gravity,0.05,0.002,1.8973665961010277e-06,0.0027675210584129895,0.00015667247587472272
7003,smoke_zero_g,0.05,0.002,1.8973665961010277e-06,0.002767548771731849,0.00012483957072383534
7003,fog_gravity,0.1,0.02,8.049844718999244e-06,0.004553243463011692,0.0021043064102961896
7003,fog_zero_g,0.1,0.02,8.049844718999244e-06,0.004553769950225023,0.0013891913062083362
7003,smoke_gravity,0.1,0.002,1.8973665961010277e-06,0.0055449497881128905,0.000244693248041365
7003,smoke_zero_g,0.1,0.002,1.8973665961010277e-06,0.005545061344889262,0.00015001939899745857
7003,fog_gravity,0.15,0.02,8.049844718999244e-06,0.007254749458778356,0.003083702372616172
7003,fog_zero_g,0.15,0.02,8.049844718999244e-06,0.0072561971882031465,0.001711610136909822
7003,smoke_gravity,0.15,0.002,1.8973665961010277e-06,0.008221095255112717,0.0003451034951923283
7003,smoke_zero_g,0.15,0.002,1.8973665961010277e-06,0.00822133480934076,0.0001838538334532593
7003,fog_gravity,0.2,0.02,8.049844718999244e-06,0.00986502065085924,0.004114924037295989
7003,fog_zero_g,0.2,0.02,8.049844718999244e-06,0.009867778355700203,0.002076137638965263
7003,smoke_gravity,0.2,0.002,1.8973665961010277e-06,0.010801893186695386,0.00044900870715990554
7003,smoke_zero_g,0.2,0.002,1.8973665961010277e-06,0.01080229480792871,0.0002208493687437393
7003,fog_gravity,0.25,0.02,8.049844718999244e-06,0.012383603278840737,0.005162341043702416
7003,fog_zero_g,0.25,0.02,8.049844718999244e-06,0.012387973509590157,0.0024533509092070365
7003,smoke_gravity,0.25,0.002,1.8973665961010277e-06,0.013292842662957256,0.0005540137672486075
7003,smoke_zero_g,0.25,0.002,1.8973665961010277e-06,0.013293432121875358,0.00025848094713502796
7003,fog_gravity,0.3,0.02,8.049844718999244e-06,0.014815315058624136,0.0062142374569294275
7003,fog_zero_g,0.3,0.02,8.049844718999244e-06,0.01482152656714594,0.002828323532702018
7003,smoke_gravity,0.3,0.002,1.8973665961010277e-06,0.015699062373706645,0.0006593046447918035
7003,smoke_zero_g,0.3,0.002,1.8973665961010277e-06,0.015699858574493696,0.0002956095905625989
7003,fog_gravity,0.35000000000000003,0.02,8.049844718999244e-06,0.017165073532252707,0.007266287980660348
7003,fog_zero_g,0.35000000000000003,0.02,8.049844718999244e-06,0.017173293749717263,0.0031941944782315594
7003,smoke_gravity,0.35000000000000003,0.002,1.8973665961010277e-06,0.018025320750101683,0.0007645705787850297
7003,smoke_zero_g,0.35000000000000003,0.002,1.8973665961010277e-06,0.0180263368985011,0.00033171683615716707
7003,fog_gravity,0.4,0.02,8.049844718999244e-06,0.019437472950101696,0.008316849838372272
7003,fog_zero_g,0.4,0.02,8.049844718999244e-06,0.019447818717050362,0.0035478957780465136
7003,smoke_gravity,0.4,0.002,1.8973665961010277e-06,0.020276027419888463,0.0008696941298481023
7003,smoke_zero_g,0.4,0.002,1.8973665961010277e-06,0.020277272014389412,0.0003665746929276853
7003,fog_gravity,0.45,0.02,8.049844718999244e-06,0.021636754481626372,0.009365387775865196
7003,fog_zero_g,0.45,0.02,8.049844718999244e-06,0.02164930058081022,0.0038882083550789274
7003,smoke_gravity,0.45,0.002,1.8973665961010277e-06,0.022455246276483508,0.0009746397878939621
7003,smoke_zero_g,0.45,0.002,1.8973665961010277e-06,0.022456723886252247,0.0004000995877227196
7003,fog_gravity,0.5,0.02,8.049844718999244e-06,0.02376683415897262,0.010411840441172323
7003,fog_zero_g,0.5,0.02,8.049844718999244e-06,0.023781619553242015,0.004214860366870462
7003,smoke_gravity,0.5,0.002,1.8973665961010277e-06,0.0245667279563546,0.0010794073827201185
7003,smoke_zero_g,0.5,0.002,1.8973665961010277e-06,0.024568439795777088,0.00043228281058260145
7003,fog_gravity,0.55,0.02,8.049844718999244e-06,0.02583133453629356,0.011456367306868456
7003,fog_zero_g,0.55,0.02,8.049844718999244e-06,0.025848365875880096,0.004528076482284298
7003,smoke_gravity,0.55,0.002,1.8973665961010277e-06,0.02661394051969504,0.0011840137926033038
7003,smoke_zero_g,0.55,0.002,1.8973665961010277e-06,0.02661588472707158,0.00046315519792869544
7003,fog_gravity,0.6,0.02,8.049844718999244e-06,0.027833608298399894,0.012499218727621974
7003,fog_zero_g,0.6,0.02,8.049844718999244e-06,0.027852863257326194,0.004828344131201019
7003,smoke_gravity,0.6,0.002,1.8973665961010277e-06,0.028600092736208005,0.0012884820927179708
7003,smoke_zero_g,0.6,0.002,1.8973665961010277e-06,0.028602264703788332,0.0004927686155713946
