split,phase,factor,metric,mean,lo,hi,seeds
discovery,1,identity,choice_excess,0.08971730926890431,0.08717558819806134,0.09219578194323881,12
discovery,1,identity,coop_gap,0.3813852083980927,0.37115380270218057,0.3922239491844125,12
discovery,1,identity,cooperation,0.0007150607638888862,0.000248833550347224,0.001183096426504633,12
discovery,1,identity,window_excluded,0.0004701967592592586,1.808449074073995e-05,0.0009620949074074073,12
discovery,1,identity,rigid,-0.0006054704540285685,-0.0009123388506902829,-0.0003101663594113358,12
discovery,1,identity,switching,-0.0012887008101851848,-0.0014756944444444444,-0.0011074851707175925,12
discovery,1,identity,influence_gini,0.007862524067024146,0.005474318214900313,0.01019473883363356,12
discovery,1,identity,assortativity,0.09698200592456747,0.0914415343281272,0.10276099998916872,12
discovery,1,identity,fragmentation,0.0,0.0,0.0,12
discovery,1,behavior,choice_excess,0.0001626217689043221,-0.000551268627025461,0.0009605428059895853,12
discovery,1,behavior,coop_gap,0.0016515445604443277,-0.0029742469778727717,0.0064417101699475645,12
discovery,1,behavior,cooperation,0.00011320891203704202,-0.000996527777777756,0.0012279459635416443,12
discovery,1,behavior,window_excluded,-0.0002893518518518518,-0.0006835937499999998,0.00010489004629629643,12
discovery,1,behavior,rigid,-6.584993656351748e-05,-0.0005880965201272071,0.0004546687227645446,12
discovery,1,behavior,switching,-5.1721643518518436e-05,-0.00022063078703703706,0.00010598415798611099,12
discovery,1,behavior,influence_gini,0.00037724880446403375,-0.0007535174118079906,0.0015452258969582172,12
discovery,1,behavior,assortativity,-0.0010604014217921569,-0.004741314348248101,0.0030819463364888684,12
discovery,1,behavior,fragmentation,0.0,0.0,0.0,12
discovery,1,memory,choice_excess,0.013361768180941357,0.011966603521653166,0.014980316990981866,12
discovery,1,memory,coop_gap,0.0834286784084175,0.07547398702933443,0.09190672255066949,12
discovery,1,memory,cooperation,0.057278284143518515,0.0552846317997685,0.05906070059317126,12
discovery,1,memory,window_excluded,0.0010850694444444456,4.340277777777976e-05,0.002188223379629631,12
discovery,1,memory,rigid,-0.031112540890529502,-0.03202583806253898,-0.030221975824342127,12
discovery,1,memory,switching,0.00048647280092592644,0.00036422164351851915,0.0006083713107638897,12
discovery,1,memory,influence_gini,0.006882946111895605,0.005016695900688222,0.008660230064753846,12
discovery,1,memory,assortativity,0.02605193433888701,0.022335015918206524,0.030016257839181763,12
discovery,1,memory,fragmentation,0.0,0.0,0.0,12
discovery,1,stress,choice_excess,-0.03525895182291668,-0.037535571741174785,-0.03280004310136962,12
discovery,1,stress,coop_gap,-0.189605635718051,-0.2034710936688066,-0.17569900227048083,12
discovery,1,stress,cooperation,-0.1490621383101852,-0.15303105107060186,-0.14471815321180562,12
discovery,1,stress,window_excluded,0.004571759259259259,0.0029513888888888892,0.006297110098379629,12
discovery,1,stress,rigid,0.05160097698906943,0.049818573137097956,0.05321494341796987,12
discovery,1,stress,switching,-0.0013986545138888887,-0.001589265046296296,-0.0011961082175925928,12
discovery,1,stress,influence_gini,-0.004194996384492319,-0.006789911957446365,-0.0016099811751843812,12
discovery,1,stress,assortativity,-0.049203766565287355,-0.05589118247401515,-0.041904501632465695,12
discovery,1,stress,fragmentation,0.0,0.0,0.0,12
discovery,1,transitions,choice_excess,0.02158165147569445,0.018302761803144295,0.024899759626977238,12
discovery,1,transitions,coop_gap,0.0012558613711020673,-0.010092646865333479,0.011738909724721452,12
discovery,1,transitions,cooperation,6.329571759261521e-05,-0.00014215313946758327,0.0002893518518518421,12
discovery,1,transitions,window_excluded,0.0003255208333333335,-0.00010489004629629622,0.000766782407407407,12
discovery,1,transitions,rigid,0.25491465838371374,0.2503349652357504,0.2594723398842121,12
discovery,1,transitions,switching,0.010526982060185186,0.009893654152199075,0.011168267144097225,12
discovery,1,transitions,influence_gini,0.0005632447969874018,-0.000925468568748023,0.002125415402246636,12
discovery,1,transitions,assortativity,0.22134197419027501,0.20717077909687928,0.23431830914523485,12
discovery,1,transitions,fragmentation,0.0,0.0,0.0,12
discovery,2,identity,choice_excess,0.1173096908757716,0.1148294677734375,0.12003296561535491,12
discovery,2,identity,coop_gap,0.5245083316446373,0.5114297255265713,0.5373147346927157,12
discovery,2,identity,cooperation,0.0008637152777778064,0.0004897280092593007,0.0012055121527777919,12
discovery,2,identity,window_excluded,0.0027596932870370366,0.002126736111111112,0.0034939236111111104,12
discovery,2,identity,rigid,-0.0006209763498342969,-0.0008134481197544085,-0.00042269221890487595,12
discovery,2,identity,switching,-0.0017748119212962965,-0.0019205729166666668,-0.0016254249855324075,12
discovery,2,identity,influence_gini,0.013365142373713737,0.010946999076095495,0.01613566385258632,12
discovery,2,identity,assortativity,0.13823783764025868,0.13394557029113943,0.14286444627672948,12
discovery,2,identity,fragmentation,0.0,0.0,0.0,12
discovery,2,behavior,choice_excess,-0.00019513165509259071,-0.0013634982638888802,0.0010156265070408914,12
discovery,2,behavior,coop_gap,-0.0001354325644662401,-0.006160418434114157,0.005608700075564384,12
discovery,2,behavior,cooperation,2.821180555550214e-05,-0.001415301287615783,0.0014337384259258867,12
discovery,2,behavior,window_excluded,6.872106481481479e-05,-0.0003508391203703702,0.0005172164351851859,12
discovery,2,behavior,rigid,-9.076806407292554e-05,-0.0006674470385931065,0.000498762486523363,12
discovery,2,behavior,switching,-3.978587962962718e-06,-0.00020797164351851814,0.00023474573206018533,12
discovery,2,behavior,influence_gini,0.0012300057611564035,-0.0002588621977701745,0.0027642967380710915,12
discovery,2,behavior,assortativity,-0.005151850943313785,-0.009302788978436788,-0.000849232400286244,12
discovery,2,behavior,fragmentation,0.0,0.0,0.0,12
discovery,2,memory,choice_excess,0.02072629726080247,0.018445499523775083,0.022954103973765433,12
discovery,2,memory,coop_gap,0.13164321313380778,0.11902623674168222,0.14401486277248152,12
discovery,2,memory,cooperation,0.08236255787037032,0.07841503002025459,0.08577442310474534,12
discovery,2,memory,window_excluded,0.006036603009259258,0.004441550925925926,0.007544939959490741,12
discovery,2,memory,rigid,-0.037194173165214735,-0.03856558562406768,-0.03582673283616491,12
discovery,2,memory,switching,0.00023980034722222198,5.171260127314794e-05,0.00042498553240740686,12
discovery,2,memory,influence_gini,0.024151236016440866,0.020315979360986215,0.028143666575130042,12
discovery,2,memory,assortativity,0.04604026841363764,0.040798502705379804,0.05112521937081979,12
discovery,2,memory,fragmentation,0.0,0.0,0.0,12
discovery,2,stress,choice_excess,-0.002399341724537039,-0.003967418680073301,-0.0005151380750868068,12
discovery,2,stress,coop_gap,-0.015563961190952021,-0.02437880624277737,-0.004886942000175297,12
discovery,2,stress,cooperation,-0.009277343749999936,-0.010049913194444392,-0.00847365993923608,12
discovery,2,stress,window_excluded,0.0031792534722222226,0.002383535879629631,0.003982204861111112,12
discovery,2,stress,rigid,0.02610822901235002,0.025165465850603155,0.027002753771707685,12
discovery,2,stress,switching,4.701967592592243e-06,-8.535879629629648e-05,0.00010380497685185145,12
discovery,2,stress,influence_gini,0.006920180417034789,0.0049977659326485855,0.009310042255026671,12
discovery,2,stress,assortativity,-0.011288281765290552,-0.01740260161020234,-0.005820725631138795,12
discovery,2,stress,fragmentation,0.0,0.0,0.0,12
discovery,2,transitions,choice_excess,0.027877616222993836,0.025607331753954472,0.030499395073784723,12
discovery,2,transitions,coop_gap,-0.016402577270229448,-0.028297318190012372,-0.00365354654785017,12
discovery,2,transitions,cooperation,0.0003479456018518623,1.4820240162054483e-05,0.0006955475983796445,12
discovery,2,transitions,window_excluded,0.0012695312499999998,0.0005714699074074069,0.0020399305555555552,12
discovery,2,transitions,rigid,0.23037485454088102,0.22730845800919564,0.23310933517647953,12
discovery,2,transitions,switching,0.01051830150462963,0.009787669994212964,0.01125831886574074,12
discovery,2,transitions,influence_gini,-0.0006175487329879714,-0.0030962068534756207,0.0017892249376745652,12
discovery,2,transitions,assortativity,0.27607918329486425,0.2610713105245405,0.2915516351628813,12
discovery,2,transitions,fragmentation,0.0,0.0,0.0,12
replication,1,identity,choice_excess,0.08806802179783951,0.08544498878761575,0.09089021855107061,12
replication,1,identity,coop_gap,0.3723606092208908,0.36102797531353525,0.38387251665843636,12
replication,1,identity,cooperation,0.0008369502314814666,0.0005168547453703688,0.0011404170283565067,12
replication,1,identity,window_excluded,0.0006727430555555561,2.170138888889011e-05,0.0012839988425925929,12
replication,1,identity,rigid,-0.0007490320362163738,-0.0009938315542393028,-0.0004909792483312168,12
replication,1,identity,switching,-0.0012022569444444448,-0.0013867187500000006,-0.0010112847222222224,12
replication,1,identity,influence_gini,0.0063744348020058905,0.004563466252302922,0.008047319777427156,12
replication,1,identity,assortativity,0.095183151856064,0.09031040222352674,0.10003401865003446,12
replication,1,identity,fragmentation,0.0,0.0,0.0,12
replication,1,behavior,choice_excess,-0.0004947193287037031,-0.001259748746141973,0.00047904519917052566,12
replication,1,behavior,coop_gap,-0.0026187165589064442,-0.005708451768316688,0.0006447408338168496,12
replication,1,behavior,cooperation,0.0002546296296296509,-0.0009002730758101456,0.0013686523437499813,12
replication,1,behavior,window_excluded,-0.000209780092592593,-0.0007269965277777778,0.00023148148148148108,12
replication,1,behavior,rigid,-0.00014738756984846008,-0.0006715994214325301,0.0003974751330769564,12
replication,1,behavior,switching,-1.5190972222222428e-05,-0.00017180266203703715,0.00013852719907407355,12
replication,1,behavior,influence_gini,0.00024170153380232337,-0.0011335123070439436,0.001419055550509998,12
replication,1,behavior,assortativity,0.00018155833089198345,-0.0031991215156627925,0.0034991741312404177,12
replication,1,behavior,fragmentation,0.0,0.0,0.0,12
replication,1,memory,choice_excess,0.012736207561728398,0.01134132080078125,0.0142006031177662,12
replication,1,memory,coop_gap,0.08131136894792919,0.07297725689579482,0.09007021578794122,12
replication,1,memory,cooperation,0.05432725694444445,0.05246557617187497,0.056199761284722274,12
replication,1,memory,window_excluded,0.002271412037037037,0.0015263310185185178,0.0030526620370370378,12
replication,1,memory,rigid,-0.0301575729670623,-0.031163280188972305,-0.02913528109161819,12
replication,1,memory,switching,0.0005005787037037034,0.0003624131944444441,0.0006329571759259258,12
replication,1,memory,influence_gini,0.007062607496510401,0.004911743799569022,0.009220023599193309,12
replication,1,memory,assortativity,0.025966880882536163,0.02064672763549801,0.031821796259675975,12
replication,1,memory,fragmentation,0.0,0.0,0.0,12
replication,1,stress,choice_excess,-0.03579530767746914,-0.037878095612702556,-0.03348650459948882,12
replication,1,stress,coop_gap,-0.1942485562228715,-0.20542471283116076,-0.18124974441361527,12
replication,1,stress,cooperation,-0.14733579282407408,-0.1507382722077546,-0.14360995370370375,12
replication,1,stress,window_excluded,0.004405381944444445,0.0017722800925925933,0.007034866898148148,12
replication,1,stress,rigid,0.051174790206064226,0.04991198975003646,0.05233245576977862,12
replication,1,stress,switching,-0.0011443865740740746,-0.0013899830005787044,-0.0008930121527777783,12
replication,1,stress,influence_gini,-0.0054277520661929575,-0.009887175902085547,-0.0014400096866044147,12
replication,1,stress,assortativity,-0.05229414835217836,-0.06122688615559957,-0.043828576134317655,12
replication,1,stress,fragmentation,0.0,0.0,0.0,12
replication,1,transitions,choice_excess,0.021215639467592598,0.01915696433738426,0.023494968442563657,12
replication,1,transitions,coop_gap,-0.0003071272176000048,-0.01215750511552072,0.012261850193832689,12
replication,1,transitions,cooperation,-3.906250000000148e-05,-0.00039316587094907415,0.00030454282407409644,12
replication,1,transitions,window_excluded,0.0004991319444444445,7.233796296296267e-06,0.0009801793981481486,12
replication,1,transitions,rigid,0.26053103334572253,0.2576085636934812,0.2634812195664542,12
replication,1,transitions,switching,0.010781973379629632,0.010121871383101855,0.011467438874421294,12
replication,1,transitions,influence_gini,-3.5645590849735696e-05,-0.001605799368877047,0.0015530910209685164,12
replication,1,transitions,assortativity,0.21442179520339313,0.1982558495879503,0.22988924903431998,12
replication,1,transitions,fragmentation,0.0,0.0,0.0,12
replication,2,identity,choice_excess,0.11580300564236111,0.11259075008439426,0.11917448368778934,12
replication,2,identity,coop_gap,0.5164878043425568,0.502640137866577,0.530108667230637,12
replication,2,identity,cooperation,0.0012188946759258967,0.0008221209490740867,0.001642460575810183,12
replication,2,identity,window_excluded,0.0014539930555555554,0.0004411711516203691,0.0025245949074074077,12
replication,2,identity,rigid,-0.00086162146740126,-0.0011179733859598415,-0.0005965519758846899,12
replication,2,identity,switching,-0.0015505642361111108,-0.0017310564959490747,-0.0013534342447916671,12
replication,2,identity,influence_gini,0.012525707688443166,0.009135141617744626,0.015605109507666219,12
replication,2,identity,assortativity,0.13427755690402166,0.128927338953998,0.13953957582598753,12
replication,2,identity,fragmentation,0.0,0.0,0.0,12
replication,2,behavior,choice_excess,9.592616705246815e-05,-0.0007655359338831036,0.0010008472583912032,12
replication,2,behavior,coop_gap,-0.0005543015554309814,-0.004035651712448663,0.002855004967116444,12
replication,2,behavior,cooperation,5.0636574074243894e-06,-0.0010951967592592608,0.001044569227430561,12
replication,2,behavior,window_excluded,0.000506365740740741,6.148726851851873e-05,0.000922309027777778,12
replication,2,behavior,rigid,-2.3356899689006005e-05,-0.0005844763167493632,0.0005540948012971066,12
replication,2,behavior,switching,5.750868055555551e-05,-0.00010489908854166643,0.00022642686631944443,12
replication,2,behavior,influence_gini,0.001692840117736345,8.946267334398276e-05,0.0031758838796825378,12
replication,2,behavior,assortativity,0.0013901657287763412,-0.0029762802223158333,0.0055625795425058655,12
replication,2,behavior,fragmentation,0.0,0.0,0.0,12
replication,2,memory,choice_excess,0.02145069565007716,0.01913265004099151,0.023756432351948305,12
replication,2,memory,coop_gap,0.13311949200732004,0.12395811768874397,0.14292963057805994,12
replication,2,memory,cooperation,0.08712528935185189,0.08515823025173613,0.0890221715856481,12
replication,2,memory,window_excluded,0.005591724537037038,0.004618778935185186,0.00658275462962963,12
replication,2,memory,rigid,-0.037888220779889355,-0.03877345885278033,-0.037036990084666856,12
replication,2,memory,switching,0.0006087239583333331,0.00039134837962962946,0.0008290020978009258,12
replication,2,memory,influence_gini,0.022902002082281856,0.02058922417934995,0.02527586402457197,12
replication,2,memory,assortativity,0.046557417178384373,0.03933167056262492,0.05287245381959667,12
replication,2,memory,fragmentation,0.0,0.0,0.0,12
replication,2,stress,choice_excess,-0.002635374469521603,-0.004113324200665509,-0.001193112973813652,12
replication,2,stress,coop_gap,-0.014267172095096321,-0.01925295365513969,-0.009472706884226403,12
replication,2,stress,cooperation,-0.00944950810185192,-0.010577618634259342,-0.008346688729745427,12
replication,2,stress,window_excluded,0.0022858796296296295,0.0016927083333333332,0.002973090277777778,12
replication,2,stress,rigid,0.025482589456674084,0.024287850387753877,0.02659161042748404,12
replication,2,stress,switching,-7.921006944444468e-05,-0.00023763020833333348,8.138020833333326e-05,12
replication,2,stress,influence_gini,0.006675861442447158,0.004635849525520138,0.00869872361483423,12
replication,2,stress,assortativity,-0.011713869916403554,-0.017415369638607885,-0.006085202397697829,12
replication,2,stress,fragmentation,0.0,0.0,0.0,12
replication,2,transitions,choice_excess,0.028094527633101853,0.024700476677035114,0.031529472143856103,12
replication,2,transitions,coop_gap,-0.01436213405618778,-0.036664057437381485,0.005979304197419036,12
replication,2,transitions,cooperation,0.00024088541666666038,-0.00014722583912043323,0.0006582845052083393,12
replication,2,transitions,window_excluded,0.0013310185185185178,0.00060402199074074,0.001978443287037037,12
replication,2,transitions,rigid,0.2323443997466722,0.2284759577156527,0.2364125257167062,12
replication,2,transitions,switching,0.010439453125,0.009787669994212964,0.0111310130931713,12
replication,2,transitions,influence_gini,0.001129817644672797,-0.00018935466199062102,0.002358904536499619,12
replication,2,transitions,assortativity,0.2659942909849502,0.24753258640102402,0.2841196448695503,12
replication,2,transitions,fragmentation,0.0,0.0,0.0,12
