stress,phase,metric,mean,lo,hi,seeds
0,0,choice_excess,0.14920515046296298,0.1439570650077161,0.15391583236882717,12
0,0,cooperation,0.8041493055555556,0.7976331018518518,0.8112041377314815,12
0,0,rigid,0.14176359847612366,0.13553785320805534,0.1474842879142868,12
0,0,window_excluded,0.01811342592592593,0.01568287037037037,0.020601851851851854,12
0,0,fragmentation,0.0,0.0,0.0,12
0,0,assortativity,0.2960899679432141,0.2823578163321302,0.3102167546851957,12
0,0,influence_gini,0.29741646796940646,0.28976980242720046,0.30559573270684426,12
0,0,switching,0.01320023148148148,0.01211226851851852,0.01421296296296296,12
0,1,choice_excess,0.16763811728395062,0.161977237654321,0.17312148437500002,12
0,1,cooperation,0.8394270833333334,0.8354163773148149,0.8437268518518519,12
0,1,rigid,0.16460433214938663,0.1603007037309167,0.16866182163506646,12
0,1,window_excluded,0.01273148148148148,0.01082175925925926,0.014641203703703703,12
0,1,fragmentation,0.0,0.0,0.0,12
0,1,assortativity,0.3795230254186639,0.3575287804769457,0.39970481714107925,12
0,1,influence_gini,0.29094849670895284,0.2834268336459798,0.2987023557766829,12
0,1,switching,0.010462962962962964,0.00981467013888889,0.011168981481481483,12
0,2,choice_excess,0.16835117669753086,0.16061019724151232,0.1756784408757716,12
0,2,cooperation,0.8437615740740741,0.8385706018518518,0.8488657407407407,12
0,2,rigid,0.15790523077169585,0.15390489409670038,0.16171643966680543,12
0,2,window_excluded,0.013310185185185184,0.011631944444444445,0.01521990740740741,12
0,2,fragmentation,0.0,0.0,0.0,12
0,2,assortativity,0.43779879271698846,0.42242837342441164,0.45336281847640564,12
0,2,influence_gini,0.28778935821060847,0.28164728532522265,0.29368327552975776,12
0,2,switching,0.009033564814814815,0.008188657407407407,0.009878472222222223,12
1,0,choice_excess,0.14920515046296298,0.1439570650077161,0.15391583236882717,12
1,0,cooperation,0.8041493055555556,0.7976331018518518,0.8112041377314815,12
1,0,rigid,0.14176359847612366,0.13553785320805534,0.1474842879142868,12
1,0,window_excluded,0.01811342592592593,0.01568287037037037,0.020601851851851854,12
1,0,fragmentation,0.0,0.0,0.0,12
1,0,assortativity,0.2960899679432141,0.2823578163321302,0.3102167546851957,12
1,0,influence_gini,0.29741646796940646,0.28976980242720046,0.30559573270684426,12
1,0,switching,0.01320023148148148,0.01211226851851852,0.01421296296296296,12
1,1,choice_excess,0.07262152777777778,0.07033275462962964,0.07503761574074075,12
1,1,cooperation,0.655144675925926,0.6513194444444445,0.6593460648148147,12
1,1,rigid,0.29238388705324064,0.28918937644524145,0.29525333823165084,12
1,1,window_excluded,0.01383101851851852,0.011342592592592593,0.016493055555555556,12
1,1,fragmentation,0.0,0.0,0.0,12
1,1,assortativity,0.2404901007805851,0.21774789159993493,0.26178032370567295,12
1,1,influence_gini,0.2726656977498374,0.2681357326163907,0.27786167140770607,12
1,1,switching,0.009218750000000001,0.00867476851851852,0.009762731481481482,12
1,2,choice_excess,0.16042226080246913,0.15435786072530863,0.1675932605131173,12
1,2,cooperation,0.825474537037037,0.8191665219907408,0.8313658854166667,12
1,2,rigid,0.22765315124282606,0.22207897220970188,0.2335899844197593,12
1,2,window_excluded,0.0171875,0.015798611111111114,0.01869212962962963,12
1,2,fragmentation,0.0,0.0,0.0,12
1,2,assortativity,0.4046543978826013,0.3922275587088783,0.4173331935088888,12
1,2,influence_gini,0.303648479507033,0.2992074932043136,0.3075016694687207,12
1,2,switching,0.00912037037037037,0.008472222222222221,0.009739583333333334,12
