seed,topology,identity,observed_q,null_mean,null_lo,null_hi,excess,upper_tail_fraction
9100,ring,0.0,0.0037172239660328843,-0.012450154336030125,-0.06377237813654475,0.04581708763371336,0.01616737830206301,0.29
9100,ring,0.7,0.17185928627299601,-0.013127199598264637,-0.06824303080141356,0.05746332890742284,0.18498648587126065,0.002
9100,random,0.0,0.013559997343781105,-0.01370077500835331,-0.07086475620136552,0.05386011385519987,0.027260772352134414,0.194
9100,random,0.7,0.13359301662197548,-0.014803840287944738,-0.07259669851379782,0.05079415449590725,0.14839685690992022,0.002
9100,hub,0.0,-0.043819900656946006,-0.012743988216779658,-0.0756154590610479,0.05089536933183785,-0.03107591244016635,0.818
9100,hub,0.7,0.06374941610194171,-0.013313281238652793,-0.07168107958785244,0.052986811061550544,0.0770626973405945,0.012
9101,ring,0.0,-0.06859015092161384,-0.01485723357209591,-0.0666919497396951,0.048747387956839756,-0.053732917349517934,0.978
9101,ring,0.7,0.026534126774416106,-0.01534612499098695,-0.07035444053595809,0.04514974961832623,0.041880251765403054,0.094
9101,random,0.0,-0.06420583410402078,-0.014927490714168608,-0.07275294145711307,0.04896819629776426,-0.049278343389852174,0.95
9101,random,0.7,0.008254822130644962,-0.015426091780232428,-0.07657756269482253,0.04865716657366975,0.023680913910877392,0.218
9101,hub,0.0,-0.03022513968502752,-0.015584050293595652,-0.06973036949637079,0.05465073362155754,-0.014641089391431867,0.664
9101,hub,0.7,0.05505299466167707,-0.015799138164301535,-0.07717768306023996,0.056579384389141625,0.0708521328259786,0.032
9102,ring,0.0,-0.010247477025697088,-0.01414296226361741,-0.0690427940265761,0.04794140574538034,0.003895485237920321,0.432
9102,ring,0.7,0.12821310493567972,-0.014803128338251816,-0.07057026261234516,0.04733930157855943,0.14301623327393154,0.002
9102,random,0.0,0.04625712611220631,-0.01443601335312511,-0.0694891931731401,0.04976558272802081,0.06069313946533142,0.034
9102,random,0.7,0.20394631815082112,-0.01560315136775002,-0.07396329039634356,0.056019495128178894,0.21954946951857113,0.002
9102,hub,0.0,-0.02253183933992109,-0.014281674411406963,-0.07187452709492546,0.05462516040818676,-0.008250164928514126,0.558
9102,hub,0.7,0.08196869776125235,-0.014732971504727339,-0.07300101352934743,0.05851972476526741,0.09670166926597969,0.006
9103,ring,0.0,-0.054751964443184684,-0.012671471040310654,-0.06485533883692365,0.03915287324420509,-0.04208049340287403,0.944
9103,ring,0.7,0.0634355182356097,-0.012874402314535238,-0.06558063646118396,0.04978005189496721,0.07630992055014493,0.012
9103,random,0.0,-0.017095932917357254,-0.01600028134364883,-0.07200012808647474,0.048727188810057394,-0.001095651573708424,0.5
9103,random,0.7,0.10768850142757477,-0.016174239678813564,-0.07370110629715836,0.052163652246305044,0.12386274110638834,0.002
9103,hub,0.0,-0.0035902119562030987,-0.014139587766700866,-0.07556194115290575,0.05349915034512402,0.010549375810497768,0.382
9103,hub,0.7,0.12868436337888994,-0.01518247890891882,-0.08053977174673017,0.0590929161214103,0.14386684228780877,0.002
9104,ring,0.0,-0.08112866437528247,-0.0149401378988545,-0.06634945137688493,0.04177715094373878,-0.06618852647642798,0.996
9104,ring,0.7,0.016300462288424578,-0.014210575577964783,-0.06268292458459918,0.04351533195253892,0.03051103786638936,0.122
9104,random,0.0,0.03158981677268152,-0.013056344083841426,-0.06623591181961715,0.05096876936716914,0.04464616085652295,0.09
9104,random,0.7,0.20081719609134963,-0.013965337592288926,-0.07402121803594627,0.054154326422796766,0.21478253368363856,0.002
9104,hub,0.0,0.025652376538362442,-0.009632826030187785,-0.06773480782081959,0.051845123895340545,0.03528520256855023,0.14
9104,hub,0.7,0.16078580969976172,-0.010624271316674429,-0.07378866831997408,0.055648160727475734,0.17141008101643615,0.002
9105,ring,0.0,-0.02023609941189891,-0.012832505742568596,-0.06655346049663248,0.049742654570488105,-0.007403593669330315,0.566
9105,ring,0.7,0.12176496756109847,-0.012006610774458972,-0.06617473161139456,0.050163855328010834,0.13377157833555745,0.002
9105,random,0.0,-0.03377670195154975,-0.014297663225691001,-0.06657959318633748,0.046732804433638024,-0.019479038725858745,0.734
9105,random,0.7,0.1007264033064206,-0.013709857238506231,-0.07277030469050366,0.050195105247981556,0.11443626054492684,0.002
9105,hub,0.0,-0.03572124999999998,-0.01382216482965932,-0.0679381625,0.0472410125,-0.021899085170340664,0.77
9105,hub,0.7,0.0382591937910898,-0.013368818934168424,-0.06669421890786455,0.0511491180375929,0.05162801272525823,0.066
9106,ring,0.0,-0.020958253061720777,-0.013699020172891792,-0.06920442519825663,0.048039175871778216,-0.007259232888828985,0.574
9106,ring,0.7,0.055623715179219435,-0.012238424921233858,-0.06691500993658069,0.05532751767875398,0.0678621401004533,0.028
9106,random,0.0,0.018599373969366118,-0.01533466639353199,-0.07106564064536985,0.04409610471959563,0.033934040362898106,0.138
9106,random,0.7,0.11604288682539513,-0.01375780960767093,-0.06722697183017234,0.042970201969427455,0.12980069643306605,0.002
9106,hub,0.0,-0.06121325558819611,-0.014871344373930813,-0.07201275307882164,0.047703785951309904,-0.0463419112142653,0.948
9106,hub,0.7,0.012665634564819672,-0.01520542169786297,-0.07174495826946659,0.04519346025064673,0.027871056262682645,0.176
9107,ring,0.0,-0.025902149062642876,-0.015177314421557642,-0.0665629263831733,0.040840603566529486,-0.010724834641085234,0.652
9107,ring,0.7,0.10280309586889558,-0.014421107546691079,-0.06896499038947582,0.04401804684708495,0.11722420341558666,0.004
9107,random,0.0,-0.033770756566515486,-0.013713657710356464,-0.06844424908273496,0.046802305268172084,-0.02005709885615902,0.72
9107,random,0.7,0.1035886157469125,-0.013491690076774438,-0.06855516937008617,0.052135838375199195,0.11708030582368693,0.002
9107,hub,0.0,-0.02638725,-0.013121631763527052,-0.070082975,0.0509568375,-0.013265618236472949,0.662
9107,hub,0.7,0.06406268715244479,-0.013667164463487277,-0.07103057532139678,0.055963460467936106,0.07772985161593206,0.018
9108,ring,0.0,0.00972556140820019,-0.012184008317379156,-0.06281115167194234,0.046818688938501635,0.021909569725579343,0.208
9108,ring,0.7,0.15293812231953285,-0.013900549358416317,-0.06514420161155922,0.05303132540932439,0.16683867167794916,0.002
9108,random,0.0,-0.032144191531361194,-0.014976090538460392,-0.06709956255018086,0.044846840636073936,-0.017168100992900802,0.706
9108,random,0.7,0.04076277884052237,-0.015563971460899833,-0.06899127970149167,0.04761336826585097,0.05632675030142221,0.05
9108,hub,0.0,-0.05121944518939568,-0.015190535701474705,-0.07255044119282317,0.04709164644396627,-0.03602890948792098,0.87
9108,hub,0.7,0.009892575291059774,-0.015540386409420768,-0.07386438756706187,0.052433425280950095,0.025432961700480542,0.218
9109,ring,0.0,-0.03421388531631439,-0.01501540050179711,-0.06746571137372903,0.04030739644252475,-0.019198484814517282,0.738
9109,ring,0.7,0.11204445630808807,-0.014623407799850713,-0.07225477444247615,0.04363837996554151,0.1266678641079388,0.002
9109,random,0.0,-0.05108879924705448,-0.01297597886092366,-0.06819036209079542,0.04572202220638703,-0.03811282038613082,0.918
9109,random,0.7,0.09304357683217848,-0.013680037148098952,-0.06712803539088948,0.05230499106242448,0.10672361398027744,0.002
9109,hub,0.0,0.02933883187917244,-0.01648718637867314,-0.07292456746976007,0.046690802845528484,0.045826018257845574,0.08
9109,hub,0.7,0.1556002787137401,-0.018294363293757932,-0.07805854695362668,0.04739256820253732,0.17389464200749805,0.002
9110,ring,0.0,-0.04543308592396046,-0.016902306631182615,-0.07107415657706542,0.04334444882689711,-0.028530779292777846,0.858
9110,ring,0.7,0.05596853295562926,-0.016722660127327964,-0.07105473434824931,0.04559306921551429,0.07269119308295723,0.014
9110,random,0.0,0.029585563427664413,-0.015454439521496789,-0.07208439210632551,0.04358459690338981,0.045040002949161204,0.062
9110,random,0.7,0.17734228275127933,-0.015075450966588334,-0.0717168598684933,0.04625055849012875,0.19241773371786766,0.002
9110,hub,0.0,-0.035681210968873445,-0.014920918871459254,-0.07355168653395401,0.04511041659837073,-0.02076029209741419,0.746
9110,hub,0.7,0.04788984933930768,-0.014924730076666818,-0.07422051870608436,0.044020362398628055,0.0628145794159745,0.02
9111,ring,0.0,-0.009654389849849981,-0.015617458338403311,-0.06893949625107273,0.05071935720289701,0.00596306848855333,0.402
9111,ring,0.7,0.11445328222596562,-0.014860130978105344,-0.07862875199385816,0.06472657589332302,0.12931341320407097,0.004
9111,random,0.0,-0.01539921544837869,-0.015426079441902427,-0.06846761825835099,0.047933705795298306,2.6863993523737473e-05,0.478
9111,random,0.7,0.12939171225896995,-0.015891553838125867,-0.0719340297551757,0.047703196230595525,0.14528326609709583,0.002
9111,hub,0.0,-0.014720277732470477,-0.01485908991786573,-0.07039856019626375,0.04300074303962045,0.00013881218539525328,0.476
9111,hub,0.7,0.05290725112827574,-0.014252476408974514,-0.06779298116780606,0.04618763326861217,0.06715972753725025,0.016
