split,phase,interaction,metric,mean,lo,hi,seeds
discovery,1,stress x memory,choice_excess,-0.0241229865933642,-0.02628943021797839,-0.022167443094135802,12
discovery,1,stress x memory,coop_gap,-0.14635173725166517,-0.16028520396802162,-0.13278525257013385,12
discovery,1,stress x memory,rigid,0.02382442436698133,0.022209934249701396,0.02518817704102701,12
discovery,1,stress x memory,cooperation,-0.0703609664351852,-0.07407279007523151,-0.06600472005208334,12
discovery,1,stress x identity,choice_excess,-0.059814392843364185,-0.0620197322892554,-0.057455202003761564,12
discovery,1,stress x identity,coop_gap,-0.332699258368882,-0.3440683075742718,-0.3206575282502571,12
discovery,1,stress x identity,rigid,0.0009979385791645534,0.0006075290265829308,0.0013529670974123094,12
discovery,1,stress x identity,cooperation,-0.0019712094907407738,-0.0025983977141204066,-0.0012991717303240933,12
discovery,1,stress x transitions,choice_excess,-0.013822301793981478,-0.016951191165123457,-0.01061044560185185,12
discovery,1,stress x transitions,coop_gap,0.007352823126832751,-0.003382680594481933,0.01751291046268869,12
discovery,1,stress x transitions,rigid,0.10320195397813887,0.09963714627419594,0.10642988683593974,12
discovery,1,stress x transitions,cooperation,-0.0004882812500000555,-0.0008644386574074574,-0.00013382523148158728,12
discovery,2,stress x memory,choice_excess,-0.00507021604938272,-0.007992166100019297,-0.002128215422453711,12
discovery,2,stress x memory,coop_gap,-0.03573712496046789,-0.05190929659472316,-0.017917035239471853,12
discovery,2,stress x memory,rigid,0.018881276549466624,0.017665509084572588,0.019926707964943852,12
discovery,2,stress x memory,cooperation,-0.018622685185185155,-0.020149757667824068,-0.01705222800925929,12
discovery,2,stress x identity,choice_excess,-0.003632209683641968,-0.0064441698615933605,-0.0002616967472029288,12
discovery,2,stress x identity,coop_gap,-0.02491292387110676,-0.038924533917891635,-0.00989802972357685,12
discovery,2,stress x identity,rigid,0.000654913927785441,0.00018880682993588702,0.001175957752087067,12
discovery,2,stress x identity,cooperation,-0.000665509259259243,-0.0014663266782407181,0.0001215639467593248,12
discovery,2,stress x transitions,choice_excess,0.000411096643518524,-0.0018583146460262267,0.0029645070770640447,12
discovery,2,stress x transitions,coop_gap,0.014000369373358731,0.002307188205776252,0.02624500393387231,12
discovery,2,stress x transitions,rigid,0.05221645802470005,0.050330931701206304,0.054005507543415376,12
discovery,2,stress x transitions,cooperation,7.08912037036824e-05,-0.00035300925925921316,0.0005143229166665517,12
replication,1,stress x memory,choice_excess,-0.024323688271604943,-0.026334906081211414,-0.022538880148051704,12
replication,1,stress x memory,coop_gap,-0.1508753534522645,-0.16563164050941478,-0.1370506780000583,12
replication,1,stress x memory,rigid,0.023879045739868352,0.022547820053525902,0.025193786920170057,12
replication,1,stress x memory,cooperation,-0.06926793981481474,-0.07267883752893513,-0.0655207248263888,12
replication,1,stress x identity,choice_excess,-0.05769999035493826,-0.05946384608892746,-0.05571313777970679,12
replication,1,stress x identity,coop_gap,-0.3241722842484412,-0.33461823799033574,-0.31407934729624015,12
replication,1,stress x identity,rigid,0.0007172051564427358,0.00044969919944952733,0.0009545804310390753,12
replication,1,stress x identity,cooperation,-0.0015784143518518257,-0.0021839011863425723,-0.0008333152488425306,12
replication,1,stress x transitions,choice_excess,-0.01389684606481482,-0.01627500904224537,-0.011624805290316358,12
replication,1,stress x transitions,coop_gap,0.010199079595015481,-0.010921375009727242,0.031949033159385555,12
replication,1,stress x transitions,rigid,0.10234958041212845,0.0998239795000729,0.10466491153955725,12
replication,1,stress x transitions,cooperation,1.7361111111113825e-05,-0.000482512297453682,0.0005324254918981897,12
replication,2,stress x memory,choice_excess,-0.004000204957561729,-0.0055614691840277794,-0.002532638587480713,12
replication,2,stress x memory,coop_gap,-0.029197069019379435,-0.03579119858456079,-0.02258875163984819,12
replication,2,stress x memory,rigid,0.017984046763634683,0.01662564083151457,0.01929600901073594,12
replication,2,stress x memory,cooperation,-0.018910590277777767,-0.021166232638888883,-0.016707085503472163,12
replication,2,stress x identity,choice_excess,-0.0015515166859567844,-0.0035934871720678914,0.0005497769579475308,12
replication,2,stress x identity,coop_gap,-0.01739023023676037,-0.028479262455138384,-0.0058979343309994645,12
replication,2,stress x identity,rigid,0.0001387995915263183,-0.0003125562035332362,0.0005622611737147439,12
replication,2,stress x identity,cooperation,0.00043981481481482804,-0.0003935185185185523,0.0013440574363426559,12
replication,2,stress x transitions,choice_excess,-0.0012313970871913518,-0.004462026789158944,0.001988698398919759,12
replication,2,stress x transitions,coop_gap,0.007557148759578243,-0.005910202373228687,0.020423223964220135,12
replication,2,stress x transitions,rigid,0.050965178913348175,0.048575700775507755,0.0531832208549681,12
replication,2,stress x transitions,cooperation,0.0006018518518518164,-5.787037037037062e-05,0.001240596064814776,12
