seed,topology,balance,exact,max_metric_difference
1100,ring,equal,True,0.0
1100,ring,unequal,True,0.0
1100,random,equal,True,0.0
1100,random,unequal,True,0.0
1100,hub,equal,True,0.0
1100,hub,unequal,True,0.0
1101,ring,equal,True,0.0
1101,ring,unequal,True,0.0
1101,random,equal,True,0.0
1101,random,unequal,True,0.0
1101,hub,equal,True,0.0
1101,hub,unequal,True,0.0
1102,ring,equal,True,0.0
1102,ring,unequal,True,0.0
1102,random,equal,True,0.0
1102,random,unequal,True,0.0
1102,hub,equal,True,0.0
1102,hub,unequal,True,0.0
1103,ring,equal,True,0.0
1103,ring,unequal,True,0.0
1103,random,equal,True,0.0
1103,random,unequal,True,0.0
1103,hub,equal,True,0.0
1103,hub,unequal,True,0.0
1104,ring,equal,True,0.0
1104,ring,unequal,True,0.0
1104,random,equal,True,0.0
1104,random,unequal,True,0.0
1104,hub,equal,True,0.0
1104,hub,unequal,True,0.0
1105,ring,equal,True,0.0
1105,ring,unequal,True,0.0
1105,random,equal,True,0.0
1105,random,unequal,True,0.0
1105,hub,equal,True,0.0
1105,hub,unequal,True,0.0
1106,ring,equal,True,0.0
1106,ring,unequal,True,0.0
1106,random,equal,True,0.0
1106,random,unequal,True,0.0
1106,hub,equal,True,0.0
1106,hub,unequal,True,0.0
1107,ring,equal,True,0.0
1107,ring,unequal,True,0.0
1107,random,equal,True,0.0
1107,random,unequal,True,0.0
1107,hub,equal,True,0.0
1107,hub,unequal,True,0.0
1108,ring,equal,True,0.0
1108,ring,unequal,True,0.0
1108,random,equal,True,0.0
1108,random,unequal,True,0.0
1108,hub,equal,True,0.0
1108,hub,unequal,True,0.0
1109,ring,equal,True,0.0
1109,ring,unequal,True,0.0
1109,random,equal,True,0.0
1109,random,unequal,True,0.0
1109,hub,equal,True,0.0
1109,hub,unequal,True,0.0
1110,ring,equal,True,0.0
1110,ring,unequal,True,0.0
1110,random,equal,True,0.0
1110,random,unequal,True,0.0
1110,hub,equal,True,0.0
1110,hub,unequal,True,0.0
1111,ring,equal,True,0.0
1111,ring,unequal,True,0.0
1111,random,equal,True,0.0
1111,random,unequal,True,0.0
1111,hub,equal,True,0.0
1111,hub,unequal,True,0.0
9100,ring,equal,True,0.0
9100,ring,unequal,True,0.0
9100,random,equal,True,0.0
9100,random,unequal,True,0.0
9100,hub,equal,True,0.0
9100,hub,unequal,True,0.0
9101,ring,equal,True,0.0
9101,ring,unequal,True,0.0
9101,random,equal,True,0.0
9101,random,unequal,True,0.0
9101,hub,equal,True,0.0
9101,hub,unequal,True,0.0
9102,ring,equal,True,0.0
9102,ring,unequal,True,0.0
9102,random,equal,True,0.0
9102,random,unequal,True,0.0
9102,hub,equal,True,0.0
9102,hub,unequal,True,0.0
9103,ring,equal,True,0.0
9103,ring,unequal,True,0.0
9103,random,equal,True,0.0
9103,random,unequal,True,0.0
9103,hub,equal,True,0.0
9103,hub,unequal,True,0.0
9104,ring,equal,True,0.0
9104,ring,unequal,True,0.0
9104,random,equal,True,0.0
9104,random,unequal,True,0.0
9104,hub,equal,True,0.0
9104,hub,unequal,True,0.0
9105,ring,equal,True,0.0
9105,ring,unequal,True,0.0
9105,random,equal,True,0.0
9105,random,unequal,True,0.0
9105,hub,equal,True,0.0
9105,hub,unequal,True,0.0
9106,ring,equal,True,0.0
9106,ring,unequal,True,0.0
9106,random,equal,True,0.0
9106,random,unequal,True,0.0
9106,hub,equal,True,0.0
9106,hub,unequal,True,0.0
9107,ring,equal,True,0.0
9107,ring,unequal,True,0.0
9107,random,equal,True,0.0
9107,random,unequal,True,0.0
9107,hub,equal,True,0.0
9107,hub,unequal,True,0.0
9108,ring,equal,True,0.0
9108,ring,unequal,True,0.0
9108,random,equal,True,0.0
9108,random,unequal,True,0.0
9108,hub,equal,True,0.0
9108,hub,unequal,True,0.0
9109,ring,equal,True,0.0
9109,ring,unequal,True,0.0
9109,random,equal,True,0.0
9109,random,unequal,True,0.0
9109,hub,equal,True,0.0
9109,hub,unequal,True,0.0
9110,ring,equal,True,0.0
9110,ring,unequal,True,0.0
9110,random,equal,True,0.0
9110,random,unequal,True,0.0
9110,hub,equal,True,0.0
9110,hub,unequal,True,0.0
9111,ring,equal,True,0.0
9111,ring,unequal,True,0.0
9111,random,equal,True,0.0
9111,random,unequal,True,0.0
9111,hub,equal,True,0.0
9111,hub,unequal,True,0.0
