decay,scarcity,metric,mean,lo,hi,seeds
0.85,0.35,choice_excess,-0.08495370370370374,-0.09089128086419757,-0.0791567804783951,12
0.85,0.35,cooperation,-0.20123842592592597,-0.20526620370370371,-0.19718721064814815,12
0.85,0.35,rigid,0.1405853115224042,0.13748905954322782,0.14385922919372107,12
0.85,0.35,window_excluded,0.007291666666666666,0.0038194444444444448,0.010879629629629628,12
0.85,0.55,choice_excess,-0.08338541666666667,-0.08924692322530867,-0.07771022858796298,12
0.85,0.55,cooperation,-0.14553240740740744,-0.14971093750000003,-0.14119184027777787,12
0.85,0.55,rigid,0.10129109940513774,0.09813228387533127,0.10438261868355997,12
0.85,0.55,window_excluded,0.001041666666666667,-0.0023148148148148143,0.0042824074074074075,12
0.85,0.85,choice_excess,-0.08153356481481484,-0.08717770061728397,-0.07581568287037038,12
0.85,0.85,cooperation,-0.0645138888888889,-0.06731481481481481,-0.06195601851851856,12
0.85,0.85,rigid,0.04532368288201499,0.04347033211915417,0.04750443629638418,12
0.85,0.85,window_excluded,-0.004050925925925926,-0.006597222222222222,-0.0017361111111111112,12
0.97,0.35,choice_excess,-0.10014564043209878,-0.1067842447916667,-0.09262819733796299,12
0.97,0.35,cooperation,-0.24199074074074076,-0.2463657407407407,-0.23782378472222218,12
0.97,0.35,rigid,0.1682723945282837,0.16534028653854319,0.17150909691856617,12
0.97,0.35,window_excluded,0.008564814814814815,0.0034722222222222225,0.01481481481481481,12
0.97,0.55,choice_excess,-0.09947434413580249,-0.10584750192901236,-0.09243997395833337,12
0.97,0.55,cooperation,-0.18494212962962964,-0.1891319444444444,-0.18057870370370374,12
0.97,0.55,rigid,0.12848246974797956,0.1257897312483794,0.13111301891029045,12
0.97,0.55,window_excluded,0.0012731481481481483,-0.002777777777777778,0.005439814814814815,12
0.97,0.85,choice_excess,-0.0989592978395062,-0.10522145543981486,-0.09213558063271607,12
0.97,0.85,cooperation,-0.10495370370370367,-0.1070717592592592,-0.10255787037037041,12
0.97,0.85,rigid,0.07362095930476169,0.07162995224699484,0.07528725532269274,12
0.97,0.85,window_excluded,-0.003472222222222222,-0.007060185185185184,0.00023148148148148195,12
0.995,0.35,choice_excess,-0.10627218364197534,-0.11186990258487656,-0.1012227816358025,12
0.995,0.35,cooperation,-0.25976851851851857,-0.26408564814814817,-0.25553211805555565,12
0.995,0.35,rigid,0.17974183574172728,0.17694686675962754,0.18306841654604988,12
0.995,0.35,window_excluded,0.00613425925925926,0.0015046296296296307,0.01087962962962963,12
0.995,0.55,choice_excess,-0.10521315586419755,-0.110539737654321,-0.10045504436728399,12
0.995,0.55,cooperation,-0.20315972222222226,-0.20731481481481484,-0.19871498842592594,12
0.995,0.55,rigid,0.14044198806779729,0.13760688865995824,0.1434731111850692,12
0.995,0.55,window_excluded,0.000925925925925926,-0.0031249999999999997,0.005324074074074075,12
0.995,0.85,choice_excess,-0.10488908179012348,-0.11061146315586422,-0.0998288049768519,12
0.995,0.85,cooperation,-0.12548611111111116,-0.1279861111111111,-0.1230555555555556,12
0.995,0.85,rigid,0.08723818738818127,0.0853996359908074,0.0891729756348224,12
0.995,0.85,window_excluded,-0.004050925925925926,-0.0071788194444444425,-0.000810185185185185,12
