n,topology,balance,metric,mean,lo,hi,seeds
30,ring,equal,choice_excess,-0.09637731481481482,-0.11312499999999999,-0.08017332175925926,12
30,ring,equal,cooperation,-0.1835416666666667,-0.19034722222222222,-0.17722222222222225,12
30,ring,equal,rigid,0.127148644724964,0.1213746610378269,0.1336244457816833,12
30,ring,equal,window_excluded,-0.003472222222222222,-0.006944444444444444,-0.0006944444444444445,12
30,ring,unequal,choice_excess,-0.10637731481481483,-0.12173640046296297,-0.09070543981481485,12
30,ring,unequal,cooperation,-0.18465277777777786,-0.193404513888889,-0.17562500000000006,12
30,ring,unequal,rigid,0.1285760876778059,0.12136718309120921,0.13616871951305018,12
30,ring,unequal,window_excluded,-0.0006944444444444445,-0.003472222222222222,0.0020833333333333333,12
30,random,equal,choice_excess,-0.10669328703703705,-0.12244921874999999,-0.09083475115740744,12
30,random,equal,cooperation,-0.183888888888889,-0.19347222222222235,-0.17479166666666676,12
30,random,equal,rigid,0.12762823880634097,0.12034406427545924,0.13546339610487415,12
30,random,equal,window_excluded,-0.0027777777777777783,-0.006250000000000001,0.0006944444444444438,12
30,random,unequal,choice_excess,-0.09980555555555555,-0.11336811342592593,-0.08723127893518519,12
30,random,unequal,cooperation,-0.18222222222222226,-0.19097222222222224,-0.17381944444444455,12
30,random,unequal,rigid,0.12638973091790376,0.11967052519903984,0.134134648956828,12
30,random,unequal,window_excluded,-0.009027777777777779,-0.01875,-2.8912057932946783e-19,12
30,hub,equal,choice_excess,-0.08227083333333333,-0.09335457175925928,-0.07214108796296297,12
30,hub,equal,cooperation,-0.17805555555555563,-0.18590277777777786,-0.17069444444444457,12
30,hub,equal,rigid,0.12302778612995983,0.11632567931752856,0.13026989445396298,12
30,hub,equal,window_excluded,-0.004166666666666668,-0.01597222222222222,0.008333333333333331,12
30,hub,unequal,choice_excess,-0.0824212962962963,-0.09346461226851852,-0.07090135995370372,12
30,hub,unequal,cooperation,-0.17715277777777783,-0.18729166666666672,-0.16756944444444447,12
30,hub,unequal,rigid,0.1232050054550017,0.11509856038254722,0.1318176630391989,12
30,hub,unequal,window_excluded,0.0076388888888888895,-0.006944444444444445,0.025000000000000005,12
60,ring,equal,choice_excess,-0.10467013888888892,-0.11585720486111115,-0.09289916087962966,12
60,ring,equal,cooperation,-0.1895138888888889,-0.19395833333333334,-0.18524305555555556,12
60,ring,equal,rigid,0.13174876993666731,0.1285929593034973,0.13484129605753115,12
60,ring,equal,window_excluded,-0.001388888888888889,-0.0031249999999999997,0.00034722222222222224,12
60,ring,unequal,choice_excess,-0.0905150462962963,-0.10083347800925926,-0.08053153935185185,12
60,ring,unequal,cooperation,-0.18701388888888895,-0.1915625,-0.18218750000000006,12
60,ring,unequal,rigid,0.12918672493849592,0.12649728995414594,0.13187821664519792,12
60,ring,unequal,window_excluded,0.0006944444444444445,-0.001388888888888889,0.0031249999999999997,12
60,random,equal,choice_excess,-0.10983449074074075,-0.1173149305555556,-0.10201809895833337,12
60,random,equal,cooperation,-0.18961805555555555,-0.1944097222222221,-0.18524305555555556,12
60,random,equal,rigid,0.1314056331644011,0.12844950515292722,0.13457825619967473,12
60,random,equal,window_excluded,0.0038194444444444448,0.0006944444444444447,0.006597222222222222,12
60,random,unequal,choice_excess,-0.10363541666666669,-0.11486925636574075,-0.09152701099537039,12
60,random,unequal,cooperation,-0.18722222222222226,-0.19319444444444453,-0.18142361111111108,12
60,random,unequal,rigid,0.1291951246812203,0.12562825032568883,0.13304852398422115,12
60,random,unequal,window_excluded,0.0003472222222222221,-0.0038194444444444448,0.004861111111111111,12
60,hub,equal,choice_excess,-0.0839184027777778,-0.096056322337963,-0.07137330729166669,12
60,hub,equal,cooperation,-0.1756944444444445,-0.18246527777777777,-0.16840277777777787,12
60,hub,equal,rigid,0.12229300614287025,0.11726468935522223,0.12697556773066282,12
60,hub,equal,window_excluded,0.001388888888888888,-0.00902777777777778,0.012500000000000002,12
60,hub,unequal,choice_excess,-0.07752604166666668,-0.09059292534722224,-0.06552579571759261,12
60,hub,unequal,cooperation,-0.1766319444444445,-0.1832638888888889,-0.17000000000000015,12
60,hub,unequal,rigid,0.12284807055946893,0.11853830270639945,0.1273310057377637,12
60,hub,unequal,window_excluded,0.001736111111111111,-0.011111111111111113,0.013888888888888888,12
120,ring,equal,choice_excess,-0.10626157407407406,-0.11410908564814817,-0.09916898148148148,12
120,ring,equal,cooperation,-0.19149305555555554,-0.1961111111111111,-0.18652777777777785,12
120,ring,equal,rigid,0.1325109008037157,0.1292689843735627,0.135636980234056,12
120,ring,equal,window_excluded,-0.0005208333333333332,-0.0026041666666666665,0.0013888888888888892,12
120,ring,unequal,choice_excess,-0.1018894675925926,-0.10723090277777779,-0.09686335358796297,12
120,ring,unequal,cooperation,-0.19199652777777776,-0.1958854166666667,-0.1882638888888889,12
120,ring,unequal,rigid,0.1331573779316348,0.1305641982990998,0.13604966032265178,12
120,ring,unequal,window_excluded,0.0006944444444444445,-0.00017361111111111112,0.0019097222222222224,12
120,random,equal,choice_excess,-0.11572251157407408,-0.12165279947916663,-0.1090679904513889,12
120,random,equal,cooperation,-0.19005208333333334,-0.19376736111111115,-0.18609375000000003,12
120,random,equal,rigid,0.13157713135809915,0.1288164936663836,0.1342486200593486,12
120,random,equal,window_excluded,0.0005208333333333333,-0.0015625000000000005,0.0031249999999999997,12
120,random,unequal,choice_excess,-0.10329832175925925,-0.10981888744212963,-0.09659286747685183,12
120,random,unequal,cooperation,-0.1897222222222222,-0.19394097222222217,-0.18543402777777773,12
120,random,unequal,rigid,0.1317871438600036,0.12856582762814572,0.13511566191858326,12
120,random,unequal,window_excluded,0.001215277777777778,-0.0008680555555555554,0.003298611111111111,12
120,hub,equal,choice_excess,-0.10464496527777778,-0.11531657262731482,-0.09552277199074073,12
120,hub,equal,cooperation,-0.18116319444444443,-0.18597265624999998,-0.17605902777777782,12
120,hub,equal,rigid,0.12540218790372312,0.12163855195498373,0.12907409544983509,12
120,hub,equal,window_excluded,0.0005208333333333327,-0.005208333333333333,0.006076388888888888,12
120,hub,unequal,choice_excess,-0.08622395833333334,-0.09377785011574075,-0.07885439814814817,12
120,hub,unequal,cooperation,-0.18041666666666667,-0.1854865451388889,-0.17510416666666662,12
120,hub,unequal,rigid,0.12536578609578178,0.12150391536287786,0.1291720348302429,12
120,hub,unequal,window_excluded,0.00190972222222222,-0.0055555555555555575,0.00868489583333327,12
