seed,topology,balance,memory,recovered,time_or_censor,late_rigidity_difference,late_choice_difference
9100,ring,equal,0,False,40,0.005543767960359475,0.03527777777777778
9100,ring,unequal,0,True,40,0.005734767254581258,-0.029444444444444506
9100,random,equal,0,False,40,0.00744993893727407,0.01822222222222226
9100,random,unequal,0,True,40,0.00580020609441183,-0.015166666666666573
9100,hub,equal,0,True,40,0.006984368467244806,-0.00561111111111115
9100,hub,unequal,0,True,40,0.006743585011821707,0.0015833333333333589
9101,ring,equal,0,True,40,0.005807838879783325,-0.01555555555555555
9101,ring,unequal,0,True,40,0.006080888104276533,-0.028888888888888936
9101,random,equal,0,True,40,0.005468248980794907,0.018972222222222234
9101,random,unequal,0,True,40,0.003775144055760388,0.022500000000000027
9101,hub,equal,0,True,40,0.006749510919480675,-0.013972222222222191
9101,hub,unequal,0,True,40,0.007983207791895448,-0.008666666666666623
9102,ring,equal,0,False,40,0.0076464498934253194,0.010277777777777863
9102,ring,unequal,0,False,40,0.0049139904922782226,0.019166666666666644
9102,random,equal,0,True,40,0.008675249387256298,-0.02908333333333333
9102,random,unequal,0,True,40,0.00517329410080109,-0.02500000000000003
9102,hub,equal,0,True,40,0.004883271961461877,0.02275000000000003
9102,hub,unequal,0,True,40,0.0030931967650358492,-0.009222222222222238
9103,ring,equal,0,False,40,0.0072399687254230795,0.04083333333333338
9103,ring,unequal,0,True,40,0.005951474746778179,0.0030555555555556225
9103,random,equal,0,True,40,0.007335828200342292,-0.0021666666666666943
9103,random,unequal,0,True,40,0.004680553264301923,0.0085555555555556
9103,hub,equal,0,False,40,0.004842306703776439,-0.027888888888888824
9103,hub,unequal,0,False,40,0.009582724387050373,-0.05241666666666674
9104,ring,equal,0,True,40,0.006541832718281801,0.020833333333333336
9104,ring,unequal,0,True,30,0.00533324702759069,0.006944444444444442
9104,random,equal,0,True,40,0.00769772914039459,0.02336111111111112
9104,random,unequal,0,True,30,0.005131400977673453,-0.024638888888888884
9104,hub,equal,0,False,40,0.005048946910459556,-0.019750000000000045
9104,hub,unequal,0,False,40,0.006020394215477792,0.005638888888888904
9105,ring,equal,0,True,40,0.008195931782878718,-0.016666666666666618
9105,ring,unequal,0,False,40,0.006215360311604304,-0.0377777777777778
9105,random,equal,0,True,40,0.005392764559410274,0.028222222222222253
9105,random,unequal,0,False,40,0.006689437791867867,-0.03336111111111111
9105,hub,equal,0,False,40,0.0050095062943794596,0.05963888888888893
9105,hub,unequal,0,True,40,0.006084007700031482,-0.0017222222222222083
9106,ring,equal,0,True,40,0.00656178630137523,0.007777777777777772
9106,ring,unequal,0,True,40,0.0067819327351176985,0.002777777777777768
9106,random,equal,0,True,40,0.007118775815483885,-0.005694444444444491
9106,random,unequal,0,False,40,0.004645196481694447,0.0260555555555555
9106,hub,equal,0,True,40,0.008660155910135456,-0.005583333333333352
9106,hub,unequal,0,False,40,0.007468804874299725,0.046138888888888854
9107,ring,equal,0,True,40,0.0065090829979524535,0.012777777777777766
9107,ring,unequal,0,True,40,0.00867442899155826,0.018055555555555557
9107,random,equal,0,True,40,0.00707231640387263,0.009888888888888914
9107,random,unequal,0,True,40,0.006373887649516708,0.027416666666666683
9107,hub,equal,0,False,40,0.00812127378578469,0.012888888888888889
9107,hub,unequal,0,False,40,0.007057389742099104,-0.03225
9108,ring,equal,0,False,40,0.006774180321297063,0.0347222222222222
9108,ring,unequal,0,True,40,0.0073203243291066035,0.003333333333333266
9108,random,equal,0,True,40,0.006324225694663965,0.014944444444444416
9108,random,unequal,0,False,40,0.007185664497062133,0.01169444444444453
9108,hub,equal,0,True,40,0.006663162152787519,-0.005722222222222228
9108,hub,unequal,0,False,40,0.007222383605680849,-0.0588888888888889
9109,ring,equal,0,True,40,0.007367145447306186,0.025555555555555477
9109,ring,unequal,0,False,40,0.005597267654453839,0.011666666666666681
9109,random,equal,0,True,40,0.005398584324723133,-0.008055555555555627
9109,random,unequal,0,True,40,0.005016429070560391,0.016333333333333318
9109,hub,equal,0,True,40,0.007876659906942845,-0.0038611111111110765
9109,hub,unequal,0,False,40,0.0064691396340833375,0.03705555555555555
9110,ring,equal,0,False,40,0.0077071115320095805,-0.040555555555555525
9110,ring,unequal,0,False,40,0.004363799276135444,-0.010277777777777785
9110,random,equal,0,False,40,0.007074710362751657,0.023833333333333335
9110,random,unequal,0,False,40,0.00826175722442774,-0.03261111111111107
9110,hub,equal,0,True,40,0.006372173999857495,-0.003888888888888958
9110,hub,unequal,0,False,40,0.00625472922756507,0.023972222222222256
9111,ring,equal,0,True,40,0.0018243143554335871,0.021666666666666678
9111,ring,unequal,0,True,40,0.004394022424794875,4.4408920985006264e-17
9111,random,equal,0,True,40,0.008190972873493588,0.00036111111111114536
9111,random,unequal,0,True,40,0.006597150762828119,0.02233333333333335
9111,hub,equal,0,False,40,0.006369594524071123,-0.0069722222222222355
9111,hub,unequal,0,False,40,0.007010176940217855,-0.031888888888888925
9100,ring,equal,1,False,40,0.014907776074849614,0.031666666666666586
9100,ring,unequal,1,False,40,0.026156933187846475,-0.000555555555555598
9100,random,equal,1,False,40,0.027179865620158693,0.008833333333333304
9100,random,unequal,1,False,40,0.03218209516241599,0.0007222222222222519
9100,hub,equal,1,False,40,0.037957011129292416,-0.048083333333333325
9100,hub,unequal,1,False,40,0.016634648001661256,-0.02099999999999999
9101,ring,equal,1,False,40,0.02750449959383596,-0.012499999999999983
9101,ring,unequal,1,False,40,0.019032571848573775,0.0375
9101,random,equal,1,False,40,0.030367128722017345,0.001055555555555554
9101,random,unequal,1,False,40,0.03109900116058025,0.010333333333333283
9101,hub,equal,1,False,40,0.021662370497977382,-0.05297222222222222
9101,hub,unequal,1,False,40,0.03445062534244001,-0.036166666666666646
9102,ring,equal,1,False,40,0.01502261131592647,0.04944444444444445
9102,ring,unequal,1,False,40,0.024698905849876128,-0.015000000000000091
9102,random,equal,1,False,40,0.021973506762452806,0.010277777777777757
9102,random,unequal,1,False,40,0.029436354119376867,0.006194444444444414
9102,hub,equal,1,True,40,0.006162347221273484,-0.006916666666666738
9102,hub,unequal,1,False,40,0.028970649040194963,-0.04600000000000004
9103,ring,equal,1,False,40,0.0236702506599582,0.010000000000000097
9103,ring,unequal,1,False,40,0.018710690551667943,-0.006111111111111145
9103,random,equal,1,False,40,0.003853730261043095,0.005361111111111044
9103,random,unequal,1,False,40,0.02234457089502017,-0.01400000000000005
9103,hub,equal,1,False,40,0.03591835738775849,0.002416666666666739
9103,hub,unequal,1,False,40,0.029402300704230534,-0.04230555555555562
9104,ring,equal,1,False,40,0.030582656802543934,0.0044444444444444505
9104,ring,unequal,1,False,40,0.021919334354934216,0.023333333333333334
9104,random,equal,1,True,40,0.009308682633498228,-0.0225
9104,random,unequal,1,False,40,0.02395511985362064,0.009722222222222294
9104,hub,equal,1,False,40,0.020559716554815963,-0.013499999999999979
9104,hub,unequal,1,False,40,0.017047595755266456,0.040138888888888925
9105,ring,equal,1,False,40,0.02872852388565016,-0.019444444444444535
9105,ring,unequal,1,False,40,0.029927020271177607,0.029166666666666636
9105,random,equal,1,False,40,0.035351418935931044,-0.015333333333333348
9105,random,unequal,1,False,40,0.013599976021023502,0.004611111111111121
9105,hub,equal,1,False,40,0.02445611857684089,-0.027277777777777824
9105,hub,unequal,1,False,40,0.025131413888979166,-0.037666666666666695
9106,ring,equal,1,False,40,0.006748810123022741,-0.03972222222222206
9106,ring,unequal,1,False,40,0.01771577609993688,0.022499999999999964
9106,random,equal,1,False,40,0.023096799488143527,-0.014888888888888858
9106,random,unequal,1,False,40,0.02618848210453229,0.017805555555555526
9106,hub,equal,1,False,40,0.014964857371190268,-0.030055555555555596
9106,hub,unequal,1,True,40,0.010035221198729507,-0.005027777777777731
9107,ring,equal,1,False,40,0.013169021158861182,-0.0022222222222222586
9107,ring,unequal,1,False,40,0.02677811332663973,-0.008055555555555555
9107,random,equal,1,False,40,0.0499449187943517,-0.00502777777777777
9107,random,unequal,1,False,40,0.032640695473055883,-0.0028055555555555447
9107,hub,equal,1,False,40,0.014042801481338574,0.11761111111111108
9107,hub,unequal,1,False,40,0.019796553036175023,0.10024999999999995
9108,ring,equal,1,False,40,0.028703348698696306,-0.009444444444444594
9108,ring,unequal,1,False,40,0.02873396816480277,0.028055555555555545
9108,random,equal,1,False,40,0.02599327600574759,0.006722222222222146
9108,random,unequal,1,False,40,0.022576365243364087,0.008222222222222181
9108,hub,equal,1,False,40,0.018286844715583603,0.03947222222222217
9108,hub,unequal,1,False,40,0.019502578521526447,-0.029805555555555564
9109,ring,equal,1,False,40,0.03064811298611614,-0.02500000000000007
9109,ring,unequal,1,True,40,0.00970848983790178,0.02222222222222221
9109,random,equal,1,False,40,0.021676500767605078,0.05697222222222218
9109,random,unequal,1,False,40,0.022743643290953592,-0.043722222222222315
9109,hub,equal,1,False,40,0.015241410892417257,0.0003888888888888886
9109,hub,unequal,1,False,40,0.014508291457487476,-0.03686111111111105
9110,ring,equal,1,False,40,0.01601016891174789,-0.001944444444444432
9110,ring,unequal,1,False,40,0.023158025244482055,0.03527777777777798
9110,random,equal,1,False,40,0.03249846532428038,0.030333333333333396
9110,random,unequal,1,False,40,0.026116480929927105,0.014833333333333315
9110,hub,equal,1,False,40,0.030586562923497103,0.0216666666666668
9110,hub,unequal,1,False,40,0.021250584241476043,-0.10138888888888879
9111,ring,equal,1,False,40,0.019220595531668237,0.0744444444444445
9111,ring,unequal,1,False,40,0.016939009934368882,-0.00861111111111108
9111,random,equal,1,True,40,0.015909103785942687,0.01430555555555551
9111,random,unequal,1,False,40,0.0253547001070867,0.02147222222222219
9111,hub,equal,1,False,40,0.031655460788575764,0.032027777777777794
9111,hub,unequal,1,False,40,0.02786553590798178,-0.06475000000000002
