component,metric,mean,lo,hi,seeds
scarcity,choice_excess,-0.013667245370370363,-0.016485891685956783,-0.01078684172453702,12
scarcity,cooperation,-0.10840277777777785,-0.11092013888888891,-0.10548611111111121,12
scarcity,rigid,0.0733455203054184,0.07161679566113288,0.07477982406357146,12
scarcity,window_excluded,0.01105324074074074,0.007465277777777779,0.014872685185185185,12
time,choice_excess,-0.08296797839506173,-0.08861284722222222,-0.07719519675925925,12
time,cooperation,-0.004762731481481532,-0.006770833333333319,-0.002743055555555623,12
time,rigid,0.0042514816294571475,0.003047676726747358,0.005470997020686998,12
time,window_excluded,-0.005324074074074074,-0.007291666666666666,-0.003298611111111111,12
information,choice_excess,-0.038369309413580244,-0.04177844569830245,-0.034515159625771605,12
information,cooperation,-0.07073495370370374,-0.07426504629629627,-0.06732060185185196,12
information,rigid,0.049135667205014395,0.04653237120359679,0.05173955287184393,12
information,window_excluded,-0.0038773148148148143,-0.006134259259259259,-0.0015624999999999999,12
combined,choice_excess,-0.09501658950617282,-0.09982253568672839,-0.08984952256944446,12
combined,cooperation,-0.18428240740740742,-0.1888020833333333,-0.1797047164351852,12
combined,rigid,0.12777955490385398,0.12505758702735562,0.13059066114338785,12
combined,window_excluded,0.0010995370370370375,-0.0023726851851851856,0.004629629629629632,12
