beta,bias,mean_up_voltage,mean_down_voltage,mean_abs_gap,ci_low,ci_high,step_change_max,settling_change_at_bias
0.2,0,-8.010440958536849e-27,0.0,3.604143641315605e-26,2.3175682227929016e-26,4.6311905262230186e-26,2.808864252301646e-13,5.0383362658299625e-26
0.2,0.1,0.0,0.0,0.0,0.0,0.0,2.808864252301646e-13,0.0
0.2,0.2,0.0,0.0,0.0,0.0,0.0,2.808864252301646e-13,0.0
0.2,0.3,0.0,0.0,0.0,0.0,0.0,2.808864252301646e-13,0.0
0.2,0.4,0.0,0.0,0.0,0.0,0.0,2.808864252301646e-13,0.0
0.2,0.5,0.0,0.0,0.0,0.0,0.0,2.808864252301646e-13,0.0
0.2,0.6,0.0,0.0,0.0,0.0,0.0,2.808864252301646e-13,0.0
0.2,0.7,0.0,0.0,0.0,0.0,0.0,2.808864252301646e-13,0.0
0.2,0.8,8.437694987151189e-17,0.0,8.437694987151189e-17,8.437694987151189e-17,8.437694987151189e-17,2.808864252301646e-13,8.43769498715119e-17
0.2,0.9,6.810951802549427e-13,-3.667537384899333e-12,4.348632565154276e-12,4.348632565154276e-12,4.348632565154276e-12,2.808864252301646e-13,3.667537384899333e-12
0.2,1,0.00035074574014251516,4.219291755134691e-05,0.0003085528225911683,0.0003085528225911683,0.0003085528225911683,2.808864252301646e-13,0.0002270623062819688
0.2,1.1,0.40648682594922597,0.4879259327387399,0.081439106789514,0.081439106789514,0.081439106789514,2.808864252301646e-13,0.08388410977904215
0.2,1.2,0.6826683427802754,0.7003440140465659,0.017675671266290438,0.017675671266290438,0.017675671266290438,2.808864252301646e-13,0.006833879162070455
0.2,1.3,0.8426668272281791,0.8192400563917909,0.023426770836388222,0.023426770836388222,0.023426770836388222,2.808864252301646e-13,0.04083606356488412
0.2,1.4,0.985985223920182,0.995040779227056,0.009055555306874186,0.009055555306874186,0.009055555306874186,2.808864252301646e-13,0.004942745389571956
0.2,1.5,1.1055330294998056,1.1183971473175882,0.012864117817782628,0.012864117817782628,0.012864117817782628,2.808864252301646e-13,0.019126740287075394
2,0,-8.51244175304044e-26,0.0,3.834521037595958e-25,2.471641646386171e-25,4.917689891065236e-25,3.752553823233029e-13,5.338823616652013e-25
2,0.1,0.0,0.0,0.0,0.0,0.0,3.752553823233029e-13,0.0
2,0.2,0.0,0.0,0.0,0.0,0.0,3.752553823233029e-13,0.0
2,0.3,0.0,0.0,0.0,0.0,0.0,3.752553823233029e-13,0.0
2,0.4,0.0,0.0,0.0,0.0,0.0,3.752553823233029e-13,0.0
2,0.5,0.0,0.0,0.0,0.0,0.0,3.752553823233029e-13,0.0
2,0.6,0.0,0.0,0.0,0.0,0.0,3.752553823233029e-13,0.0
2,0.7,0.0,0.0,0.0,0.0,0.0,3.752553823233029e-13,0.0
2,0.8,0.0,0.0,0.0,0.0,0.0,3.752553823233029e-13,0.0
2,0.9,3.1086244689504386e-17,0.0,3.1086244689504386e-17,3.1086244689504386e-17,3.1086244689504386e-17,3.752553823233029e-13,3.1086244689504386e-17
2,1,0.000334037850578488,0.0002862060320603632,4.7831818518124776e-05,4.7831818518124776e-05,4.7831818518124776e-05,3.752553823233029e-13,0.00021476237724613154
2,1.1,0.5073625733999906,0.5594778371274765,0.05211526372748587,0.05211526372748587,0.05211526372748587,3.752553823233029e-13,0.05243472301415064
2,1.2,0.7543730123852691,0.7548207926236933,0.000447780238424178,0.000447780238424178,0.000447780238424178,3.752553823233029e-13,0.002244578620600346
2,1.3,0.9576424622636387,0.9075079937192072,0.05013446854443149,0.05013446854443149,0.05013446854443149,3.752553823233029e-13,0.037634711800813014
2,1.4,1.075027526107449,1.0856767443268565,0.010649218219407564,0.010649218219407564,0.010649218219407564,3.752553823233029e-13,0.03418117119076225
2,1.5,1.2478645150744307,1.245737416966074,0.002127098108356984,0.002127098108356984,0.002127098108356984,3.752553823233029e-13,0.01170869987788481
10,0,5.19508023395636e-09,1.6072117432486266e-08,2.2098408074367188e-08,1.0229008946635667e-08,3.498491433011482e-08,3.3650859876388495e-13,3.286214388399146e-08
10,0.1,-2.3756704020475953e-08,2.449472958687693e-08,4.825143360735289e-08,4.8251433595047914e-08,4.825143362095543e-08,3.3650859876388495e-13,2.4490464056725616e-08
10,0.2,-4.6995838785535147e-08,4.879762855125591e-08,9.579346733679105e-08,9.579346733679105e-08,9.579346733679105e-08,3.3650859876388495e-13,4.879421794612426e-08
10,0.3,-8.070265451576297e-08,8.388144578930223e-08,1.6458410030506525e-07,1.6458410030506525e-07,1.6458410030506525e-07,3.3650859876388495e-13,8.388151854887838e-08
10,0.4,-1.033555898666272e-07,1.0697124707803596e-07,2.1032683694466312e-07,2.1032683694466312e-07,2.1032683694466312e-07,3.3650859876388495e-13,1.0697591278585606e-07
10,0.5,-6.553768391759361e-08,6.491018666565651e-08,1.3044787058325014e-07,1.3044787058325014e-07,1.3044787058325014e-07,3.3650859876388495e-13,6.553791742858195e-08
10,0.6,6.469941741027439e-08,-7.609268322994466e-08,1.4079210064021908e-07,1.4079210064021908e-07,1.4079210064021908e-07,3.3650859876388495e-13,7.609632120875175e-08
10,0.7,1.0069902661058452e-07,-6.7846712681784995e-06,6.885370294789084e-06,6.885370294789084e-06,6.885370294789084e-06,3.3650859876388495e-13,6.7845410649169935e-06
10,0.8,-1.546208182290343e-07,0.6108085656674485,0.6108087202882667,0.6108087202882667,0.6108087202882667,3.3650859876388495e-13,0.004193504491276978
10,0.9,1.3214744176703874e-07,0.7887939106574094,0.7887937785099677,0.7887937785099677,0.7887937785099677,3.3650859876388495e-13,0.004249197952854056
10,1,0.00019912699876431183,0.927183843311168,0.9269847163124038,0.9269847163124038,0.9269847163124038,3.3650859876388495e-13,0.008143983977956792
10,1.1,1.0475982019963708,1.0317962373654657,0.01580196463090555,0.01580196463090555,0.01580196463090555,3.3650859876388495e-13,0.020236419066141043
10,1.2,1.1496290836845997,1.1606379468214707,0.011008863136871216,0.011008863136871216,0.011008863136871216,3.3650859876388495e-13,0.012498315407987626
10,1.3,1.264269748653417,1.2632603803828146,0.0010093682706020513,0.0010093682706020513,0.0010093682706020513,3.3650859876388495e-13,0.0007248833121764608
10,1.4,1.373903471268684,1.373768667286779,0.0001348039819049074,0.0001348039819049074,0.0001348039819049074,3.3650859876388495e-13,0.003952496543936368
10,1.5,1.4732455045990014,1.4809375296278608,0.007692025028859462,0.007692025028859462,0.007692025028859462,3.3650859876388495e-13,0.006574635928859651
