seed,true_abrupt,true_gradual,present_rmse,history_rmse,shuffled_history_rmse,history_minus_present
5000,-2.7769969955492684,-2.3779000767667964,0.21339974488819033,0.11031174520275913,0.3336495169540093,-0.1030879996854312
5001,-4.82333615411267,-4.3015956739687145,0.23142468597052346,0.3024589427514023,0.759613282548983,0.07103425678087882
5002,-3.089118046663546,-2.7617048922457275,0.15503695478131954,0.10220327960819361,0.07714923993695076,-0.05283367517312593
5003,-2.0772088437936453,-1.8147708574064878,0.06174050223086223,0.09299582232158111,0.36512217756708265,0.03125532009071889
5004,-1.903675269323395,-1.680515256173615,0.06129053647256135,0.21064865396539548,0.05326939206351729,0.14935811749283412
5005,-3.060111491422382,-2.702026154567513,0.01366163074336919,0.13917376563232958,0.0942959580105762,0.1255121348889604
5006,-4.474978040662822,-3.9772870239233415,0.15028194850121315,0.4211173053039152,0.7292303253224064,0.2708353568027021
5007,-4.21300796311492,-3.682310952327185,0.15369676042343713,0.20426395400161385,0.17910578254778417,0.05056719357817671
5008,-2.446951190780484,-2.098811769576914,0.1495418488812615,0.19156323625646468,0.3407524337298014,0.04202138737520317
5009,-2.3860007883894125,-2.0480954877925464,0.14350030539141426,0.015279314083258451,0.35214590540725693,-0.1282209913081558
5010,-3.3778703867821545,-3.0731011344220183,0.1260427409299513,0.024649629356207323,0.17467803983594155,-0.10139311157374398
5011,-4.423536699982803,-3.9242848735133045,0.20948509874130086,0.02596162739123964,0.31335781970952525,-0.18352347135006122
5012,-3.8089581167429736,-3.32263874025812,0.24545688912136798,0.3591033874674729,0.18335563490929538,0.11364649834610491
5013,-5.877029484270224,-5.4750236369727485,0.7241304874242311,0.6184086951353369,1.701304998551952,-0.10572179228889422
5014,-3.4880129577529964,-3.114814062325836,0.2598958887163431,0.04673105785547765,0.12630007534371518,-0.21316483086086546
5015,-2.660368002628246,-2.298841382617856,0.06720481828852837,0.014084734118792039,0.08845594721092818,-0.05312008416973633
5016,-3.712785423003062,-3.48914695204003,0.27796426960229276,0.1469730308044603,0.04131651804942372,-0.13099123879783245
5017,-2.7652911243434417,-2.7845640483306804,0.04492232171468525,0.17877547040633077,0.5888294296094196,0.13385314869164552
5018,-3.5934881661120994,-3.3850888660549296,0.4077456945189161,0.3377713127985146,0.29246287350707956,-0.06997438172040155
5019,-2.6981904786263717,-2.38569943437485,0.14047999988041052,0.15977558485872811,0.24517861779594466,0.019295584978317598
5020,-2.6304228449230154,-2.234917109028631,0.2202986111764068,0.017390440904208108,0.1183052612245522,-0.2029081702721987
5021,-3.995415454470174,-3.608798888354416,0.18167539918235026,0.31276168873337123,0.25722187362388027,0.13108628955102097
5022,-2.182099835877667,-1.9149230945000606,0.02704002134234112,0.18053107225593723,0.4840083847110422,0.1534910509135961
5023,-3.1428236296319483,-3.10741057526338,0.07279767210183671,0.05949548111216511,0.07366770221249054,-0.0133021909896716
5024,-2.025020579779847,-1.7570259600617484,0.2076033080547559,0.14638600410573122,0.19796545807257493,-0.06121730394902469
5025,-5.509759186905414,-4.833701812177937,0.03986989645512756,0.3434542752154058,1.9118092067477175,0.3035843787602782
5026,-2.3310739571786625,-2.05105269351114,0.018922901919655687,0.003680650882428602,0.28540643133211807,-0.015242251037227084
5027,-2.090535628205062,-1.8470419232560196,0.00561479467266442,0.07860848616890569,0.14920981637609973,0.07299369149624127
5028,-5.429857310789986,-5.049228626338012,1.2170929456604487,1.0994177369078177,1.5584153368901028,-0.11767520875263093
5029,-5.120010683218844,-4.738366084773874,0.7778776790460665,0.7537913561306702,1.2117300514508371,-0.024086322915396363
5030,-1.3763438345843644,-1.23423525182812,0.051280364629076314,0.16410951692608575,0.02720932662033389,0.11282915229700943
5031,-1.7344068318775872,-1.5443945719868415,0.1705637508251282,0.03719750521218998,0.112245543684272,-0.13336624561293822
5032,-3.1692018791651146,-2.787870250870135,0.07353841942412993,0.11939184808530004,0.21911420055302783,0.045853428661170106
5033,-3.8516183602216905,-3.343099285383039,0.16079709797358438,0.050146740524379015,0.2736687547504382,-0.11065035744920537
5034,-1.5168749515941828,-1.3815866865091042,0.09791809167162749,0.0675891894989453,0.193112520221472,-0.030328902172682193
5035,-1.7268101370541866,-1.457634017765356,0.21570470208698644,0.00805738636208845,0.09878261606155725,-0.207647315724898
5036,-1.6101325503060449,-1.4741985457157813,0.12053621599833922,0.056784659780139274,0.16755860028255076,-0.06375155621819995
5037,-2.234861517713237,-2.2026488352978717,0.1245153611800421,0.08907956943772789,0.38144671921838746,-0.035435791742314204
5038,-4.441778678654137,-3.8165009093810505,0.14817527185318677,0.2931118563858668,0.21347041547726503,0.14493658453268002
5039,-1.022761308247163,-1.0933123963555553,0.08750071715306483,0.056934132041509634,0.5141309916986396,-0.030566585111555196
5040,-1.4570154232300085,-1.3883537977062688,0.05522550518979984,0.007795152088734371,0.11279640185006694,-0.04743035310106546
5041,-4.12113251719086,-3.7832541597396703,0.2332696314879676,0.19766686542674194,0.7019184944542627,-0.035602766061225644
5042,-2.0992154641947818,-1.8635624794838548,0.035296277992185904,0.18635976414713729,0.050990141667037005,0.15106348615495138
5043,-4.531804590908887,-4.028828778432565,0.003913435661237244,0.42592398922305197,0.9820620497554636,0.4220105535618147
5044,-5.14738563672224,-4.483387692265586,0.045246386011373756,0.43037555906635094,0.7224438399310327,0.3851291730549772
5045,-2.066914731739306,-1.8566172510958743,0.0048328565112677685,0.15329904149069848,0.32461539613943835,0.1484661849794307
5046,-3.3930823878786947,-3.112775259758236,0.042993287459587595,0.03155812391637327,0.15016503758171226,-0.011435163543214326
5047,-2.742131724148802,-2.5032320394085943,0.10915434001857502,0.11542001598653719,0.2983930913741554,0.006265675967962167
5048,-3.3153212498093594,-2.973532988666353,0.10097639263212296,0.08301561905772341,0.24290573871066246,-0.017960773574399555
5049,-1.4473227522201637,-1.3953499438784216,0.008468418359229903,0.10185329652260555,0.15808496928770505,0.09338487816337565
5050,-2.236765297373569,-1.9834356982076433,0.1163116001874352,0.21805709627243877,0.22692638196359718,0.10174549608500358
5051,-4.6444898493634375,-4.007366618861692,0.12187078766119354,0.574208489787176,0.6333660499873023,0.45233770212598245
5052,-1.6117931170406645,-1.4409691828506306,0.1600859323279543,0.07581892039067603,0.13647811396235338,-0.08426701193727826
5053,-2.1973704014767144,-1.8285617238447163,0.28783626270449714,0.5000463575824738,0.09576517561051996,0.2122100948779767
5054,-1.9402122200209082,-1.663910810629778,0.08546001554467875,0.137572416273949,0.36626108531387075,0.05211240072927026
5055,-1.8722857047728403,-1.6451799795660973,0.02398882393215286,0.18962541735234975,0.36503360560562415,0.16563659342019688
5056,-2.430393295534313,-2.403241822977363,0.025842874364733173,0.15356018492618456,0.2201814909151764,0.12771731056145139
5057,-5.299951693832752,-4.816357676322962,0.02204445195021032,0.14372003474940082,1.1103221019803007,0.1216755827991905
5058,-4.064178371274868,-3.460583707768094,0.1623671430677278,0.13385202276525365,0.200353724771001,-0.028515120302474134
5059,-3.571966860190442,-3.117157166028106,0.06383465568243363,0.12707084120384937,0.1503949403621293,0.06323618552141574
5060,-1.9833644712002922,-1.7379170498604077,0.14834941840992372,0.25166219691024766,0.40064683757071773,0.10331277850032394
5061,-2.1894723046860154,-1.9866731195935188,0.014547212271675766,0.26972000509128297,0.5885144256605932,0.2551727928196072
5062,-3.259697110338479,-2.9294576711953013,0.13977861093613517,0.22871207004373484,0.1826549594218841,0.08893345910759967
5063,-0.9922688655410592,-1.0967190804644122,0.27367959117008883,0.07990996184285988,0.4344583545409851,-0.19376962932722896
5064,-3.228016801696586,-2.940185917142658,0.0655079433697828,0.06045602089171519,0.07865954176613209,-0.005051922478067614
5065,-6.0803540967446015,-5.808210227701636,1.4313975318906644,1.1027432879529422,1.843384930902796,-0.32865424393772225
5066,-2.3904035656261895,-2.2096918033346844,0.10079869208444475,0.0459170492899515,0.15192325735427267,-0.05488164279449325
5067,-2.0406601415720167,-2.0235227750266995,0.08367322178342393,0.13796178647747945,0.7205446710191304,0.05428856469405552
5068,-3.62110026026082,-3.2441858749974535,0.19751439830187265,0.1484342288024857,0.13412901853643439,-0.049080169499386955
5069,-6.51207470554265,-6.082464473053022,0.43993250718803634,0.4093878604360847,1.6113113881079433,-0.03054464675195162
5070,-3.4207470981311765,-2.948278042975523,0.010768136874008419,0.04515334261599755,0.42066083845908914,0.03438520574198913
5071,-2.565605061342081,-2.4763234125939126,0.10454266695442488,0.13055011443713904,0.5698275201193732,0.026007447482714163
5072,-4.458990369788694,-3.8813586681209724,0.0422301636605268,0.37773069183122954,0.4430820726793045,0.33550052817070275
5073,-1.697668435347083,-1.554699404281783,0.15716640900726472,0.06621565144353209,0.30134637554605825,-0.09095075756373264
5074,-2.265002135777287,-2.350146817042571,0.45447041910037306,0.3868218146143372,0.2967731390273875,-0.06764860448603588
5075,-2.3393170175881277,-2.2209227493471424,0.18887389166375895,0.34627290802863603,0.3356143451157934,0.15739901636487708
5076,-4.124413570144114,-3.6536346485925604,0.10958128341730368,0.26726195817528375,0.3968487968153229,0.1576806747579801
5077,-2.2859173281899476,-2.0299778452538777,0.01876824540563799,0.06909408713010644,0.10124240309620662,0.05032584172446845
5078,-2.693077659400582,-2.3352187608771153,0.05635183184651052,0.06317865203569899,0.1357001446989741,0.006826820189188468
5079,-1.4338449368733366,-1.3620632864024782,0.020855417934305683,0.030934703084205376,0.05367639161750314,0.010079285149899694
5080,-2.301857704060434,-1.988002273229942,0.30171096566061556,0.10385665288301787,0.2554543106427028,-0.19785431277759769
5081,-2.224609226980235,-2.061647052805606,0.07682552446629305,0.016197639713374942,0.10641193569897932,-0.06062788475291811
5082,-3.263432159597839,-2.8202576601734175,0.27277526728256896,0.27704009789728484,0.4301533880679801,0.0042648306147158865
5083,-3.810415973969328,-3.312079493158615,0.225094944263329,0.08033193251046922,0.18180352575124892,-0.14476301175285977
5084,-2.836266207664257,-2.4566663165530693,0.16938818735613942,0.11728457049086546,0.1214127299373806,-0.052103616865273955
5085,-1.6490408570480108,-1.3709673236711652,0.7683954648587141,0.29558805322698983,0.11423132033049214,-0.4728074116317243
5086,-1.5625653208327783,-1.4572122181401168,0.08827502965935866,0.01243471389615559,0.0375053792517659,-0.07584031576320306
5087,-3.1289671953209437,-2.7661336605682423,0.15699783069887446,0.23483084864275489,0.2544385283116112,0.07783301794388042
5088,-9.945349806325787,-8.978631030351842,1.17139917746905,1.5251097064115073,3.448348697984205,0.35371052894245736
5089,-3.1613687024085797,-2.767470301892187,0.10627434793472965,0.19307030717205254,0.3321961386744049,0.08679595923732289
5090,-1.2729065693449648,-1.3478690403936335,0.1044222310424913,0.0907123172928863,0.2652995034113307,-0.013709913749605007
5091,-3.5809642599949054,-3.499122295166097,0.7739856130107773,0.6387622561210129,0.15049242631500767,-0.1352233568897644
5092,-3.2823067608501013,-2.899026068202321,0.22868214005472443,0.3875894282856425,0.23228245641511705,0.1589072882309181
5093,-3.7568377721912953,-3.396071647253608,0.034110642471691176,0.09971524907138793,0.11755502033240259,0.06560460659969675
5094,-4.2157008979879995,-3.8709763584141386,0.07653832193575039,0.05796794785727906,0.18827993600148285,-0.018570374078471327
5095,-4.846200826400015,-4.273698324622583,0.2959996291771688,0.6378003010148273,0.6342322174217916,0.3418006718376585
5096,-1.786893288764042,-1.6723490779752312,0.05898267590872733,0.12028861100195588,0.12984436643275896,0.061305935093228556
5097,-1.5767348511442267,-1.5337754652582096,0.057055203551762135,0.029482894245749316,0.3882518063367949,-0.02757230930601282
5098,-1.54668114188896,-1.4995293943157653,0.1914389428757769,0.04817542570303994,0.27484594257688394,-0.14326351717273694
5099,-3.7734457941156596,-3.2633299069932202,0.18917191627904628,0.12080916021889015,0.16471917765284322,-0.06836275606015613
5100,-3.161165575987855,-2.774609260955195,0.056274874864291224,0.15371126372216895,0.2784356345920909,0.09743638885787773
5101,-2.7001325006957404,-2.3850546029761177,0.03366875205692116,0.018103351134203194,0.21095613833785162,-0.015565400922717965
5102,-2.1972906781936694,-1.8588083299686544,0.2750985657768016,0.16593413708759713,0.08300269460137995,-0.10916442868920445
5103,-5.400349116021433,-4.979830710457222,0.4383692467650442,0.5210986252258757,0.9551658785030923,0.0827293784608315
5104,-2.7527021540959637,-2.3474856668666746,0.2729442076617069,0.07072267711940584,0.365401160057422,-0.20222153054230108
5105,-1.971760216444102,-1.7007730478514667,0.1403686034433069,0.14515653841877993,0.09101159621764565,0.004787934975473029
5106,-0.9539121223310336,-1.018624740357654,0.6957755120287288,0.2702306312627634,0.633569404422166,-0.42554488076596536
5107,-3.3758258885977037,-2.879530113792802,0.008203746004008416,0.2552630057606134,0.49963741390091954,0.24705925975660498
5108,-1.7229018192180203,-1.5215385730674411,0.04741611567638995,0.13267093398288796,0.08732603981659225,0.085254818306498
5109,-6.76763019306019,-6.162750179404933,0.8651822897734834,0.8394130240627182,1.8672658386718488,-0.02576926571076521
5110,-2.433853977169178,-2.0744460899097263,0.17450489958438598,0.16039299552275169,0.640278203830054,-0.01411190406163429
5111,-1.7037996080175035,-1.5620838081631954,0.12011693247434443,0.04143310628526741,0.13607166441335172,-0.07868382618907702
5112,-2.897530799058614,-2.6908737907212874,0.11991124706748835,0.09282436408896376,0.34869357451537014,-0.027086882978524587
5113,-4.790409216719484,-4.207138894003186,0.26636656653881535,0.5286836415501294,1.1898905329778884,0.262317075011314
5114,-0.9485651748395814,-1.0425182639407515,0.12804703726339753,0.1836950808232976,0.7675561573956518,0.05564804355990008
5115,-2.021593314241686,-1.8254268257666788,0.028131717336002948,0.0927818687596947,0.27150029702605033,0.06465015142369175
5116,-2.615176197566068,-2.733719455499193,0.3531186124584376,0.33674332200419427,0.16763009964579054,-0.016375290454243352
5117,-3.1796443145733972,-2.809026351324277,0.18119447330980767,0.030167612190288594,0.2519226842233544,-0.15102686111951907
5118,-1.8958143550036948,-1.828536350003846,0.058191895922628675,0.03335486781422498,0.4611557882318526,-0.024837028108403693
5119,-2.319312873238719,-2.042818663207913,0.10022463001446785,0.22665028205275545,0.31190997033642787,0.1264256520382876
