seed,arm,integrated_normalized_energy_difference
4000,abrupt,-1.5204365356517044
4000,gradual,-1.431554239721343
4001,abrupt,-3.922197593728483
4001,gradual,-3.3674927669130055
4002,abrupt,-6.302140233382688
4002,gradual,-5.646747335418924
4003,abrupt,-3.7862299202492555
4003,gradual,-3.4537836747385278
4004,abrupt,-2.3632094361027955
4004,gradual,-2.2661276918106252
4005,abrupt,-2.818429010120347
4005,gradual,-2.5862937415124407
4006,abrupt,-6.452783034916428
4006,gradual,-5.578771785785845
4007,abrupt,-2.5021058632385653
4007,gradual,-2.18196307591475
4008,abrupt,-3.7507066566351885
4008,gradual,-3.2205723701333713
4009,abrupt,-2.0491357806755373
4009,gradual,-1.9216281983837762
4010,abrupt,-3.6378571382716385
4010,gradual,-3.1738713477295604
4011,abrupt,-3.5196996850274087
4011,gradual,-3.284604725474571
