alpha,bias,window,mean_abs_up_down_gap,ci_low,ci_high
0.0,1.005,200,0.00239856884964851,0.0005804965179627108,0.005579973437157697
0.0,1.005,800,0.010117508083295217,0.007619268822257965,0.01222475023856096
0.0,1.005,3200,2.46761552544425e-05,4.731223008793845e-06,5.6740014287719244e-05
0.0,1.005,12800,2.4569134430926787e-05,6.301420093422078e-06,4.900074551039332e-05
0.0,1.005,whole_cycle,1.553271400389633e-13,1.1835659767071386e-13,1.9451575766771258e-13
0.0,1.02,200,0.01953956727270044,0.010867565179579661,0.028759697777620084
0.0,1.02,800,0.009039815020064304,0.007130059833233136,0.010970816434840266
0.0,1.02,3200,0.000994147832722082,0.0005171590006511288,0.0014907604827736497
0.0,1.02,12800,0.0004078061274615334,0.0002581309777005744,0.0005636486453470323
0.0,1.02,whole_cycle,1.0732155904709846e-15,5.597374415818498e-16,1.609823385706477e-15
0.0,1.2,200,0.0024690207528669426,0.0007739477284051763,0.005312399724597643
0.0,1.2,800,0.0034179160274967293,0.0020364304723602647,0.0047949390039947835
0.0,1.2,3200,0.0004694032018114543,0.0003788915949015028,0.0005537219591387967
0.0,1.2,12800,9.40686856104785e-05,3.6342082182070264e-05,0.00016524576833652448
0.0,1.2,whole_cycle,6.106226635438361e-16,3.7007434154171886e-16,8.696747026230393e-16
0.5,1.005,200,0.010653889412713826,0.006572771048320265,0.016462360006697922
0.5,1.005,800,0.04081162959791273,0.03891001582051132,0.042501235137594795
0.5,1.005,3200,0.04514594016862766,0.04359966531167291,0.04607377914010165
0.5,1.005,12800,0.047163863454018025,0.045749080768367444,0.047960491013444496
0.5,1.005,whole_cycle,0.047139283024038664,0.04576186193336942,0.047914577556723875
0.5,1.02,200,0.05776792529441965,0.040721219824343506,0.07352746876121481
0.5,1.02,800,0.07432852242851806,0.05847059144128616,0.08838833305293259
0.5,1.02,3200,0.07098958573501697,0.054139292136821206,0.08555296195521295
0.5,1.02,12800,0.07189102057824336,0.05478834365476611,0.08653699666585053
0.5,1.02,whole_cycle,0.07170560181003761,0.054567120252918544,0.08638131405304506
0.5,1.2,200,0.11979318270068111,0.07613757979497077,0.16480441930648884
0.5,1.2,800,0.11086837186595562,0.06507862286701328,0.15759087497970212
0.5,1.2,3200,0.10520544204059827,0.058256339382854495,0.15218891221775338
0.5,1.2,12800,0.10533969618507137,0.05849241888753929,0.1524444683672196
0.5,1.2,whole_cycle,0.10520018121391927,0.05826467242587228,0.15236098580145535
2.0,1.005,200,0.014792439592705757,0.008407277493811182,0.020891386262976187
2.0,1.005,800,0.012360826805626996,0.010727265114446124,0.014060167291313933
2.0,1.005,3200,0.018843201964843275,0.018413563151059676,0.019256283383286985
2.0,1.005,12800,0.018655021616014053,0.018556364340760412,0.018724984720838524
2.0,1.005,whole_cycle,0.01925417692831541,0.019214830550389136,0.01928991916735928
2.0,1.02,200,0.07058634765924454,0.06583627074805834,0.07424161348459998
2.0,1.02,800,0.03724336717636723,0.035912451441253816,0.038356419717037855
2.0,1.02,3200,0.0386947730614545,0.03835124744460203,0.038949001880839024
2.0,1.02,12800,0.03694515811457374,0.03664293784478494,0.0371975836114728
2.0,1.02,whole_cycle,0.03686153963467954,0.036550242415047535,0.03713001266842555
2.0,1.2,200,0.06640682568628677,0.04309731335110086,0.08668595905059233
2.0,1.2,800,0.07351175764373628,0.05045771788048734,0.09321535019496041
2.0,1.2,3200,0.07133541580830412,0.04740500112842011,0.09157145338227317
2.0,1.2,12800,0.07224307577456679,0.048181909826135474,0.09246076545555514
2.0,1.2,whole_cycle,0.07236736154732216,0.0483101291962762,0.09260275849708313
