bias,Gamma,mismatch,mean_total_voltage,ci_low,ci_high,paired_resolution_rms,matched_identical_noiseless_mean
0.99,0.0,0.02,0.08425715334956307,0.08423942356842166,0.08427976237112622,2.1137260271009617e-08,1.5166139691463743e-06
0.99,1e-05,0.0,2.189746887182058e-05,3.3255162646870776e-07,4.2611036666888e-05,2.397117629026397e-08,1.5166139691463743e-06
0.99,1e-05,0.02,0.08440898689047716,0.08431148871388512,0.08451698217229257,2.0646300916729848e-07,1.5166139691463743e-06
0.99,0.001,0.0,0.019989102702113015,0.014527104366794661,0.02542478822034631,4.463877550572536e-06,1.5166139691463743e-06
0.99,0.001,0.02,0.10191478122145436,0.09538289260481193,0.10846873873009076,1.9877403507909848e-05,1.5166139691463743e-06
1.005,0.0,0.02,0.13062557181420323,0.12910609394073397,0.13251753267900407,1.0229727680961794e-06,0.0826667618019059
1.005,1e-05,0.0,0.05854137060962524,0.05538497102279926,0.06167654824656636,1.0251403506624556e-06,0.0826667618019059
1.005,1e-05,0.02,0.13074834753727024,0.12963705590410807,0.1322080575064413,1.6052336005645665e-06,0.0826667618019059
1.005,0.001,0.0,0.0865386307711023,0.07926688930627648,0.09411633439295879,1.3481480898300226e-05,0.0826667618019059
1.005,0.001,0.02,0.13952105464812817,0.13418990528001354,0.1445703077774507,1.4497082492716268e-05,0.0826667618019059
1.02,0.0,0.02,0.1829496734649121,0.18131129865739626,0.18424592401606352,1.5438509087292223e-06,0.1467331545387141
1.02,1e-05,0.0,0.12106620901028575,0.12003736518760894,0.12196722090601311,7.973144809192785e-05,0.1467331545387141
1.02,1e-05,0.02,0.18236198017465557,0.18062761174838576,0.18384354965883584,1.5883412513374833e-06,0.1467331545387141
1.02,0.001,0.0,0.13213293805964357,0.12719642256321403,0.136968279920998,8.118340535273731e-05,0.1467331545387141
1.02,0.001,0.02,0.17778934015050973,0.17392589966687003,0.18141569783871148,1.1798229935257462e-05,0.1467331545387141
