setting,dt,settle,window,mode,alpha,bias,mean_total_voltage,ci95_low,ci95_high,sd
base,0.05,100.0,200.0,fresh,0.0,0.0,-6.093564808245072e-46,-5.3016897524280326e-45,2.984987588687526e-45,7.70954815927791e-45
base,0.05,100.0,200.0,fresh,0.5,0.0,8.40759603043087e-25,-1.8210653482006602e-24,3.697554683015259e-24,4.99749781786591e-24
base,0.05,100.0,200.0,fresh,2.0,0.0,3.073915468335229e-12,-1.5024828301872943e-11,2.1076739310047745e-11,3.302449318403272e-11
base,0.05,100.0,200.0,up,0.0,0.0,-6.093564808245072e-46,-5.3016897524280326e-45,2.984987588687526e-45,7.70954815927791e-45
base,0.05,100.0,200.0,up,0.5,0.0,8.40759603043087e-25,-1.8210653482006602e-24,3.697554683015259e-24,4.99749781786591e-24
base,0.05,100.0,200.0,up,2.0,0.0,3.073915468335229e-12,-1.5024828301872943e-11,2.1076739310047745e-11,3.302449318403272e-11
base,0.05,100.0,200.0,down,0.0,0.0,0.0,0.0,0.0,0.0
base,0.05,100.0,200.0,down,0.5,0.0,0.0,0.0,0.0,0.0
base,0.05,100.0,200.0,down,2.0,0.0,-1.1030868070823393e-11,-1.103093912509697e-11,-1.1030797016549817e-11,1.4635152483150732e-16
base,0.05,100.0,200.0,fresh,0.0,0.5,0.0,0.0,0.0,0.0
base,0.05,100.0,200.0,fresh,0.5,0.5,0.0,0.0,0.0,0.0
base,0.05,100.0,200.0,fresh,2.0,0.5,2.827675565919563e-10,-4.746380138688962e-11,6.710264576654616e-10,6.707311653694638e-10
base,0.05,100.0,200.0,up,0.0,0.5,0.0,0.0,0.0,0.0
base,0.05,100.0,200.0,up,0.5,0.5,0.0,0.0,0.0,0.0
base,0.05,100.0,200.0,up,2.0,0.5,1.3944783133768014e-10,1.3944779858610092e-10,1.3944784771346977e-10,5.67273992489121e-17
base,0.05,100.0,200.0,down,0.0,0.5,0.0,0.0,0.0,0.0
base,0.05,100.0,200.0,down,0.5,0.5,0.0,0.0,0.0,0.0
base,0.05,100.0,200.0,down,2.0,0.5,-1.3943155371028597e-10,-1.3943162476455956e-10,-1.3943150634077027e-10,1.1063135390652858e-16
base,0.05,100.0,200.0,fresh,0.0,0.8,0.0,0.0,0.0,0.0
base,0.05,100.0,200.0,fresh,0.5,0.8,1.7238988014867116e-15,8.096023851322798e-16,3.2647611466115245e-15,2.543577895012539e-15
base,0.05,100.0,200.0,fresh,2.0,0.8,5.534940194053725e-08,3.257121514691856e-08,7.826376128545337e-08,4.3428130991542775e-08
base,0.05,100.0,200.0,up,0.0,0.8,0.0,0.0,0.0,0.0
base,0.05,100.0,200.0,up,0.5,0.8,2.5599892576148404e-16,2.417510636121279e-16,2.6312285683616216e-16,2.46780211419224e-17
base,0.05,100.0,200.0,up,2.0,0.8,1.9756066761596654e-08,1.9756066715337363e-08,1.9756066784726302e-08,8.012344526598184e-17
base,0.05,100.0,200.0,down,0.0,0.8,0.0,0.0,0.0,0.0
base,0.05,100.0,200.0,down,0.5,0.8,0.0,0.0,0.0,0.0
base,0.05,100.0,200.0,down,2.0,0.8,-1.3615093384563197e-08,-1.3615093455617474e-08,-1.3615093337193683e-08,1.1063135401720914e-16
base,0.05,100.0,200.0,fresh,0.0,0.9,0.0,0.0,0.0,0.0
base,0.05,100.0,200.0,fresh,0.5,0.9,3.1377093516008857e-12,2.337139708615451e-12,4.0870520717772866e-12,1.658773693556536e-12
base,0.05,100.0,200.0,fresh,2.0,0.9,1.0943103497797665e-06,7.537862234382789e-07,1.41206478736874e-06,6.226104087454131e-07
base,0.05,100.0,200.0,up,0.0,0.9,0.0,0.0,0.0,0.0
base,0.05,100.0,200.0,up,0.5,0.9,5.513933754031087e-13,5.513778322807639e-13,5.514011469642811e-13,2.6921477609374557e-17
base,0.05,100.0,200.0,up,2.0,0.9,2.6345194038231625e-07,2.634519403804658e-07,2.634519403832414e-07,3.2049347549176785e-18
base,0.05,100.0,200.0,down,0.0,0.9,0.0,0.0,0.0,0.0
base,0.05,100.0,200.0,down,0.5,0.9,-4.800426722795237e-13,-4.803268893738278e-13,-4.797584551852196e-13,5.141680695336117e-16
base,0.05,100.0,200.0,down,2.0,0.9,-2.5374813063194783e-07,-2.5374813070300214e-07,-2.537481305608935e-07,1.4842753335934906e-16
base,0.05,100.0,200.0,fresh,0.0,0.95,5.199544498661149e-17,2.3684757858670008e-17,8.1601392309949e-17,5.5243717069954395e-17
base,0.05,100.0,200.0,fresh,0.5,0.95,1.0298167069100473e-09,8.445160538476473e-10,1.2272536993087244e-09,3.641981267455364e-10
base,0.05,100.0,200.0,fresh,2.0,0.95,9.762976363660303e-06,7.4631932948106685e-06,1.1834391391113115e-05,4.154312289826388e-06
base,0.05,100.0,200.0,up,0.0,0.95,0.0,0.0,0.0,0.0
base,0.05,100.0,200.0,up,0.5,0.95,1.8416646605882527e-10,1.8416646513363945e-10,1.841664665214182e-10,1.6024689068120522e-18
base,0.05,100.0,200.0,up,2.0,0.95,2.155777310306565e-06,2.1557773103064724e-06,2.1557773103067503e-06,3.205623222223341e-19
base,0.05,100.0,200.0,down,0.0,0.95,0.0,0.0,0.0,0.0
base,0.05,100.0,200.0,down,0.5,0.95,-2.367949036852223e-10,-2.367949036852223e-10,-2.367949036852223e-10,5.3997623281961e-26
base,0.05,100.0,200.0,down,2.0,0.95,-2.7706242605537072e-06,-2.7706242606247615e-06,-2.7706242605063378e-06,1.1063124840877913e-16
base,0.05,100.0,200.0,fresh,0.0,0.98,8.700541028379879e-12,7.248699770053453e-12,1.0063422845041358e-11,2.6566999674744588e-12
base,0.05,100.0,200.0,fresh,0.5,0.98,1.8603384381514027e-07,1.640383138742143e-07,2.079282962828138e-07,4.2182076286827886e-08
base,0.05,100.0,200.0,fresh,2.0,0.98,6.465191502697107e-05,5.411017155673379e-05,7.396697990426235e-05,1.8823074619866227e-05
base,0.05,100.0,200.0,up,0.0,0.98,2.074429517051612e-12,2.074429517051612e-12,2.074429517051612e-12,4.218564318903203e-28
base,0.05,100.0,200.0,up,0.5,0.98,4.346131775791648e-08,4.3461317757731435e-08,4.346131775800899e-08,3.2049538579650355e-19
base,0.05,100.0,200.0,up,2.0,0.98,1.7079520608720698e-05,1.707952060872042e-05,1.7079520608721254e-05,9.604686782655773e-19
base,0.05,100.0,200.0,down,0.0,0.98,-1.4574652595911173e-12,-1.4574652595911173e-12,-1.4574652595911173e-12,2.1092821594516017e-28
base,0.05,100.0,200.0,down,0.5,0.98,-3.2826766774481556e-08,-3.282676705869865e-08,-3.282676649026447e-08,5.854060998717636e-16
base,0.05,100.0,200.0,down,2.0,0.98,-1.2808644316824786e-05,-1.2808648566256409e-05,-1.2808640546584964e-05,7.398753518092459e-12
base,0.05,100.0,200.0,fresh,0.0,0.99,2.0106243557120134e-09,1.7376257454987387e-09,2.255757255528734e-09,4.957102245672645e-10
base,0.05,100.0,200.0,fresh,0.5,0.99,2.391102814760885e-06,2.1838301239228143e-06,2.5898758642284123e-06,3.912768848270973e-07
base,0.05,100.0,200.0,fresh,2.0,0.99,0.00015725180240728592,0.0001376794514489139,0.000174341614354213,3.4771974849992135e-05
base,0.05,100.0,200.0,up,0.0,0.99,3.6434258943174306e-10,3.6434258943174306e-10,3.6434258943174306e-10,5.3997623281961e-26
base,0.05,100.0,200.0,up,0.5,0.99,4.2151474914264854e-07,4.2151474914264854e-07,4.2151474914264854e-07,0.0
base,0.05,100.0,200.0,up,2.0,0.99,2.9215589331175095e-05,2.921558933117491e-05,2.9215589331175183e-05,3.198592825695704e-19
base,0.05,100.0,200.0,down,0.0,0.99,-3.6289520721766166e-10,-3.6289520721766166e-10,-3.6289520721766166e-10,0.0
base,0.05,100.0,200.0,down,0.5,0.99,-4.19895292509409e-07,-4.198953898063943e-07,-4.198952221159402e-07,1.6881851616491807e-13
base,0.05,100.0,200.0,down,2.0,0.99,-2.875156249035153e-05,-2.8797647358034693e-05,-2.8710678457696776e-05,8.024051380150726e-08
base,0.05,100.0,200.0,fresh,0.0,0.995,8.770902048001646e-08,7.786021518698765e-08,9.604453732796799e-08,1.7521342588806276e-08
base,0.05,100.0,200.0,fresh,0.5,0.995,1.3397624316855614e-05,1.2551058531630635e-05,1.4199277964759605e-05,1.586645341683237e-06
base,0.05,100.0,200.0,fresh,2.0,0.995,0.0002795616536449935,0.0002521488701083878,0.0003033829120832897,4.833732285581732e-05
base,0.05,100.0,200.0,up,0.0,0.995,1.58111733483679e-08,1.58111733483679e-08,1.58111733483679e-08,3.455847890045504e-24
base,0.05,100.0,200.0,up,0.5,0.995,2.3345430045535834e-06,2.3345430045526585e-06,2.334543004554046e-06,1.6023221966056856e-18
base,0.05,100.0,200.0,up,2.0,0.995,4.6923706517996435e-05,4.692370651799616e-05,4.6923706517997e-05,9.604643321059643e-19
base,0.05,100.0,200.0,down,0.0,0.995,-8.102438963912088e-08,-8.157850783637362e-08,-8.058256055676338e-08,9.654608570482848e-10
base,0.05,100.0,200.0,down,0.5,0.995,-1.1193939232138442e-05,-1.2939896237810445e-05,-9.935437453989949e-06,3.0298139760715295e-06
base,0.05,100.0,200.0,down,2.0,0.995,-0.0001403335171026517,-0.00016593093060595146,-0.00011654921152028605,4.527019193500353e-05
base,0.05,100.0,200.0,fresh,0.0,1.0,0.0001317634428786385,0.00012858247771572947,0.00013405171717770136,5.4125549149526895e-06
base,0.05,100.0,200.0,fresh,0.5,1.0,0.0002650932064400681,0.0002605113235263497,0.00026933709592650646,8.535690751723383e-06
base,0.05,100.0,200.0,fresh,2.0,1.0,0.0006289025630004356,0.0005934815458656614,0.0006594361611909215,6.213375300137323e-05
base,0.05,100.0,200.0,up,0.0,1.0,0.00010419287483125038,0.00010419287483125038,0.00010419287483125038,1.4155152957626385e-20
base,0.05,100.0,200.0,up,0.5,1.0,0.0001681339636237379,0.00016813396362373774,0.0001681339636237383,6.437093743801284e-19
base,0.05,100.0,200.0,up,2.0,1.0,0.0002503046076299476,0.0002503046076299475,0.00025030460762994784,3.152502247515207e-19
base,0.05,100.0,200.0,down,0.0,1.0,0.00011261589785666124,9.956815261441914e-05,0.00012561566649167824,2.4141532005316806e-05
base,0.05,100.0,200.0,down,0.5,1.0,0.002873571096187485,0.00020533329833629684,0.007883334086687985,0.008543818959442829
base,0.05,100.0,200.0,down,2.0,1.0,0.0028028728370251828,0.0002824505585822337,0.007682346090255355,0.008337641990119667
base,0.05,100.0,200.0,fresh,0.0,1.005,0.19171128137093155,0.18938362200043984,0.19629711094885682,0.007926180450084577
base,0.05,100.0,200.0,fresh,0.5,1.005,0.10825424732370831,0.09257355662519709,0.12393121731702089,0.028374130077031053
base,0.05,100.0,200.0,fresh,2.0,1.005,0.012812377336933613,0.008222082801756438,0.017851121858837093,0.00881463003840159
base,0.05,100.0,200.0,up,0.0,1.005,0.19174038837758942,0.19174038837758942,0.19174038837758942,0.0
base,0.05,100.0,200.0,up,0.5,1.005,0.06577201648179752,0.06577201648179752,0.06577201648179752,1.4494876628609418e-17
base,0.05,100.0,200.0,up,2.0,1.005,0.06148851627628537,0.06148851627628537,0.06148851627628537,0.0
base,0.05,100.0,200.0,down,0.0,1.005,0.20745404020741698,0.20094685640364307,0.21410258578695454,0.0124378176023247
base,0.05,100.0,200.0,down,0.5,1.005,0.05224114061570939,0.04552741971929651,0.0586618022094287,0.012304345776509113
base,0.05,100.0,200.0,down,2.0,1.005,0.023782790437454602,0.017373405309518378,0.029524074628116237,0.01082138974349934
base,0.05,100.0,200.0,fresh,0.0,1.01,0.2566414130810672,0.2542840695273293,0.2612694514555639,0.008001338988116238
base,0.05,100.0,200.0,fresh,0.5,1.01,0.1128531059204269,0.0968626911066992,0.12863244758767203,0.02889107633572739
base,0.05,100.0,200.0,fresh,2.0,1.01,0.04939082482782232,0.04161319228141733,0.05716064006991068,0.01597237409922597
base,0.05,100.0,200.0,up,0.0,1.01,0.30868193143983463,0.30868193143983463,0.30868193143983463,5.797950651443767e-17
base,0.05,100.0,200.0,up,0.5,1.01,0.18003058690669338,0.18003058690669319,0.1800305869066938,6.655553224256149e-16
base,0.05,100.0,200.0,up,2.0,1.01,0.06133909101377572,0.06133909101377569,0.06133909101377579,1.0871157471457064e-16
base,0.05,100.0,200.0,down,0.0,1.01,0.2982817775989122,0.2896773576886071,0.3060689562058458,0.015995278462369266
base,0.05,100.0,200.0,down,0.5,1.01,0.07916242749527026,0.07248023290876934,0.08543863264536691,0.01209658688180513
base,0.05,100.0,200.0,down,2.0,1.01,0.030897470831358544,0.03053997703897945,0.031125667122052714,0.000585337145192595
base,0.05,100.0,200.0,fresh,0.0,1.02,0.3811231040044462,0.38032474567949764,0.3825019292768216,0.0023000596715914844
base,0.05,100.0,200.0,fresh,0.5,1.02,0.17308788030074027,0.15613521625595742,0.18995521609064328,0.030688440879437787
base,0.05,100.0,200.0,fresh,2.0,1.02,0.06381192666578406,0.060346673926980676,0.06721964889439275,0.006414385822365794
base,0.05,100.0,200.0,up,0.0,1.02,0.3798652475038819,0.3798652475038819,0.3798652475038819,5.797950651443767e-17
base,0.05,100.0,200.0,up,0.5,1.02,0.2346487477009939,0.2346487477009865,0.23464874770100871,2.5655582224570403e-14
base,0.05,100.0,200.0,up,2.0,1.02,0.06470224743338578,0.06470224743338578,0.0647022474333858,2.174231494291413e-17
base,0.05,100.0,200.0,down,0.0,1.02,0.3846009968725412,0.380710826732181,0.3901073700048354,0.00891614422993223
base,0.05,100.0,200.0,down,0.5,1.02,0.11977699278368058,0.10895154602463115,0.13413540642148222,0.023880374908538022
base,0.05,100.0,200.0,down,2.0,1.02,0.03869736598682751,0.03476936425285653,0.04412711616144303,0.0085864982400163
base,0.05,100.0,200.0,fresh,0.0,1.05,0.6372928210329838,0.6348642629960243,0.640503441045715,0.005348845575086678
base,0.05,100.0,200.0,fresh,0.5,1.05,0.28185990701601804,0.24954890813120678,0.31403217448937076,0.05867539503756446
base,0.05,100.0,200.0,fresh,2.0,1.05,0.10485939027725709,0.08898742196235261,0.12026602458520999,0.030144032353642092
base,0.05,100.0,200.0,up,0.0,1.05,0.6380992413860102,0.6380992413860102,0.6380992413860102,0.0
base,0.05,100.0,200.0,up,0.5,1.05,0.31538540443707225,0.31538540443707147,0.3153854044370738,2.6761274335266875e-15
base,0.05,100.0,200.0,up,2.0,1.05,0.1261005252507371,0.12610052525073703,0.12610052525073714,1.285611940425666e-16
base,0.05,100.0,200.0,down,0.0,1.05,0.6516004236115389,0.6444992310385012,0.6593095072249742,0.013593707329106945
base,0.05,100.0,200.0,down,0.5,1.05,0.2013179300122541,0.18645026190747935,0.22039811343586083,0.032355223678624846
base,0.05,100.0,200.0,down,2.0,1.05,0.06834920786820668,0.06594241455106649,0.0717527803993733,0.0055557127063220494
base,0.05,100.0,200.0,fresh,0.0,1.1,0.8983793693759662,0.893403943299027,0.9046351557052632,0.011064456960445675
base,0.05,100.0,200.0,fresh,0.5,1.1,0.40703794751150574,0.36739865710308206,0.4448937831491937,0.07180813440082817
base,0.05,100.0,200.0,fresh,2.0,1.1,0.16001918442526528,0.14253595533312016,0.177169934266347,0.03335107910179226
base,0.05,100.0,200.0,up,0.0,1.1,0.890852917838343,0.890852917838343,0.890852917838343,0.0
base,0.05,100.0,200.0,up,0.5,1.1,0.4442543790270252,0.44425437902702436,0.4442543790270255,1.3960304567191806e-15
base,0.05,100.0,200.0,up,2.0,1.1,0.16828345434903838,0.1682834543490357,0.1682834543490397,4.639198430526886e-15
base,0.05,100.0,200.0,down,0.0,1.1,0.9047565415055333,0.8988127989435082,0.9109152714851381,0.011202631677168505
base,0.05,100.0,200.0,down,0.5,1.1,0.32878308206622336,0.29394728939318876,0.36671321875189744,0.06752957595581568
base,0.05,100.0,200.0,down,2.0,1.1,0.11247853457408885,0.1084738752021348,0.11585249527796909,0.006837457484625696
base,0.05,100.0,200.0,fresh,0.0,1.2,1.3231423571029854,1.3219799292358372,1.3247042350829514,0.0025902450345954547
base,0.05,100.0,200.0,fresh,0.5,1.2,0.602344012060443,0.567741703384373,0.6331068922867739,0.06351953461013989
base,0.05,100.0,200.0,fresh,2.0,1.2,0.2292184920463023,0.2067178961505179,0.2505568815268831,0.041975511524834835
base,0.05,100.0,200.0,up,0.0,1.2,1.3221591113843039,1.3221591113843039,1.3221591113843039,0.0
base,0.05,100.0,200.0,up,0.5,1.2,0.6785883797875446,0.6785883797875424,0.6785883797875457,3.750785649717611e-15
base,0.05,100.0,200.0,up,2.0,1.2,0.2637652594225699,0.26376525942256945,0.26376525942257084,1.6025854442751247e-15
base,0.05,100.0,200.0,down,0.0,1.2,1.3247127820123057,1.3227569560951453,1.3277115711098826,0.00511587160309045
base,0.05,100.0,200.0,down,0.5,1.2,0.5448350235967295,0.49794572253298386,0.5911386106840992,0.08785180167278732
base,0.05,100.0,200.0,down,2.0,1.2,0.1718567514504498,0.16728015277028369,0.17687502187480744,0.009079075280036807
base,0.05,100.0,200.0,fresh,0.0,1.5,2.243488643750043,2.239404121362446,2.2466700272601767,0.007189431074668081
base,0.05,100.0,200.0,fresh,0.5,1.5,1.0651192229615616,1.0231700858847548,1.099885566408022,0.07296526933423403
base,0.05,100.0,200.0,fresh,2.0,1.5,0.39614383030362593,0.36699338499640904,0.4243629545832726,0.05486391061741503
base,0.05,100.0,200.0,up,0.0,1.5,2.2206880457508156,2.2206880457508156,2.2206880457508156,0.0
base,0.05,100.0,200.0,up,0.5,1.5,1.1198233921762348,1.1198233921762277,1.1198233921762493,2.480628641192585e-14
base,0.05,100.0,200.0,up,2.0,1.5,0.45546773050646827,0.45546773050646766,0.45546773050646944,2.0534351714464555e-15
base,0.05,100.0,200.0,down,0.0,1.5,2.2389825840787743,2.2349595046446558,2.2428516141159043,0.007355938267265408
base,0.05,100.0,200.0,down,0.5,1.5,1.0229166103796896,0.9714961474741485,1.0694871331853049,0.09048403097759106
base,0.05,100.0,200.0,down,2.0,1.5,0.3419584548034174,0.32149271953389896,0.3665324636718872,0.041971207843671976
base,0.05,100.0,200.0,fresh,0.0,2.0,3.462596975453998,3.4615433644524733,3.4639975317833693,0.002435384322716678
base,0.05,100.0,200.0,fresh,0.5,2.0,1.6785585905432392,1.6390048906395362,1.7111029646573686,0.06831624584929985
base,0.05,100.0,200.0,fresh,2.0,2.0,0.6345902872446263,0.60072167794561,0.6669531485404231,0.06342885824270607
base,0.05,100.0,200.0,up,0.0,2.0,3.4608636510512185,3.4608636510512185,3.4608636510512185,4.638360521155014e-16
base,0.05,100.0,200.0,up,0.5,2.0,1.7342500242330061,1.7342500242329921,1.734250024233013,2.3972965984843092e-14
base,0.05,100.0,200.0,up,2.0,2.0,0.6921532395599505,0.6921532395599502,0.6921532395599505,4.3516828801669925e-16
base,0.05,100.0,200.0,down,0.0,2.0,3.462596975453998,3.4615433644524733,3.4639975317833693,0.002435384322716678
base,0.05,100.0,200.0,down,0.5,2.0,1.6785585905432392,1.6390048906395362,1.7111029646573686,0.06831624584929985
base,0.05,100.0,200.0,down,2.0,2.0,0.6345902872446263,0.60072167794561,0.6669531485404231,0.06342885824270607
half_step,0.025,100.0,200.0,fresh,0.0,0.0,-6.093542075479841e-46,-5.301665560012646e-45,2.984972542045168e-45,7.709511898352857e-45
half_step,0.025,100.0,200.0,fresh,0.5,0.0,8.40759463832261e-25,-1.8210650486933e-24,3.6975540866587096e-24,4.997497006925918e-24
half_step,0.025,100.0,200.0,fresh,2.0,0.0,3.0739343269649923e-12,-1.5024772147508083e-11,2.107675763932148e-11,3.30244607733169e-11
half_step,0.025,100.0,200.0,up,0.0,0.0,-6.093542075479841e-46,-5.301665560012646e-45,2.984972542045168e-45,7.709511898352857e-45
half_step,0.025,100.0,200.0,up,0.5,0.0,8.40759463832261e-25,-1.8210650486933e-24,3.6975540866587096e-24,4.997497006925918e-24
half_step,0.025,100.0,200.0,up,2.0,0.0,3.0739343269649923e-12,-1.5024772147508083e-11,2.107675763932148e-11,3.30244607733169e-11
half_step,0.025,100.0,200.0,down,0.0,0.0,0.0,0.0,0.0,0.0
half_step,0.025,100.0,200.0,down,0.5,0.0,0.0,0.0,0.0,0.0
half_step,0.025,100.0,200.0,down,2.0,0.0,-1.101788882351684e-11,-1.1017959877790418e-11,-1.1017817769243265e-11,1.2854201738400803e-16
half_step,0.025,100.0,200.0,fresh,0.0,0.5,0.0,0.0,0.0,0.0
half_step,0.025,100.0,200.0,fresh,0.5,0.5,0.0,0.0,0.0,0.0
half_step,0.025,100.0,200.0,fresh,2.0,0.5,2.827675329071984e-10,-4.7463790296224196e-11,6.710264188492892e-10,6.707311178887601e-10
half_step,0.025,100.0,200.0,up,0.0,0.5,0.0,0.0,0.0,0.0
half_step,0.025,100.0,200.0,up,0.5,0.5,0.0,0.0,0.0,0.0
half_step,0.025,100.0,200.0,up,2.0,0.5,1.394477437225798e-10,1.3944768006979303e-10,1.3944777554897316e-10,1.1024986068420008e-16
half_step,0.025,100.0,200.0,down,0.0,0.5,0.0,0.0,0.0,0.0
half_step,0.025,100.0,200.0,down,0.5,0.5,0.0,0.0,0.0,0.0
half_step,0.025,100.0,200.0,down,2.0,0.5,-1.394140743589863e-10,-1.3941414541325987e-10,-1.394140033047127e-10,1.399388236018462e-16
half_step,0.025,100.0,200.0,fresh,0.0,0.8,0.0,0.0,0.0,0.0
half_step,0.025,100.0,200.0,fresh,0.5,0.8,1.6253665080512292e-15,7.5124628740042e-16,3.1149573661200718e-15,2.46890032726448e-15
half_step,0.025,100.0,200.0,fresh,2.0,0.8,5.5349401772986095e-08,3.257121511596416e-08,7.826376091921624e-08,4.342813073256144e-08
half_step,0.025,100.0,200.0,up,0.0,0.8,0.0,0.0,0.0,0.0
half_step,0.025,100.0,200.0,up,0.5,0.8,2.137179322403427e-16,1.7486012637846217e-16,2.3314683517128293e-16,6.730369402342473e-17
half_step,0.025,100.0,200.0,up,2.0,0.8,1.975606664493072e-08,1.975606655407747e-08,1.9756066690357345e-08,1.5736244638777084e-16
half_step,0.025,100.0,200.0,down,0.0,0.8,0.0,0.0,0.0,0.0
half_step,0.025,100.0,200.0,down,0.5,0.8,0.0,0.0,0.0,0.0
half_step,0.025,100.0,200.0,down,2.0,0.8,-1.3615071049836538e-08,-1.3615071120890813e-08,-1.3615070978782262e-08,1.463515249679409e-16
half_step,0.025,100.0,200.0,fresh,0.0,0.9,0.0,0.0,0.0,0.0
half_step,0.025,100.0,200.0,fresh,0.5,0.9,3.1375380071807517e-12,2.337036240455485e-12,4.086834148875341e-12,1.6586831419228592e-12
half_step,0.025,100.0,200.0,fresh,2.0,0.9,1.094310349000575e-06,7.537862228357191e-07,1.4120647864331453e-06,6.226104082016921e-07
half_step,0.025,100.0,200.0,up,0.0,0.9,0.0,0.0,0.0,0.0
half_step,0.025,100.0,200.0,up,0.5,0.9,5.512801326545969e-13,5.512468259638581e-13,5.512967859999663e-13,5.768888059151274e-17
half_step,0.025,100.0,200.0,up,2.0,0.9,2.6345194036159206e-07,2.63451940361037e-07,2.634519403627023e-07,1.9229608525531237e-18
half_step,0.025,100.0,200.0,down,0.0,0.9,0.0,0.0,0.0,0.0
half_step,0.025,100.0,200.0,down,0.5,0.9,-4.245255998588012e-13,-4.2480981695310535e-13,-4.2424138276449703e-13,5.854060993265753e-16
half_step,0.025,100.0,200.0,down,2.0,0.9,-2.5374809529428913e-07,-2.5374809536534334e-07,-2.537480952469196e-07,1.1063135144139096e-16
half_step,0.025,100.0,200.0,fresh,0.0,0.95,8.141635513917816e-18,1.1102230246251558e-18,1.850371707708594e-17,1.6972146440130907e-17
half_step,0.025,100.0,200.0,fresh,0.5,0.95,1.0298164572949037e-09,8.445158745234993e-10,1.2272533608433575e-09,3.6419799372373565e-10
half_step,0.025,100.0,200.0,fresh,2.0,0.95,9.762976358950922e-06,7.463193289963537e-06,1.1834391387418586e-05,4.154312288447357e-06
half_step,0.025,100.0,200.0,up,0.0,0.95,0.0,0.0,0.0,0.0
half_step,0.025,100.0,200.0,up,0.5,0.95,1.841663196944232e-10,1.841663191393117e-10,1.8416631997197896e-10,9.614813440872313e-19
half_step,0.025,100.0,200.0,up,2.0,0.95,2.15577731029093e-06,2.15577731029093e-06,2.15577731029093e-06,4.423485299258245e-22
half_step,0.025,100.0,200.0,down,0.0,0.95,0.0,0.0,0.0,0.0
half_step,0.025,100.0,200.0,down,0.5,0.95,-2.3672555471421227e-10,-2.3672555471421227e-10,-2.3672555471421227e-10,5.3997623281961e-26
half_step,0.025,100.0,200.0,down,2.0,0.95,-2.770624260222121e-06,-2.770624260222121e-06,-2.770624260222121e-06,0.0
half_step,0.025,100.0,200.0,fresh,0.0,0.98,8.700327310447638e-12,7.248566325871823e-12,1.0063188934927857e-11,2.656605524601751e-12
half_step,0.025,100.0,200.0,fresh,0.5,0.98,1.8603384294343013e-07,1.6403831340694449e-07,2.0792829451792932e-07,4.2182075537915335e-08
half_step,0.025,100.0,200.0,fresh,2.0,0.98,6.465191500638346e-05,5.411017152548676e-05,7.396697988022381e-05,1.8823074622313963e-05
half_step,0.025,100.0,200.0,up,0.0,0.98,2.0743140538570517e-12,2.0743140538570517e-12,2.0743140538570517e-12,4.218564318903203e-28
half_step,0.025,100.0,200.0,up,0.5,0.98,4.346131752513971e-08,4.346131752486215e-08,4.3461317525694825e-08,9.614823365436891e-19
half_step,0.025,100.0,200.0,up,2.0,0.98,1.7079520608722734e-05,1.7079520608722643e-05,1.707952060872292e-05,3.198299174758597e-19
half_step,0.025,100.0,200.0,down,0.0,0.98,-1.3384730361091594e-12,-1.3390414702977676e-12,-1.3379046019205512e-12,1.1195105887903092e-15
half_step,0.025,100.0,200.0,down,0.5,0.98,-3.282666284576407e-08,-3.282666284576407e-08,-3.282666284576407e-08,6.911695780091008e-24
half_step,0.025,100.0,200.0,down,2.0,0.98,-1.2808644320756456e-05,-1.2808648569315888e-05,-1.2808640552396612e-05,7.397314972990762e-12
half_step,0.025,100.0,200.0,fresh,0.0,0.99,2.010624008212207e-09,1.7376254849293945e-09,2.2557567846553938e-09,4.957100663724756e-10
half_step,0.025,100.0,200.0,fresh,0.5,0.99,2.3911028094699324e-06,2.183830119290765e-06,2.589875856918667e-06,3.9127688071617113e-07
half_step,0.025,100.0,200.0,fresh,2.0,0.99,0.00015725180236923986,0.00013767945138638333,0.0001743416143245146,3.477197486205793e-05
half_step,0.025,100.0,200.0,up,0.0,0.99,3.643424362209658e-10,3.643424362209658e-10,3.643424362209658e-10,5.3997623281961e-26
half_step,0.025,100.0,200.0,up,0.5,0.99,4.215147491404281e-07,4.215147491404281e-07,4.215147491404281e-07,0.0
half_step,0.025,100.0,200.0,up,2.0,0.99,2.9215589331128654e-05,2.921558933112856e-05,2.9215589331128834e-05,3.1988864496762826e-19
half_step,0.025,100.0,200.0,down,0.0,0.99,-3.627405931183602e-10,-3.627405931183602e-10,-3.627405931183602e-10,5.3997623281961e-26
half_step,0.025,100.0,200.0,down,0.5,0.99,-4.1989531041508593e-07,-4.1989540573202557e-07,-4.198952399268781e-07,1.6684980525413172e-13
half_step,0.025,100.0,200.0,down,2.0,0.99,-2.8751562494922683e-05,-2.879764734853355e-05,-2.871067846585558e-05,8.024049847107461e-08
half_step,0.025,100.0,200.0,fresh,0.0,0.995,8.770901914034734e-08,7.786021417838704e-08,9.604453545270878e-08,1.7521341718467303e-08
half_step,0.025,100.0,200.0,fresh,0.5,0.995,1.3397624296475988e-05,1.2551058517917882e-05,1.4199277934987055e-05,1.5866453268423415e-06
half_step,0.025,100.0,200.0,fresh,2.0,0.995,0.0002795616535917977,0.00025214887006044486,0.00030338291205059926,4.83373228789657e-05
half_step,0.025,100.0,200.0,up,0.0,0.995,1.581117311966196e-08,1.581117311966196e-08,1.581117311966196e-08,0.0
half_step,0.025,100.0,200.0,up,0.5,0.995,2.3345430045469224e-06,2.334543004545997e-06,2.334543004547385e-06,1.6025667190429512e-18
half_step,0.025,100.0,200.0,up,2.0,0.995,4.6923706518029456e-05,4.6923706518029456e-05,4.6923706518029456e-05,7.077576478813193e-21
half_step,0.025,100.0,200.0,down,0.0,0.995,-8.102418443437881e-08,-8.157833778454916e-08,-8.058233846478896e-08,9.654953978393604e-10
half_step,0.025,100.0,200.0,down,0.5,0.995,-1.1194393914498354e-05,-1.2941976259971474e-05,-9.935516132692613e-06,3.032104295551127e-06
half_step,0.025,100.0,200.0,down,2.0,0.995,-0.00014033352011028438,-0.0001659309305750985,-0.00011654921337642204,4.527018558142833e-05
half_step,0.025,100.0,200.0,fresh,0.0,1.0,0.00013176344275311612,0.00012858247774562255,0.00013405171695799256,5.4125546845647796e-06
half_step,0.025,100.0,200.0,fresh,0.5,1.0,0.0002650932063383543,0.00026051132345453003,0.00026933709578225076,8.535690684997867e-06
half_step,0.025,100.0,200.0,fresh,2.0,1.0,0.0006289025629314951,0.0005934815457603082,0.0006594361611472659,6.213375303859602e-05
half_step,0.025,100.0,200.0,up,0.0,1.0,0.00010419287483122598,0.00010419287483122598,0.00010419287483122598,1.4155152957626385e-20
half_step,0.025,100.0,200.0,up,0.5,1.0,0.00016813396362370698,0.00016813396362370668,0.00016813396362370752,9.54607395579082e-19
half_step,0.025,100.0,200.0,up,2.0,1.0,0.0002503046076298856,0.0002503046076298854,0.000250304607629886,6.424630820699552e-19
half_step,0.025,100.0,200.0,down,0.0,1.0,0.00011261513314764214,9.956733830512596e-05,0.00012561476576690705,2.4141531694148705e-05
half_step,0.025,100.0,200.0,down,0.5,1.0,0.0028737902344975435,0.00020540414220549742,0.007883345816460923,0.008543502356069172
half_step,0.025,100.0,200.0,down,2.0,1.0,0.002802872753966052,0.00028245048114327535,0.007682345972250625,0.00833764202134524
half_step,0.025,100.0,200.0,fresh,0.0,1.005,0.1917112812776288,0.18938362208809528,0.19629711048425688,0.007926179803590559
half_step,0.025,100.0,200.0,fresh,0.5,1.005,0.10825424732523736,0.0925735566262858,0.12393121731899757,0.028374130077771263
half_step,0.025,100.0,200.0,fresh,2.0,1.005,0.012812377339826547,0.008222082803419916,0.0178511218626783,0.008814630040266806
half_step,0.025,100.0,200.0,up,0.0,1.005,0.1917403881211631,0.1917403881211631,0.1917403881211631,0.0
half_step,0.025,100.0,200.0,up,0.5,1.005,0.06577201648659643,0.06577201648659638,0.06577201648659646,9.214987905224684e-17
half_step,0.025,100.0,200.0,up,2.0,1.005,0.06148851627630314,0.06148851627630314,0.06148851627630315,7.247438314304709e-18
half_step,0.025,100.0,200.0,down,0.0,1.005,0.20745392665605134,0.20094714856371204,0.2141022794937952,0.012437845233974607
half_step,0.025,100.0,200.0,down,0.5,1.005,0.05224025347375422,0.04552641089397818,0.05866209990374147,0.012306091769099447
half_step,0.025,100.0,200.0,down,2.0,1.005,0.02378279100641599,0.017373405482500236,0.029524075522437045,0.010821390171539555
half_step,0.025,100.0,200.0,fresh,0.0,1.01,0.2566414131070756,0.2542840697063836,0.26126945113807104,0.008001338388909306
half_step,0.025,100.0,200.0,fresh,0.5,1.01,0.1128531058971202,0.09686269109522984,0.12863244756978107,0.028891076320628865
half_step,0.025,100.0,200.0,fresh,2.0,1.01,0.04939082482814977,0.041613192281675225,0.05716064007020286,0.015972374099218603
half_step,0.025,100.0,200.0,up,0.0,1.01,0.3086819340499442,0.3086819340499442,0.3086819340499442,5.797950651443767e-17
half_step,0.025,100.0,200.0,up,0.5,1.01,0.18003058686207565,0.18003058686207551,0.18003058686207574,2.7246255729752665e-16
half_step,0.025,100.0,200.0,up,2.0,1.01,0.061339091013787726,0.06133909101378767,0.061339091013787754,9.233968332966866e-17
half_step,0.025,100.0,200.0,down,0.0,1.01,0.29828163965100546,0.28967738901453904,0.3060686849356241,0.01599521504637045
half_step,0.025,100.0,200.0,down,0.5,1.01,0.07916177667996672,0.07247993253358251,0.08543818612868974,0.012097064814615904
half_step,0.025,100.0,200.0,down,2.0,1.01,0.03089747114817858,0.03053997770173,0.031125667347438664,0.0005853364150977007
half_step,0.025,100.0,200.0,fresh,0.0,1.02,0.3811231021712007,0.3803247457290712,0.3825019237872401,0.0023000534355996434
half_step,0.025,100.0,200.0,fresh,0.5,1.02,0.1730878803297922,0.15613521627946123,0.1899552161274966,0.030688440889634523
half_step,0.025,100.0,200.0,fresh,2.0,1.02,0.06381192667061635,0.060346673931732396,0.06721964890073248,0.0064143858240390435
half_step,0.025,100.0,200.0,up,0.0,1.02,0.3798652479425429,0.3798652479425429,0.3798652479425429,5.797950651443767e-17
half_step,0.025,100.0,200.0,up,0.5,1.02,0.23464874846068265,0.23464874846066916,0.23464874846068942,2.3428127281713936e-14
half_step,0.025,100.0,200.0,up,2.0,1.02,0.06470224743344831,0.06470224743344831,0.06470224743344831,1.4494876628609418e-17
half_step,0.025,100.0,200.0,down,0.0,1.02,0.3846007697861901,0.3807107528278656,0.39010702033569516,0.008915882666472363
half_step,0.025,100.0,200.0,down,0.5,1.02,0.11977688516303286,0.10895167832084679,0.13413542644918047,0.02388035893128933
half_step,0.025,100.0,200.0,down,2.0,1.02,0.03869736602184408,0.034769364626897274,0.04412711620745143,0.008586498138825123
half_step,0.025,100.0,200.0,fresh,0.0,1.05,0.6372928174895313,0.6348642608589523,0.6405034358428586,0.005348842606442044
half_step,0.025,100.0,200.0,fresh,0.5,1.05,0.2818599070720474,0.24954890816805525,0.31403217458775895,0.058675395092439644
half_step,0.025,100.0,200.0,fresh,2.0,1.05,0.10485939031142189,0.08898742199422963,0.120266024612542,0.030144032371642877
half_step,0.025,100.0,200.0,up,0.0,1.05,0.6380992728813195,0.6380992728813195,0.6380992728813195,1.1595901302887535e-16
half_step,0.025,100.0,200.0,up,0.5,1.05,0.31538540450770036,0.31538540450770036,0.31538540450770036,5.797950651443767e-17
half_step,0.025,100.0,200.0,up,2.0,1.05,0.12610052525112625,0.12610052525112617,0.12610052525112644,3.2107596824869464e-16
half_step,0.025,100.0,200.0,down,0.0,1.05,0.6516006637590431,0.6444994308362259,0.6593099085865298,0.013593825499322006
half_step,0.025,100.0,200.0,down,0.5,1.05,0.20131787408889976,0.18645010329801193,0.22039825347702618,0.032355673030266485
half_step,0.025,100.0,200.0,down,2.0,1.05,0.06834920769071988,0.06594241476999797,0.07175278040404384,0.005555712595970661
half_step,0.025,100.0,200.0,fresh,0.0,1.1,0.8983793882340104,0.8934039614262078,0.904635166856295,0.011064460106302352
half_step,0.025,100.0,200.0,fresh,0.5,1.1,0.4070379482416673,0.3673986577325152,0.44489378391021,0.07180813482503492
half_step,0.025,100.0,200.0,fresh,2.0,1.1,0.16001918444690558,0.142535955356044,0.1771699342916212,0.03335107910520608
half_step,0.025,100.0,200.0,up,0.0,1.1,0.8908529227387912,0.8908529227387912,0.8908529227387912,1.1595901302887535e-16
half_step,0.025,100.0,200.0,up,0.5,1.1,0.44425437905370985,0.44425437905370974,0.4442543790537099,8.368620923398064e-17
half_step,0.025,100.0,200.0,up,2.0,1.1,0.1682834543726215,0.16828345437261874,0.16828345437262285,4.735301161370773e-15
half_step,0.025,100.0,200.0,down,0.0,1.1,0.9047562834465347,0.8988126731509519,0.9109149934360793,0.011202471612278886
half_step,0.025,100.0,200.0,down,0.5,1.1,0.32878233195896595,0.2939473275552558,0.3667123808678635,0.06752977007897945
half_step,0.025,100.0,200.0,down,2.0,1.1,0.11247853481281787,0.10847387579471153,0.1158524955920083,0.0068374576409785046
half_step,0.025,100.0,200.0,fresh,0.0,1.2,1.323142369596101,1.3219799383835291,1.3247042452763118,0.002590253189734323
half_step,0.025,100.0,200.0,fresh,0.5,1.2,0.6023440127660005,0.567741703651253,0.6331068927757093,0.06351953489873918
half_step,0.025,100.0,200.0,fresh,2.0,1.2,0.22921849207722303,0.206717896170294,0.2505568815514343,0.04197551152824311
half_step,0.025,100.0,200.0,up,0.0,1.2,1.3221591124781047,1.3221591124781047,1.3221591124781047,2.319180260577507e-16
half_step,0.025,100.0,200.0,up,0.5,1.2,0.6785883791581999,0.6785883791581986,0.6785883791582026,4.679249115415558e-15
half_step,0.025,100.0,200.0,up,2.0,1.2,0.2637652594013804,0.26376525940137957,0.263765259401382,2.7896518871801235e-15
half_step,0.025,100.0,200.0,down,0.0,1.2,1.324712840942875,1.3227570050455606,1.327711676340775,0.005115903402961986
half_step,0.025,100.0,200.0,down,0.5,1.2,0.5448348117435275,0.497945099978311,0.5911385947577941,0.08785208022906271
half_step,0.025,100.0,200.0,down,2.0,1.2,0.17185675041882575,0.16728015252918763,0.17687502171006417,0.009079075185331263
half_step,0.025,100.0,200.0,fresh,0.0,1.5,2.243488665449493,2.239404140227495,2.2466700478736037,0.0071894379533968406
half_step,0.025,100.0,200.0,fresh,0.5,1.5,1.0651192257736122,1.023170087873919,1.099885567629523,0.07296526954931085
half_step,0.025,100.0,200.0,fresh,2.0,1.5,0.3961438304645332,0.3669933850981856,0.42436295467868124,0.054863910654262854
half_step,0.025,100.0,200.0,up,0.0,1.5,2.2206881216970014,2.2206881216970014,2.2206881216970014,4.638360521155014e-16
half_step,0.025,100.0,200.0,up,0.5,1.5,1.1198233964175353,1.1198233964175353,1.1198233964175353,0.0
half_step,0.025,100.0,200.0,up,2.0,1.5,0.45546773055368583,0.4554677305536825,0.45546773055368756,5.83378719446971e-15
half_step,0.025,100.0,200.0,down,0.0,1.5,2.238982776968005,2.234959669883326,2.242851824656313,0.007355885845612426
half_step,0.025,100.0,200.0,down,0.5,1.5,1.0229165801803128,0.9714961546266438,1.0694870977651467,0.09048405492191143
half_step,0.025,100.0,200.0,down,2.0,1.5,0.3419584549660389,0.32149271945699787,0.3665324638507452,0.04197120810327607
half_step,0.025,100.0,200.0,fresh,0.0,2.0,3.462597082879613,3.461543466510543,3.4639976474659058,0.002435420055847608
half_step,0.025,100.0,200.0,fresh,0.5,2.0,1.6785585969413566,1.6390048962912935,1.7111029711027914,0.06831624714340585
half_step,0.025,100.0,200.0,fresh,2.0,2.0,0.6345902874431413,0.6007216780888891,0.666953148746443,0.06342885832981235
half_step,0.025,100.0,200.0,up,0.0,2.0,3.4608637067823387,3.4608637067823387,3.4608637067823387,4.638360521155014e-16
half_step,0.025,100.0,200.0,up,0.5,2.0,1.7342500196227701,1.7342500196227697,1.7342500196227713,1.6777363139313832e-15
half_step,0.025,100.0,200.0,up,2.0,2.0,0.6921532395866703,0.6921532395866693,0.6921532395866709,1.7951813513952294e-15
half_step,0.025,100.0,200.0,down,0.0,2.0,3.462597082879613,3.461543466510543,3.4639976474659058,0.002435420055847608
half_step,0.025,100.0,200.0,down,0.5,2.0,1.6785585969413566,1.6390048962912935,1.7111029711027914,0.06831624714340585
half_step,0.025,100.0,200.0,down,2.0,2.0,0.6345902874431413,0.6007216780888891,0.666953148746443,0.06342885832981235
double_settle,0.05,200.0,200.0,fresh,0.0,0.0,-2.2668647143396684e-89,-1.972279577611729e-88,1.110444091508124e-88,2.868026062859347e-88
double_settle,0.05,200.0,200.0,fresh,0.5,0.0,1.6216152260362824e-46,-3.512380097189268e-46,7.131659217898991e-46,9.638924758280981e-46
double_settle,0.05,200.0,200.0,fresh,2.0,0.0,1.4720588799861866e-20,-1.717189358250032e-20,4.702079488667215e-20,5.933274755965316e-20
double_settle,0.05,200.0,200.0,up,0.0,0.0,-2.2668647143396684e-89,-1.972279577611729e-88,1.110444091508124e-88,2.868026062859347e-88
double_settle,0.05,200.0,200.0,up,0.5,0.0,1.6216152260362824e-46,-3.512380097189268e-46,7.131659217898991e-46,9.638924758280981e-46
double_settle,0.05,200.0,200.0,up,2.0,0.0,1.4720588799861866e-20,-1.717189358250032e-20,4.702079488667215e-20,5.933274755965316e-20
double_settle,0.05,200.0,200.0,down,0.0,0.0,0.0,0.0,0.0,0.0
double_settle,0.05,200.0,200.0,down,0.5,0.0,0.0,0.0,0.0,0.0
double_settle,0.05,200.0,200.0,down,2.0,0.0,0.0,0.0,0.0,0.0
double_settle,0.05,200.0,200.0,fresh,0.0,0.5,0.0,0.0,0.0,0.0
double_settle,0.05,200.0,200.0,fresh,0.5,0.5,0.0,0.0,0.0,0.0
double_settle,0.05,200.0,200.0,fresh,2.0,0.5,0.0,0.0,0.0,0.0
double_settle,0.05,200.0,200.0,up,0.0,0.5,0.0,0.0,0.0,0.0
double_settle,0.05,200.0,200.0,up,0.5,0.5,0.0,0.0,0.0,0.0
double_settle,0.05,200.0,200.0,up,2.0,0.5,0.0,0.0,0.0,0.0
double_settle,0.05,200.0,200.0,down,0.0,0.5,0.0,0.0,0.0,0.0
double_settle,0.05,200.0,200.0,down,0.5,0.5,0.0,0.0,0.0,0.0
double_settle,0.05,200.0,200.0,down,2.0,0.5,0.0,0.0,0.0,0.0
double_settle,0.05,200.0,200.0,fresh,0.0,0.8,0.0,0.0,0.0,0.0
double_settle,0.05,200.0,200.0,fresh,0.5,0.8,0.0,0.0,0.0,0.0
double_settle,0.05,200.0,200.0,fresh,2.0,0.8,3.399775831229116e-13,2.0010798111128974e-13,4.806311830011605e-13,2.666540343022066e-13
double_settle,0.05,200.0,200.0,up,0.0,0.8,0.0,0.0,0.0,0.0
double_settle,0.05,200.0,200.0,up,0.5,0.8,0.0,0.0,0.0,0.0
double_settle,0.05,200.0,200.0,up,2.0,0.8,1.2126966097980584e-13,1.2122525205882083e-13,1.2129186544029835e-13,7.691850745534545e-17
double_settle,0.05,200.0,200.0,down,0.0,0.8,0.0,0.0,0.0,0.0
double_settle,0.05,200.0,200.0,down,0.5,0.8,0.0,0.0,0.0,0.0
double_settle,0.05,200.0,200.0,down,2.0,0.8,-4.4444448121794266e-14,-4.7499781885562695e-14,-4.282204220847537e-14,5.2101818213911186e-15
double_settle,0.05,200.0,200.0,fresh,0.0,0.9,0.0,0.0,0.0,0.0
double_settle,0.05,200.0,200.0,fresh,0.5,0.9,0.0,0.0,0.0,0.0
double_settle,0.05,200.0,200.0,fresh,2.0,0.9,1.7905425179579975e-10,1.2333907247844927e-10,2.3104425250775048e-10,1.018675283830262e-10
double_settle,0.05,200.0,200.0,up,0.0,0.9,0.0,0.0,0.0,0.0
double_settle,0.05,200.0,200.0,up,0.5,0.9,0.0,0.0,0.0,0.0
double_settle,0.05,200.0,200.0,up,2.0,0.9,4.311171845442867e-11,4.311167811632543e-11,4.311173862348028e-11,6.986764427171228e-17
double_settle,0.05,200.0,200.0,down,0.0,0.9,0.0,0.0,0.0,0.0
double_settle,0.05,200.0,200.0,down,0.5,0.9,0.0,0.0,0.0,0.0
double_settle,0.05,200.0,200.0,down,2.0,0.9,-4.146528453929932e-11,-4.147054255554394e-11,-4.146258447690343e-11,9.041499265884344e-15
double_settle,0.05,200.0,200.0,fresh,0.0,0.95,0.0,0.0,0.0,0.0
double_settle,0.05,200.0,200.0,fresh,0.5,0.95,1.0917193075480705e-17,1.1102230246251566e-18,2.3319309446397576e-17,2.0623288643132026e-17
double_settle,0.05,200.0,200.0,fresh,2.0,0.95,1.8908812741691427e-08,1.4457927250387708e-08,2.291817841001039e-08,8.039014894989727e-09
double_settle,0.05,200.0,200.0,up,0.0,0.95,0.0,0.0,0.0,0.0
double_settle,0.05,200.0,200.0,up,0.5,0.95,0.0,0.0,0.0,0.0
double_settle,0.05,200.0,200.0,up,2.0,0.95,4.181129355888362e-09,4.1811293555182875e-09,4.181129356073399e-09,6.409874284082214e-19
double_settle,0.05,200.0,200.0,down,0.0,0.95,0.0,0.0,0.0,0.0
double_settle,0.05,200.0,200.0,down,0.5,0.95,0.0,0.0,0.0,0.0
double_settle,0.05,200.0,200.0,down,2.0,0.95,-5.377553785971638e-09,-5.3775615072026994e-09,-5.377549854301833e-09,1.3307439000338495e-14
double_settle,0.05,200.0,200.0,fresh,0.0,0.98,0.0,0.0,0.0,0.0
double_settle,0.05,200.0,200.0,fresh,0.5,0.98,8.879251963319253e-12,7.829523053041556e-12,9.9239701502792e-12,2.0131205797827706e-12
double_settle,0.05,200.0,200.0,fresh,2.0,0.98,1.1881267697957016e-06,9.964190952857313e-07,1.3571608725321447e-06,3.4215909164755465e-07
double_settle,0.05,200.0,200.0,up,0.0,0.98,0.0,0.0,0.0,0.0
double_settle,0.05,200.0,200.0,up,0.5,0.98,2.0743142388942225e-12,2.0743140538570517e-12,2.074314608968564e-12,6.409875621418461e-19
double_settle,0.05,200.0,200.0,up,2.0,0.98,3.1784522158453027e-07,3.1784522158434525e-07,3.178452215846228e-07,3.204858350781603e-19
double_settle,0.05,200.0,200.0,down,0.0,0.98,0.0,0.0,0.0,0.0
double_settle,0.05,200.0,200.0,down,0.5,0.98,-1.4562336521824668e-12,-1.4563283912139014e-12,-1.4560441741195972e-12,3.281856318094546e-16
double_settle,0.05,200.0,200.0,down,2.0,0.98,-2.4004695665288035e-07,-2.4004695940031223e-07,-2.400469551370558e-07,4.505019569372043e-15
double_settle,0.05,200.0,200.0,fresh,0.0,0.99,1.1970054577166898e-15,1.0264011862659573e-15,1.3363384473071468e-15,2.9421379882972466e-16
double_settle,0.05,200.0,200.0,fresh,0.5,0.99,2.065316485796072e-09,1.886377511676566e-09,2.236881196197397e-09,3.3771657139921387e-10
double_settle,0.05,200.0,200.0,fresh,2.0,0.99,8.876904694314346e-06,7.810055361237646e-06,9.804189900648032e-06,1.8868886111866058e-06
double_settle,0.05,200.0,200.0,up,0.0,0.99,1.3322676295501876e-16,1.3322676295501876e-16,1.3322676295501876e-16,2.5748073235493184e-32
double_settle,0.05,200.0,200.0,up,0.5,0.99,3.643424364985216e-10,3.643424362209658e-10,3.643424370536331e-10,9.614813515493137e-19
double_settle,0.05,200.0,200.0,up,2.0,0.99,1.722341954740007e-06,1.7223419547396374e-06,1.7223419547407474e-06,1.2820045002554724e-18
double_settle,0.05,200.0,200.0,down,0.0,0.99,0.0,0.0,0.0,0.0
double_settle,0.05,200.0,200.0,down,0.5,0.99,-3.6288952287577566e-10,-3.6288952287577566e-10,-3.6288952287577566e-10,5.3997623281961e-26
double_settle,0.05,200.0,200.0,down,2.0,0.99,-1.716844653323335e-06,-1.7181395892033415e-06,-1.7161012138053878e-06,2.0897735294439763e-09
double_settle,0.05,200.0,200.0,fresh,0.0,0.995,4.031462571181995e-12,3.5787223693721043e-12,4.414465742027159e-12,8.052564442179341e-13
double_settle,0.05,200.0,200.0,fresh,0.5,0.995,9.023302046477314e-08,8.456474668538476e-08,9.559822240691e-08,1.0622535057433619e-08
double_settle,0.05,200.0,200.0,fresh,2.0,0.995,3.363805997904349e-05,3.0626777077152314e-05,3.6234140573285304e-05,5.278248950985599e-06
double_settle,0.05,200.0,200.0,up,0.0,0.995,7.26640969617165e-13,7.26640969617165e-13,7.26640969617165e-13,0.0
double_settle,0.05,200.0,200.0,up,0.5,0.995,1.5810446716095035e-08,1.581044671572496e-08,1.581044671628007e-08,6.409869508437955e-19
double_settle,0.05,200.0,200.0,up,2.0,0.995,6.2345029296386376e-06,6.234502929638452e-06,6.234502929639008e-06,6.408801822796897e-19
double_settle,0.05,200.0,200.0,down,0.0,0.995,-3.6205468253077315e-12,-3.639115675468929e-12,-3.6017837601320935e-12,3.4772474658551266e-14
double_settle,0.05,200.0,200.0,down,0.5,0.995,-7.855614057916682e-08,-8.112467348553311e-08,-7.626201918498054e-08,4.592561328537699e-09
double_settle,0.05,200.0,200.0,down,2.0,0.995,-2.909438610528762e-05,-4.254959805845005e-05,-2.133475950067994e-05,2.1683361266720412e-05
double_settle,0.05,200.0,200.0,fresh,0.0,1.0,4.9630511696964935e-05,4.8890229215480216e-05,5.0150031433311025e-05,1.25793554129853e-06
double_settle,0.05,200.0,200.0,fresh,0.5,1.0,9.965208566487415e-05,9.866464921869786e-05,0.00010055981684677322,1.829619935186238e-06
double_settle,0.05,200.0,200.0,fresh,2.0,1.0,0.0002414597154646247,0.0002333709955489711,0.00024839215717071097,1.4195121704843773e-05
double_settle,0.05,200.0,200.0,up,0.0,1.0,4.3297008796290284e-05,4.3297008796290284e-05,4.3297008796290284e-05,0.0
double_settle,0.05,200.0,200.0,up,0.5,1.0,7.57787547721492e-05,7.577875477214892e-05,7.577875477214975e-05,9.587700046495073e-19
double_settle,0.05,200.0,200.0,up,2.0,1.0,0.00013340638929902428,0.0001334063892990239,0.00013340638929902447,6.424630820699552e-19
double_settle,0.05,200.0,200.0,down,0.0,1.0,4.198728773701532e-05,3.528572537967041e-05,4.985596105193225e-05,1.3910804915552471e-05
double_settle,0.05,200.0,200.0,down,0.5,1.0,6.718275481915726e-05,4.100984589887701e-05,9.544738717136171e-05,4.996164604488109e-05
double_settle,0.05,200.0,200.0,down,2.0,1.0,0.0002538428747414064,0.00015683487761847175,0.0003747742509012255,0.00020591031061210484
double_settle,0.05,200.0,200.0,fresh,0.0,1.005,0.18956747605229587,0.18950256448748976,0.18963449666303928,0.00012327372131766093
double_settle,0.05,200.0,200.0,fresh,0.5,1.005,0.10813869811739656,0.09266671358107469,0.12352512384152788,0.02798328688691393
double_settle,0.05,200.0,200.0,fresh,2.0,1.005,0.048507911597881766,0.04070682130558306,0.05630715112161998,0.016045362082083688
double_settle,0.05,200.0,200.0,up,0.0,1.005,0.18999424063945994,0.18999424063945994,0.18999424063945994,0.0
double_settle,0.05,200.0,200.0,up,0.5,1.005,0.0681318658448063,0.06813186584480625,0.06813186584480632,7.247438314304709e-17
double_settle,0.05,200.0,200.0,up,2.0,1.005,0.00491392956631728,0.00491392956631728,0.00491392956631728,9.059297892880886e-19
double_settle,0.05,200.0,200.0,down,0.0,1.005,0.19190995643027786,0.1899052724527422,0.19530520531482604,0.005529399378382842
double_settle,0.05,200.0,200.0,down,0.5,1.005,0.057444200584004936,0.051857875781403016,0.06155329930426917,0.009378064524768161
double_settle,0.05,200.0,200.0,down,2.0,1.005,0.019132530345970834,0.012667817545842947,0.02559861640033456,0.012141762420493562
double_settle,0.05,200.0,200.0,fresh,0.0,1.01,0.29638522882822693,0.29136571033805214,0.3006759332395544,0.00880042078828279
double_settle,0.05,200.0,200.0,fresh,0.5,1.01,0.11164963385586398,0.0961562218855125,0.12710183988482876,0.028009719210309415
double_settle,0.05,200.0,200.0,fresh,2.0,1.01,0.045741085821017026,0.036107919895027686,0.05517978190890033,0.0185293559943592
double_settle,0.05,200.0,200.0,up,0.0,1.01,0.25470160507063794,0.25470160507063794,0.25470160507063794,0.0
double_settle,0.05,200.0,200.0,up,0.5,1.01,0.18193237861407352,0.1819323786140734,0.18193237861407355,1.77919321334447e-16
double_settle,0.05,200.0,200.0,up,2.0,1.01,0.06239561485577904,0.06239561485577904,0.06239561485577905,8.102882366760908e-18
double_settle,0.05,200.0,200.0,down,0.0,1.01,0.28158751345542365,0.2711282188058728,0.29222243658086766,0.019699619771354763
double_settle,0.05,200.0,200.0,down,0.5,1.01,0.08268958264609154,0.07366384459885818,0.09234404549503158,0.017826984816867574
double_settle,0.05,200.0,200.0,down,2.0,1.01,0.030844619658950523,0.030517670150396005,0.031100743815607883,0.0005388465911926207
double_settle,0.05,200.0,200.0,fresh,0.0,1.02,0.3827462388617578,0.38024946599908704,0.3872542889473244,0.007742689077625526
double_settle,0.05,200.0,200.0,fresh,0.5,1.02,0.17133180408501983,0.1510783640425578,0.1909450231449608,0.0364297803207856
double_settle,0.05,200.0,200.0,fresh,2.0,1.02,0.054423380299471434,0.046880508317173025,0.06188889928988321,0.014490227675165689
double_settle,0.05,200.0,200.0,up,0.0,1.02,0.3805236266934023,0.3805236266934023,0.3805236266934023,0.0
double_settle,0.05,200.0,200.0,up,0.5,1.02,0.18979192903885647,0.18979192903885644,0.18979192903885647,4.184310461699032e-17
double_settle,0.05,200.0,200.0,up,2.0,1.02,0.10907569777711928,0.10907569777711633,0.10907569777712521,1.0239776304992478e-14
double_settle,0.05,200.0,200.0,down,0.0,1.02,0.39999558221074,0.3913473506475903,0.4093216673914294,0.01670000182605779
double_settle,0.05,200.0,200.0,down,0.5,1.02,0.13218638368491697,0.11680680590323318,0.14966755585096225,0.031310167586978944
double_settle,0.05,200.0,200.0,down,2.0,1.02,0.03848934393085618,0.03492819089693226,0.043162096787624143,0.007804640549423988
double_settle,0.05,200.0,200.0,fresh,0.0,1.05,0.6319823740669187,0.6314523630020413,0.632651157519861,0.0011212721259189068
double_settle,0.05,200.0,200.0,fresh,0.5,1.05,0.2845585329193978,0.25220168774940127,0.3157126107209344,0.05902367531199436
double_settle,0.05,200.0,200.0,fresh,2.0,1.05,0.10470050905188322,0.08941567286861683,0.11942367525539568,0.028626376365208282
double_settle,0.05,200.0,200.0,up,0.0,1.05,0.6383316611183877,0.6383316611183877,0.6383316611183877,1.1595901302887535e-16
double_settle,0.05,200.0,200.0,up,0.5,1.05,0.31553276068147884,0.31553276068147856,0.315532760681479,5.185844714726981e-16
double_settle,0.05,200.0,200.0,up,2.0,1.05,0.12835801805457647,0.12835801805457506,0.12835801805457717,2.435829408032483e-15
double_settle,0.05,200.0,200.0,down,0.0,1.05,0.6418161686811522,0.6372156670593627,0.6468602139983796,0.00890264733125442
double_settle,0.05,200.0,200.0,down,0.5,1.05,0.2259017154304249,0.20117651731154898,0.25413011728465423,0.04914215639287775
double_settle,0.05,200.0,200.0,down,2.0,1.05,0.06981468008276044,0.06649560539564303,0.07400543787622538,0.006881985413929097
double_settle,0.05,200.0,200.0,fresh,0.0,1.1,0.9315892564552947,0.9286373862132018,0.9339549966866205,0.00509773777879794
double_settle,0.05,200.0,200.0,fresh,0.5,1.1,0.40527199142692844,0.3681608727163844,0.4411629362468086,0.06719463227451264
double_settle,0.05,200.0,200.0,fresh,2.0,1.1,0.15487787857947674,0.1360646907195134,0.17266453903373655,0.03518298157854787
double_settle,0.05,200.0,200.0,up,0.0,1.1,0.9290043258105669,0.9290043258105669,0.9290043258105669,0.0
double_settle,0.05,200.0,200.0,up,0.5,1.1,0.4733549400919545,0.4733549400919543,0.47335494009195506,9.958307269908013e-16
double_settle,0.05,200.0,200.0,up,2.0,1.1,0.17251904453849895,0.17251904453849223,0.17251904453851233,2.3219815155776347e-14
double_settle,0.05,200.0,200.0,down,0.0,1.1,0.9099732223516558,0.9032017449164368,0.9167460739597723,0.012999595903670159
double_settle,0.05,200.0,200.0,down,0.5,1.1,0.3356622967745768,0.30481357384057095,0.3707044732965954,0.0619265007742685
double_settle,0.05,200.0,200.0,down,2.0,1.1,0.11467815408727167,0.11015473850221828,0.11915905381276787,0.008318202358250922
double_settle,0.05,200.0,200.0,fresh,0.0,1.2,1.32822187013194,1.326099600570786,1.330544423072158,0.00422804214611128
double_settle,0.05,200.0,200.0,fresh,0.5,1.2,0.6125645844226976,0.5733967839097486,0.6472047595887913,0.07085683633970694
double_settle,0.05,200.0,200.0,fresh,2.0,1.2,0.2262327669446412,0.2034250490866254,0.24753185148730844,0.042367538793827306
double_settle,0.05,200.0,200.0,up,0.0,1.2,1.3228926170453439,1.3228926170453439,1.3228926170453439,0.0
double_settle,0.05,200.0,200.0,up,0.5,1.2,0.6770229242011642,0.6770229242011597,0.6770229242011664,7.563751997881752e-15
double_settle,0.05,200.0,200.0,up,2.0,1.2,0.2568955403529039,0.25689554035290235,0.2568955403529047,2.660115934458403e-15
double_settle,0.05,200.0,200.0,down,0.0,1.2,1.3242304979422819,1.3222082859870736,1.3270987489394133,0.004972329651196983
double_settle,0.05,200.0,200.0,down,0.5,1.2,0.557229318606619,0.5110567497492736,0.6003355833919337,0.08233553001636644
double_settle,0.05,200.0,200.0,down,2.0,1.2,0.1909872093729942,0.17005944299357423,0.2158131800918256,0.04275821977932954
double_settle,0.05,200.0,200.0,fresh,0.0,1.5,2.2424574622484372,2.2394938415208885,2.245159607594421,0.005198614446138104
double_settle,0.05,200.0,200.0,fresh,0.5,1.5,1.0639699807528888,1.0220306323830277,1.0981625609590946,0.07264997902098405
double_settle,0.05,200.0,200.0,fresh,2.0,1.5,0.4006538190381917,0.37029791194834566,0.42910798273736017,0.057141052375453937
double_settle,0.05,200.0,200.0,up,0.0,1.5,2.235522542196142,2.235522542196142,2.235522542196142,4.638360521155014e-16
double_settle,0.05,200.0,200.0,up,0.5,1.5,1.1140443195582372,1.114044319558236,1.1140443195582377,2.179700458380213e-15
double_settle,0.05,200.0,200.0,up,2.0,1.5,0.4438238731072724,0.44382387310727206,0.44382387310727317,1.2366318812240062e-15
double_settle,0.05,200.0,200.0,down,0.0,1.5,2.242322463141782,2.2378826745102325,2.24579390388436,0.00773435723199879
double_settle,0.05,200.0,200.0,down,0.5,1.5,1.0249386942816074,0.9702360682146134,1.0751571784021627,0.0986039133275635
double_settle,0.05,200.0,200.0,down,2.0,1.5,0.3707951877649813,0.3371181679765948,0.40636743617709087,0.066169158270303
double_settle,0.05,200.0,200.0,fresh,0.0,2.0,3.46492311486856,3.463673807489689,3.4662094894628255,0.0023759641827384497
double_settle,0.05,200.0,200.0,fresh,0.5,2.0,1.6755394218933837,1.6365272236467412,1.7078015343267858,0.06761188013856238
double_settle,0.05,200.0,200.0,fresh,2.0,2.0,0.6356094355992442,0.6016323059834944,0.6680694070138,0.06343102385618618
double_settle,0.05,200.0,200.0,up,0.0,2.0,3.463099631207772,3.463099631207772,3.463099631207772,0.0
double_settle,0.05,200.0,200.0,up,0.5,2.0,1.7405728491697439,1.7405728491697439,1.7405728491697439,2.319180260577507e-16
double_settle,0.05,200.0,200.0,up,2.0,2.0,0.6924377021224591,0.6924377021224585,0.6924377021224594,1.0103528613021268e-15
double_settle,0.05,200.0,200.0,down,0.0,2.0,3.46492311486856,3.463673807489689,3.4662094894628255,0.0023759641827384497
double_settle,0.05,200.0,200.0,down,0.5,2.0,1.6755394218933837,1.6365272236467412,1.7078015343267858,0.06761188013856238
double_settle,0.05,200.0,200.0,down,2.0,2.0,0.6356094355992442,0.6016323059834944,0.6680694070138,0.06343102385618618
both,0.025,200.0,200.0,fresh,0.0,0.0,-2.26684470183046e-89,-1.9722605238013946e-88,1.1104328333552506e-88,2.8679979532436275e-88
both,0.025,200.0,200.0,fresh,0.5,0.0,1.6216147047093925e-46,-3.5123789719035524e-46,7.131656955788105e-46,9.638921691387573e-46
both,0.025,200.0,200.0,fresh,2.0,0.0,1.4720588745411475e-20,-1.717189351297504e-20,4.702079470826646e-20,5.933274733087212e-20
both,0.025,200.0,200.0,up,0.0,0.0,-2.26684470183046e-89,-1.9722605238013946e-88,1.1104328333552506e-88,2.8679979532436275e-88
both,0.025,200.0,200.0,up,0.5,0.0,1.6216147047093925e-46,-3.5123789719035524e-46,7.131656955788105e-46,9.638921691387573e-46
both,0.025,200.0,200.0,up,2.0,0.0,1.4720588745411475e-20,-1.717189351297504e-20,4.702079470826646e-20,5.933274733087212e-20
both,0.025,200.0,200.0,down,0.0,0.0,0.0,0.0,0.0,0.0
both,0.025,200.0,200.0,down,0.5,0.0,0.0,0.0,0.0,0.0
both,0.025,200.0,200.0,down,2.0,0.0,0.0,0.0,0.0,0.0
both,0.025,200.0,200.0,fresh,0.0,0.5,0.0,0.0,0.0,0.0
both,0.025,200.0,200.0,fresh,0.5,0.5,0.0,0.0,0.0,0.0
both,0.025,200.0,200.0,fresh,2.0,0.5,0.0,0.0,0.0,0.0
both,0.025,200.0,200.0,up,0.0,0.5,0.0,0.0,0.0,0.0
both,0.025,200.0,200.0,up,0.5,0.5,0.0,0.0,0.0,0.0
both,0.025,200.0,200.0,up,2.0,0.5,0.0,0.0,0.0,0.0
both,0.025,200.0,200.0,down,0.0,0.5,0.0,0.0,0.0,0.0
both,0.025,200.0,200.0,down,0.5,0.5,0.0,0.0,0.0,0.0
both,0.025,200.0,200.0,down,2.0,0.5,0.0,0.0,0.0,0.0
both,0.025,200.0,200.0,fresh,0.0,0.8,0.0,0.0,0.0,0.0
both,0.025,200.0,200.0,fresh,0.5,0.8,0.0,0.0,0.0,0.0
both,0.025,200.0,200.0,fresh,2.0,0.8,3.3987192689840146e-13,2.0009132082702645e-13,4.803780243959702e-13,2.664674666913379e-13
both,0.025,200.0,200.0,up,0.0,0.8,0.0,0.0,0.0,0.0
both,0.025,200.0,200.0,up,0.5,0.8,0.0,0.0,0.0,0.0
both,0.025,200.0,200.0,up,2.0,0.8,1.2115466037817178e-13,1.2106010638390787e-13,1.2120193737530375e-13,1.6377232212367094e-16
both,0.025,200.0,200.0,down,0.0,0.8,0.0,0.0,0.0,0.0
both,0.025,200.0,200.0,down,0.5,0.8,0.0,0.0,0.0,0.0
both,0.025,200.0,200.0,down,2.0,0.8,-3.588240815588506e-15,-1.0764722446765517e-14,0.0,1.2430030804783362e-14
both,0.025,200.0,200.0,fresh,0.0,0.9,0.0,0.0,0.0,0.0
both,0.025,200.0,200.0,fresh,0.5,0.9,0.0,0.0,0.0,0.0
both,0.025,200.0,200.0,fresh,2.0,0.9,1.7905392705556505e-10,1.233388174139612e-10,2.3104386200993126e-10,1.0186741549458113e-10
both,0.025,200.0,200.0,up,0.0,0.9,0.0,0.0,0.0,0.0
both,0.025,200.0,200.0,up,0.5,0.9,0.0,0.0,0.0,0.0
both,0.025,200.0,200.0,up,2.0,0.9,4.311144330415572e-11,4.3111354486313744e-11,4.311148771307671e-11,1.53837014910312e-16
both,0.025,200.0,200.0,down,0.0,0.9,0.0,0.0,0.0,0.0
both,0.025,200.0,200.0,down,0.5,0.9,0.0,0.0,0.0,0.0
both,0.025,200.0,200.0,down,2.0,0.9,-4.140130016594412e-11,-4.1412029361254095e-11,-4.13958408292577e-11,1.8496171986474066e-14
both,0.025,200.0,200.0,fresh,0.0,0.95,0.0,0.0,0.0,0.0
both,0.025,200.0,200.0,fresh,0.5,0.95,0.0,0.0,0.0,0.0
both,0.025,200.0,200.0,fresh,2.0,0.95,1.89088127226326e-08,1.4457927232147673e-08,2.291817839013277e-08,8.03901487693799e-09
both,0.025,200.0,200.0,up,0.0,0.95,0.0,0.0,0.0,0.0
both,0.025,200.0,200.0,up,0.5,0.95,0.0,0.0,0.0,0.0
both,0.025,200.0,200.0,up,2.0,0.95,4.181129327300119e-09,4.181129327207599e-09,4.181129327485156e-09,3.204937142037225e-19
both,0.025,200.0,200.0,down,0.0,0.95,0.0,0.0,0.0,0.0
both,0.025,200.0,200.0,down,0.5,0.95,0.0,0.0,0.0,0.0
both,0.025,200.0,200.0,down,2.0,0.95,-5.3774691366470514e-09,-5.377483915935954e-09,-5.377461699633084e-09,2.5465165320736572e-14
both,0.025,200.0,200.0,fresh,0.0,0.98,0.0,0.0,0.0,0.0
both,0.025,200.0,200.0,fresh,0.5,0.98,8.878874487490881e-12,7.829258551657801e-12,9.923330726580027e-12,2.0129235757006473e-12
both,0.025,200.0,200.0,fresh,2.0,0.98,1.1881267694113795e-06,9.964190948690877e-07,1.3571608720776889e-06,3.421590916840696e-07
both,0.025,200.0,200.0,up,0.0,0.98,0.0,0.0,0.0,0.0
both,0.025,200.0,200.0,up,0.5,0.98,2.074112270822326e-12,2.0741119932665696e-12,2.0741128259338384e-12,9.614813432710667e-19
both,0.025,200.0,200.0,up,2.0,0.98,3.1784522161580167e-07,3.1784522161570913e-07,3.178452216159867e-07,3.205011250638681e-19
both,0.025,200.0,200.0,down,0.0,0.98,0.0,0.0,0.0,0.0
both,0.025,200.0,200.0,down,0.5,0.98,-1.338851992234898e-12,-1.3391362093292022e-12,-1.338567775140594e-12,5.597552943951546e-16
both,0.025,200.0,200.0,down,2.0,0.98,-2.400469567002499e-07,-2.400469590687256e-07,-2.400469553739034e-07,3.792574474839163e-15
both,0.025,200.0,200.0,fresh,0.0,0.99,8.940996091647929e-16,6.875981265845137e-16,1.0886014312205817e-15,3.699066262181227e-16
both,0.025,200.0,200.0,fresh,0.5,0.99,2.06531627207814e-09,1.8863773640400333e-09,2.2368808214323635e-09,3.377164150500255e-10
both,0.025,200.0,200.0,fresh,2.0,0.99,8.876904692261358e-06,7.810055357797181e-06,9.804189899382377e-06,1.886888611948106e-06
both,0.025,200.0,200.0,up,0.0,0.99,0.0,0.0,0.0,0.0
both,0.025,200.0,200.0,up,0.5,0.99,3.643421209176267e-10,3.643421209176267e-10,3.643421209176267e-10,5.3997623281961e-26
both,0.025,200.0,200.0,up,2.0,0.99,1.7223419547928349e-06,1.7223419547926498e-06,1.7223419547929276e-06,3.205012061484936e-19
both,0.025,200.0,200.0,down,0.0,0.99,0.0,0.0,0.0,0.0
both,0.025,200.0,200.0,down,0.5,0.99,-3.627155820140615e-10,-3.627155820140615e-10,-3.627155820140615e-10,0.0
both,0.025,200.0,200.0,down,2.0,0.99,-1.71684465434178e-06,-1.7181395906954813e-06,-1.7161012159228047e-06,2.0897725052091375e-09
both,0.025,200.0,200.0,fresh,0.0,0.995,4.031012745819851e-12,3.5782699442377106e-12,4.413853611310674e-12,8.050651120776614e-13
both,0.025,200.0,200.0,fresh,0.5,0.995,9.023302032432994e-08,8.456474656235817e-08,9.55982222001217e-08,1.0622534945230553e-08
both,0.025,200.0,200.0,fresh,2.0,0.995,3.363805997321519e-05,3.062677707146712e-05,3.6234140569584245e-05,5.278248954060873e-06
both,0.025,200.0,200.0,up,0.0,0.995,7.264033818898951e-13,7.264033818898951e-13,7.264033818898951e-13,0.0
both,0.025,200.0,200.0,up,0.5,0.995,1.5810446740890012e-08,1.581044674070497e-08,1.5810446741260086e-08,6.409879059804429e-19
both,0.025,200.0,200.0,up,2.0,0.995,6.2345029296383606e-06,6.234502929638176e-06,6.234502929638452e-06,3.2056415342627925e-19
both,0.025,200.0,200.0,down,0.0,0.995,-3.4066260923282247e-12,-3.4246265083008125e-12,-3.3886256763556345e-12,3.3573070783733725e-14
both,0.025,200.0,200.0,down,0.5,0.995,-7.857873716451044e-08,-8.129263524381258e-08,-7.62024316642851e-08,4.847242926433216e-09
both,0.025,200.0,200.0,down,2.0,0.995,-2.9094390765974272e-05,-4.254960122903383e-05,-2.133476504752115e-05,2.1683357841428315e-05
both,0.025,200.0,200.0,fresh,0.0,1.0,4.9630511673207274e-05,4.8890229226071915e-05,5.0150031386255465e-05,1.2579354843301737e-06
both,0.025,200.0,200.0,fresh,0.5,1.0,9.965208564365761e-05,9.866464920459376e-05,0.00010055981682089515,1.829619921765199e-06
both,0.025,200.0,200.0,fresh,2.0,1.0,0.00024145971544875706,0.0002333709955158123,0.0002483921571637198,1.4195121716330849e-05
both,0.025,200.0,200.0,up,0.0,1.0,4.3297008796296945e-05,4.3297008796296945e-05,4.3297008796296945e-05,0.0
both,0.025,200.0,200.0,up,0.5,1.0,7.577875477209551e-05,7.577875477209533e-05,7.577875477209562e-05,3.212315410349776e-19
both,0.025,200.0,200.0,up,2.0,1.0,0.00013340638929887138,0.0001334063892988713,0.00013340638929887157,3.212315410349776e-19
both,0.025,200.0,200.0,down,0.0,1.0,4.1986590161400266e-05,3.5285007358207094e-05,4.9855048945426965e-05,1.39104211209451e-05
both,0.025,200.0,200.0,down,0.5,1.0,6.834707924781469e-05,4.1484640168484084e-05,9.731723699517165e-05,5.12845915620316e-05
both,0.025,200.0,200.0,down,2.0,1.0,0.0002538427224502015,0.0001568345721876388,0.00037477425683618294,0.00020591043932522224
both,0.025,200.0,200.0,fresh,0.0,1.005,0.18956747601254445,0.18950256445533936,0.18963449661538895,0.0001232737060026561
both,0.025,200.0,200.0,fresh,0.5,1.005,0.10813869813316275,0.09266671359154811,0.12352512386207701,0.027983286895382552
both,0.025,200.0,200.0,fresh,2.0,1.005,0.04850791159806855,0.04070682130571447,0.0563071511217773,0.016045362082151158
both,0.025,200.0,200.0,up,0.0,1.005,0.1899942409074213,0.1899942409074213,0.1899942409074213,0.0
both,0.025,200.0,200.0,up,0.5,1.005,0.06813186581960201,0.06813186581960175,0.06813186581960214,4.3695502206169297e-16
both,0.025,200.0,200.0,up,2.0,1.005,0.004913929566073574,0.004913929566073573,0.004913929566073579,7.771131703804858e-18
both,0.025,200.0,200.0,down,0.0,1.005,0.19190967824275296,0.18990522611288,0.19530448807770334,0.005528576410119324
both,0.025,200.0,200.0,down,0.5,1.005,0.057472924458202686,0.05191800608377535,0.06154891037137268,0.00928851162048543
both,0.025,200.0,200.0,down,2.0,1.005,0.019132528811934685,0.012667814590015208,0.025598615967383925,0.01214176305563787
both,0.025,200.0,200.0,fresh,0.0,1.01,0.29638524120942533,0.29136572725759324,0.3006759380442418,0.008800411367383696
both,0.025,200.0,200.0,fresh,0.5,1.01,0.11164963385612237,0.09615622189145719,0.12710183988208437,0.028009719201327526
both,0.025,200.0,200.0,fresh,2.0,1.01,0.04574108582222732,0.03610791989603983,0.055179781908889856,0.018529355992514405
both,0.025,200.0,200.0,up,0.0,1.01,0.2547016059067115,0.2547016059067115,0.2547016059067115,5.797950651443767e-17
both,0.025,200.0,200.0,up,0.5,1.01,0.18193237863499986,0.1819323786349997,0.18193237863499992,2.6090777931496955e-16
both,0.025,200.0,200.0,up,2.0,1.01,0.06239561485580824,0.06239561485580824,0.06239561485580824,0.0
both,0.025,200.0,200.0,down,0.0,1.01,0.2815882471966381,0.2711289465912815,0.29222286964760924,0.01969972085874947
both,0.025,200.0,200.0,down,0.5,1.01,0.08282062010051144,0.07385020167760534,0.0924700477608177,0.017759762219171873
both,0.025,200.0,200.0,down,2.0,1.01,0.030844625075342497,0.03051767473931153,0.031100743784132242,0.0005388305333285275
both,0.025,200.0,200.0,fresh,0.0,1.02,0.3827462398610096,0.3802494669259704,0.3872542895068881,0.007742688313883255
both,0.025,200.0,200.0,fresh,0.5,1.02,0.17133180408909,0.15107836417698237,0.19094502310693728,0.03642978013021641
both,0.025,200.0,200.0,fresh,2.0,1.02,0.05442338030492202,0.04688050831742096,0.061888899291692494,0.014490227670924389
both,0.025,200.0,200.0,up,0.0,1.02,0.38052362544620566,0.38052362544620566,0.38052362544620566,0.0
both,0.025,200.0,200.0,up,0.5,1.02,0.18979192904361827,0.18979192904361822,0.18979192904361833,1.2040348809326048e-16
both,0.025,200.0,200.0,up,2.0,1.02,0.10907569778813635,0.10907569778813397,0.10907569778813751,4.08632141654151e-15
both,0.025,200.0,200.0,down,0.0,1.02,0.3999961687981251,0.3913480921789083,0.40932250943944826,0.016700365039548394
both,0.025,200.0,200.0,down,0.5,1.02,0.13221505469827707,0.11684298452630706,0.149688651277474,0.03131084413028532
both,0.025,200.0,200.0,down,2.0,1.02,0.0384893497297067,0.034928200524673624,0.04316210478253427,0.007804640720686581
both,0.025,200.0,200.0,fresh,0.0,1.05,0.631982372771001,0.6314523624292666,0.6326511552707267,0.0011212705547614837
both,0.025,200.0,200.0,fresh,0.5,1.05,0.2845585327613315,0.2522016876341272,0.31571261043220045,0.059023675234070906
both,0.025,200.0,200.0,fresh,2.0,1.05,0.1047005090294006,0.08941567283153805,0.11942367528993052,0.028626376412793836
both,0.025,200.0,200.0,up,0.0,1.05,0.6383317005541563,0.6383317005541563,0.6383317005541563,1.1595901302887535e-16
both,0.025,200.0,200.0,up,0.5,1.05,0.31553276076527925,0.315532760765279,0.31553276076527936,4.1675396107973457e-16
both,0.025,200.0,200.0,up,2.0,1.05,0.12835801805262242,0.1283580180526224,0.12835801805262245,6.69489673871845e-17
both,0.025,200.0,200.0,down,0.0,1.05,0.6418163300037191,0.6372158393848273,0.6468609310562833,0.008902978937080266
both,0.025,200.0,200.0,down,0.5,1.05,0.22579760052111575,0.20107822310597617,0.25404479819202713,0.049177148003837226
both,0.025,200.0,200.0,down,2.0,1.05,0.06981466746149946,0.06649559799387518,0.07400541474988843,0.006881966318347158
both,0.025,200.0,200.0,fresh,0.0,1.1,0.9315892748721013,0.9286374046486153,0.933955009663732,0.005097732878728144
both,0.025,200.0,200.0,fresh,0.5,1.1,0.40527199170602707,0.3681608727355013,0.4411629363006573,0.06719463221915571
both,0.025,200.0,200.0,fresh,2.0,1.1,0.15487787851300347,0.13606469065645618,0.17266453896082137,0.035182981594316494
both,0.025,200.0,200.0,up,0.0,1.1,0.9290044080831747,0.9290044080831747,0.9290044080831747,2.319180260577507e-16
both,0.025,200.0,200.0,up,0.5,1.1,0.47335493692930886,0.4733549369293087,0.4733549369293091,4.041272810440265e-16
both,0.025,200.0,200.0,up,2.0,1.1,0.17251904458878728,0.17251904458877476,0.1725190445887935,2.1617306072713676e-14
both,0.025,200.0,200.0,down,0.0,1.1,0.9099732057371231,0.9032017009032808,0.9167458215803006,0.012999292317783481
both,0.025,200.0,200.0,down,0.5,1.1,0.33565993026797264,0.30481256255213796,0.37070228515022735,0.06192759598650134
both,0.025,200.0,200.0,down,2.0,1.1,0.1146781329106696,0.11015469434954081,0.11915905725999758,0.008318222641269836
both,0.025,200.0,200.0,fresh,0.0,1.2,1.3282218706204942,1.3260995976932044,1.3305444290964763,0.004228047720881145
both,0.025,200.0,200.0,fresh,0.5,1.2,0.612564586061454,0.5733967858808106,0.647204761653946,0.07085683755701197
both,0.025,200.0,200.0,fresh,2.0,1.2,0.22623276698776107,0.20342504910161494,0.24753185156683388,0.04236753881360559
both,0.025,200.0,200.0,up,0.0,1.2,1.3228926052522207,1.3228926052522207,1.3228926052522207,2.319180260577507e-16
both,0.025,200.0,200.0,up,0.5,1.2,0.6770229225158347,0.6770229225158345,0.677022922515835,4.816139523730419e-16
both,0.025,200.0,200.0,up,2.0,1.2,0.25689554034635614,0.25689554034635537,0.2568955403463576,2.580196613462912e-15
both,0.025,200.0,200.0,down,0.0,1.2,1.3242304998025642,1.3222082970803182,1.3270986981886626,0.0049722260767842315
both,0.025,200.0,200.0,down,0.5,1.2,0.5572297143251624,0.5110573034237972,0.6003357088124242,0.08233536206820485
both,0.025,200.0,200.0,down,2.0,1.2,0.19098720828739527,0.17005944223220323,0.2158131775573917,0.04275821929662911
both,0.025,200.0,200.0,fresh,0.0,1.5,2.2424575469685677,2.2394939556896873,2.2451596903384723,0.005198597606457648
both,0.025,200.0,200.0,fresh,0.5,1.5,1.0639699840929355,1.022030635722181,1.098162565316021,0.07264997970625633
both,0.025,200.0,200.0,fresh,2.0,1.5,0.4006538191460282,0.37029791204427714,0.4291079828053089,0.057141052411831456
both,0.025,200.0,200.0,up,0.0,1.5,2.235522332214285,2.235522332214285,2.235522332214285,4.638360521155014e-16
both,0.025,200.0,200.0,up,0.5,1.5,1.1140443278045205,1.1140443278045082,1.1140443278045453,4.2818038936427e-14
both,0.025,200.0,200.0,up,2.0,1.5,0.4438238731251887,0.4438238731251878,0.44382387312518917,1.5711626115686815e-15
both,0.025,200.0,200.0,down,0.0,1.5,2.242322381833933,2.237882609787464,2.245793837741041,0.007734319043095074
both,0.025,200.0,200.0,down,0.5,1.5,1.0249386505183165,0.9702360214113673,1.0751571537741544,0.09860397881108669
both,0.025,200.0,200.0,down,2.0,1.5,0.37079518810983214,0.3371181685650893,0.4063674368547047,0.06616915824348844
both,0.025,200.0,200.0,fresh,0.0,2.0,3.464923199638095,3.463673878121961,3.4662095955082592,0.002375994456743523
both,0.025,200.0,200.0,fresh,0.5,2.0,1.6755394299561293,1.6365272296192774,1.7078015428029858,0.06761188336038526
both,0.025,200.0,200.0,fresh,2.0,2.0,0.6356094358720902,0.6016323062258537,0.668069407298114,0.06343102399131009
both,0.025,200.0,200.0,up,0.0,2.0,3.4630998764631804,3.4630998764631804,3.4630998764631804,9.276721042310028e-16
both,0.025,200.0,200.0,up,0.5,2.0,1.7405728580871285,1.7405728580871223,1.7405728580871405,2.1027944883733026e-14
both,0.025,200.0,200.0,up,2.0,2.0,0.6924377021611456,0.6924377021611431,0.6924377021611469,4.262578241443784e-15
both,0.025,200.0,200.0,down,0.0,2.0,3.464923199638095,3.463673878121961,3.4662095955082592,0.002375994456743523
both,0.025,200.0,200.0,down,0.5,2.0,1.6755394299561293,1.6365272296192774,1.7078015428029858,0.06761188336038526
both,0.025,200.0,200.0,down,2.0,2.0,0.6356094358720902,0.6016323062258537,0.668069407298114,0.06343102399131009
