settle,window,mode,alpha,bias,mean_total_voltage,ci95_low,ci95_high
100,200,fresh,0.0,0.0,-6.093540604395835e-46,-5.3016639850015204e-45,2.9849715600179526e-45
100,200,fresh,0.5,0.0,8.407594546350296e-25,-1.821065028901529e-24,3.697554047274427e-24
100,200,fresh,2.0,0.0,3.0739039798592058e-12,-1.502486242682227e-11,2.1076728047025726e-11
100,200,up,0.0,0.0,-6.093540604395835e-46,-5.3016639850015204e-45,2.9849715600179526e-45
100,200,up,0.5,0.0,8.407594546350296e-25,-1.821065028901529e-24,3.697554047274427e-24
100,200,up,2.0,0.0,3.0739039798592058e-12,-1.502486242682227e-11,2.1076728047025726e-11
100,200,down,0.0,0.0,0.0,0.0,0.0
100,200,down,0.5,0.0,0.0,0.0,0.0
100,200,down,2.0,0.0,-1.1041336733796922e-11,-1.10414077880705e-11,-1.104126567952335e-11
100,200,fresh,0.0,0.5,0.0,0.0,0.0
100,200,fresh,0.5,0.5,0.0,0.0,0.0
100,200,fresh,2.0,0.5,2.8276757000715116e-10,-4.7463810277925673e-11,6.710264740759458e-10
100,200,up,0.0,0.5,0.0,0.0,0.0
100,200,up,0.5,0.5,0.0,0.0,0.0
100,200,up,2.0,0.5,1.3944788999446327e-10,1.3944788129771627e-10,1.394478943428368e-10
100,200,down,0.0,0.5,0.0,0.0,0.0
100,200,down,0.5,0.5,0.0,0.0,0.0
100,200,down,2.0,0.5,-1.39444627696624e-10,-1.3944469875089757e-10,-1.394445803271083e-10
100,200,fresh,0.0,0.8,0.0,0.0,0.0
100,200,fresh,0.5,0.8,1.8031872291620255e-15,8.488580209113176e-16,3.3911415342480217e-15
100,200,fresh,2.0,0.8,5.534940194460805e-08,3.257121513949393e-08,7.826376133226545e-08
100,200,up,0.0,0.8,0.0,0.0,0.0
100,200,up,0.5,0.8,2.9494925020874993e-16,2.942091015256665e-16,2.9531932455029166e-16
100,200,up,2.0,0.8,1.9756066859203765e-08,1.9756066854947907e-08,1.975606686133169e-08
100,200,down,0.0,0.8,0.0,0.0,0.0
100,200,down,0.5,0.8,-9.473903143468003e-17,-2.842170943040401e-16,0.0
100,200,down,2.0,0.8,-1.36151137297702e-08,-1.3615113800824479e-08,-1.3615113658715925e-08
100,200,fresh,0.0,0.9,4.070817756958907e-18,2.220446049250313e-18,6.106226635438361e-18
100,200,fresh,0.5,0.9,3.137862562378283e-12,2.33722555661083e-12,4.087247540418558e-12
100,200,fresh,2.0,0.9,1.0943103489483943e-06,7.537862227949462e-07,1.412064786374419e-06
100,200,up,0.0,0.9,0.0,0.0,0.0
100,200,up,0.5,0.9,5.515010670364973e-13,5.514966261443987e-13,5.515032874825465e-13
100,200,up,2.0,0.9,2.6345194037010373e-07,2.6345194036991865e-07,2.634519403704738e-07
100,200,down,0.0,0.9,0.0,0.0,0.0
100,200,down,0.5,0.9,-5.25233190273866e-13,-5.25233190273866e-13,-5.25233190273866e-13
100,200,down,2.0,0.9,-2.537481552167265e-07,-2.537481552167265e-07,-2.537481552167265e-07
100,200,fresh,0.0,0.95,1.595020412044808e-16,1.2341979290416323e-16,1.9632443818788185e-16
100,200,fresh,0.5,0.95,1.0298169311750982e-09,8.445162168237614e-10,1.2272540258993307e-09
100,200,fresh,2.0,0.95,9.76297635863747e-06,7.463193289628162e-06,1.1834391387180324e-05
100,200,up,0.0,0.95,2.2204460492503135e-17,2.2204460492503135e-17,2.2204460492503135e-17
100,200,up,0.5,0.95,1.8416659068135976e-10,1.8416659031128544e-10,1.8416659086639697e-10
100,200,up,2.0,0.95,2.15577731029093e-06,2.15577731029093e-06,2.15577731029093e-06
100,200,down,0.0,0.95,-1.5158245029548805e-15,-2.08425869156296e-15,-9.473903143468002e-16
100,200,down,0.5,0.95,-2.3685847357531506e-10,-2.3685856831434647e-10,-2.3685828409725216e-10
100,200,down,2.0,0.95,-2.77062425887209e-06,-2.7706242589431444e-06,-2.770624258801036e-06
100,200,fresh,0.0,0.98,8.700746789713776e-12,7.248833126342429e-12,1.0063662417292285e-11
100,200,fresh,0.5,0.98,1.8603384325965863e-07,1.6403831357060065e-07,2.0792829529649636e-07
100,200,fresh,2.0,0.98,6.465191500499327e-05,5.4110171523358005e-05,7.396697987859453e-05
100,200,up,0.0,0.98,2.0745360984619767e-12,2.0745360984619767e-12,2.0745360984619767e-12
100,200,up,0.5,0.98,4.3461317879855977e-08,4.346131787930085e-08,4.346131788013352e-08
100,200,up,2.0,0.98,1.707952060870303e-05,1.707952060870266e-05,1.707952060870377e-05
100,200,down,0.0,0.98,-1.5559938522831842e-12,-1.556562286471793e-12,-1.5554254180945766e-12
100,200,down,0.5,0.98,-3.2826874303282244e-08,-3.2826874303282244e-08,-3.2826874303282244e-08
100,200,down,2.0,0.98,-1.2808644318482721e-05,-1.2808648567429398e-05,-1.2808640549116861e-05
100,200,fresh,0.0,0.99,2.0106245984807815e-09,1.737625928343219e-09,2.2557575905986694e-09
100,200,fresh,0.5,0.99,2.391102809102633e-06,2.183830118983598e-06,2.5898758563970836e-06
100,200,fresh,2.0,0.99,0.00015725180236668635,0.00013767945138218283,0.00017434161432251978
100,200,up,0.0,0.99,3.6434273376073635e-10,3.6434273376073635e-10,3.6434273376073635e-10
100,200,up,0.5,0.99,4.215147491383928e-07,4.215147491382077e-07,4.2151474913876283e-07
100,200,up,2.0,0.99,2.9215589331161492e-05,2.921558933116075e-05,2.921558933116186e-05
100,200,down,0.0,0.99,-3.6303617889643654e-10,-3.6303617889643654e-10,-3.6303617889643654e-10
100,200,down,0.5,0.99,-4.198953169520792e-07,-4.1989541292982346e-07,-4.1989524731889103e-07
100,200,down,2.0,0.99,-2.8751562496651674e-05,-2.8797647349592258e-05,-2.871067846754016e-05
100,200,fresh,0.0,0.995,8.770901978594204e-08,7.786021486420418e-08,9.604453637916679e-08
100,200,fresh,0.5,0.995,1.339762429510542e-05,1.2551058517004528e-05,1.4199277932996978e-05
100,200,fresh,2.0,0.995,0.00027956165358821876,0.00025214887005721833,0.0003033829120484004
100,200,up,0.0,0.995,1.5811173532664925e-08,1.5811173532664925e-08,1.5811173532664925e-08
100,200,up,0.5,0.995,2.3345430045514557e-06,2.334543004550716e-06,2.334543004551826e-06
100,200,up,2.0,0.995,4.692370651801837e-05,4.692370651801837e-05,4.692370651801837e-05
100,200,down,0.0,0.995,-8.102462193922596e-08,-8.157877664890142e-08,-8.058277558120609e-08
100,200,down,0.5,0.995,-1.1194428735639879e-05,-1.2942125536772173e-05,-9.93548247908412e-06
100,200,down,2.0,0.995,-0.00014033352031818917,-0.0001659309306021353,-0.00011654921350359197
100,200,fresh,0.0,1.0,0.00013176344274453097,0.00012858247774698037,0.00013405171694333312
100,200,fresh,0.5,1.0,0.0002650932063315466,0.00026051132344972273,0.0002693370957725793
100,200,fresh,2.0,1.0,0.0006289025629268625,0.0005934815457532281,0.0006594361611443486
100,200,up,0.0,1.0,0.0001041928748312193,0.0001041928748312193,0.0001041928748312193
100,200,up,0.5,1.0,0.0001681339636236902,0.0001681339636236889,0.0001681339636236928
100,200,up,2.0,1.0,0.0002503046076299409,0.0002503046076299409,0.0002503046076299409
100,200,down,0.0,1.0,0.00011261508220665441,9.956728393495478e-05,0.00012561470592598314
100,200,down,0.5,1.0,0.00287380429394915,0.00020540880846231602,0.007883347027801243
100,200,down,2.0,1.0,0.0028028727484618082,0.00028245047607881093,0.007682345964335877
100,200,fresh,0.0,1.005,0.1917112812714006,0.18938362209393958,0.19629711045325204
100,200,fresh,0.5,1.005,0.10825424732534074,0.09257355662635901,0.12393121731913188
100,200,fresh,2.0,1.005,0.0128123773400209,0.00822208280353154,0.01785112186293615
100,200,up,0.0,1.005,0.1917403881041404,0.1917403881041404,0.1917403881041404
100,200,up,0.5,1.005,0.06577201648691844,0.06577201648691844,0.06577201648691845
100,200,up,2.0,1.005,0.06148851627630426,0.06148851627630426,0.06148851627630427
100,200,down,0.0,1.005,0.2074539187306391,0.20094716798235304,0.2141022580175976
100,200,down,0.5,1.005,0.052240199482163324,0.045526355557134385,0.05866211851328757
100,200,down,2.0,1.005,0.023782791043409662,0.017373405493986235,0.02952407558082184
100,200,fresh,0.0,1.01,0.25664141310879224,0.2542840697183256,0.2612694511168092
100,200,fresh,0.5,1.01,0.11285310589555642,0.09686269109446377,0.12863244756858538
100,200,fresh,2.0,1.01,0.04939082482817184,0.04161319228169254,0.057160640070222604
100,200,up,0.0,1.01,0.30868193422436324,0.30868193422436324,0.30868193422436324
100,200,up,0.5,1.01,0.18003058685909593,0.18003058685909581,0.18003058685909598
100,200,up,2.0,1.01,0.06133909101378721,0.061339091013787185,0.06133909101378723
100,200,down,0.0,1.01,0.2982816303127686,0.2896773909483292,0.3060686667325952
100,200,down,0.5,1.01,0.07916174145822727,0.07247991508461528,0.08543816304711485
100,200,down,2.0,1.01,0.030897471170323695,0.030539977749252736,0.031125667362301712
100,200,fresh,0.0,1.02,0.3811231020500839,0.3803247457324053,0.38250192342452477
100,200,fresh,0.5,1.02,0.17308788033175557,0.15613521628106394,0.1899552161299879
100,200,fresh,2.0,1.02,0.06381192667094092,0.060346673932051384,0.067219648901158
100,200,up,0.0,1.02,0.3798652479719564,0.3798652479719564,0.3798652479719564
100,200,up,0.5,1.02,0.2346487485116389,0.23464874851163808,0.23464874851163928
100,200,up,2.0,1.02,0.06470224743345154,0.06470224743345153,0.06470224743345156
100,200,down,0.0,1.02,0.3846007547620158,0.3807107479325158,0.39010699720856895
100,200,down,0.5,1.02,0.11977687741874012,0.10895168590042574,0.13413542647457238
100,200,down,2.0,1.02,0.03869736602492436,0.0347693646530954,0.04412711621096775
100,200,fresh,0.0,1.05,0.6372928172536724,0.634864260717046,0.6405034354958099
100,200,fresh,0.5,1.05,0.2818599070760192,0.24954890817088715,0.31403217459461535
100,200,fresh,2.0,1.05,0.10485939031373463,0.08898742199639269,0.12026602461438408
100,200,up,0.0,1.05,0.638099275002447,0.638099275002447,0.638099275002447
100,200,up,0.5,1.05,0.3153854045124271,0.315385404512427,0.3153854045124272
100,200,up,2.0,1.05,0.12610052525115137,0.12610052525115137,0.1261005252511514
100,200,down,0.0,1.05,0.6516006798009053,0.6444994442469832,0.6593099352913506
100,200,down,0.5,1.05,0.20131786995266412,0.18645009338486768,0.22039826077961436
100,200,down,2.0,1.05,0.06834920767929546,0.06594241478481765,0.07175278040477526
100,200,fresh,0.0,1.1,0.8983793894936234,0.8934039626364171,0.9046351676020387
100,200,fresh,0.5,1.1,0.4070379482910383,0.36739865777530006,0.44489378396138046
100,200,fresh,2.0,1.1,0.16001918444843716,0.14253595535763977,0.17716993429341465
100,200,up,0.0,1.1,0.8908529230652991,0.8908529230652991,0.8908529230652991
100,200,up,0.5,1.1,0.4442543790554759,0.44425437905547577,0.444254379055476
100,200,up,2.0,1.1,0.16828345437416448,0.16828345437416373,0.1682834543741659
100,200,down,0.0,1.1,0.904756266241716,0.8988126647793188,0.9109149747677837
100,200,down,0.5,1.1,0.3287822836937752,0.2939473302225484,0.3667123271874055
100,200,down,2.0,1.1,0.11247853482703418,0.10847387583279608,0.1158524956112302
100,200,fresh,0.0,1.2,1.323142370430505,1.3219799389941278,1.3247042459579357
100,200,fresh,0.5,1.2,0.6023440128173206,0.5677417036754286,0.6331068928102084
100,200,fresh,2.0,1.2,0.2292184920793735,0.20671789617166772,0.25055688155314654
100,200,up,0.0,1.2,1.3221591125494163,1.3221591125494163,1.3221591125494163
100,200,up,0.5,1.2,0.678588379116154,0.6785883791161539,0.6785883791161541
100,200,up,2.0,1.2,0.26376525939999673,0.26376525939999546,0.26376525939999734
100,200,down,0.0,1.2,1.3247128448868828,1.3227570083305769,1.3277116833522982
100,200,down,0.5,1.2,0.5448347980115923,0.4979450598481214,0.5911385937667238
100,200,down,2.0,1.2,0.17185675034700373,0.16728015250875006,0.17687502169851585
100,200,fresh,0.0,1.5,2.2434886668914484,2.239404141482054,2.246670049243611
100,200,fresh,0.5,1.5,1.0651192259609028,1.0231700880107881,1.0998855677119252
100,200,fresh,2.0,1.5,0.3961438304756517,0.3669933851052876,0.4243629546852571
100,200,up,0.0,1.5,2.220688126765105,2.220688126765105,2.220688126765105
100,200,up,0.5,1.5,1.1198233967003715,1.1198233967003703,1.119823396700372
100,200,up,2.0,1.5,0.4554677305567862,0.4554677305567853,0.45546773055678796
100,200,down,0.0,1.5,2.2389827898477894,2.2349596809534233,2.242851838671934
100,200,down,0.5,1.5,1.0229165781836331,0.9714961549488006,1.0694870954419615
100,200,down,2.0,1.5,0.34195845497700095,0.3214927194523522,0.36653246386288996
100,200,fresh,0.0,2.0,3.4625970900653678,3.461543473340091,3.463997655202337
100,200,fresh,0.5,2.0,1.6785585973455508,1.6390048966515964,1.711102971512014
100,200,fresh,2.0,2.0,0.6345902874566868,0.6007216780986845,0.6669531487603153
100,200,up,0.0,2.0,3.4608637105031854,3.4608637105031854,3.4608637105031854
100,200,up,0.5,2.0,1.7342500193152912,1.734250019315289,1.734250019315296
100,200,up,2.0,2.0,0.6921532395884356,0.692153239588435,0.692153239588437
100,200,down,0.0,2.0,3.4625970900654974,3.461543473340111,3.463997655202594
100,200,down,0.5,2.0,1.6785585973455317,1.6390048966515662,1.7111029715119896
100,200,down,2.0,2.0,0.6345902874566851,0.6007216780986798,0.6669531487603142
200,200,fresh,0.0,0.0,-2.266843401134999e-89,-1.9722592823564644e-88,1.1104320989542599e-88
200,200,fresh,0.5,0.0,1.6216146703015447e-46,-3.512378897626235e-46,7.131656806518936e-46
200,200,fresh,2.0,0.0,1.4720588741790396e-20,-1.7171893508349327e-20,4.702079469639944e-20
200,200,up,0.0,0.0,-2.266843401134999e-89,-1.9722592823564644e-88,1.1104320989542599e-88
200,200,up,0.5,0.0,1.6216146703015447e-46,-3.512378897626235e-46,7.131656806518936e-46
200,200,up,2.0,0.0,1.4720588741790396e-20,-1.7171893508349327e-20,4.702079469639944e-20
200,200,down,0.0,0.0,0.0,0.0,0.0
200,200,down,0.5,0.0,0.0,0.0,0.0
200,200,down,2.0,0.0,-9.473903143468003e-17,-2.3684757858670006e-16,0.0
200,200,fresh,0.0,0.5,0.0,0.0,0.0
200,200,fresh,0.5,0.5,3.7007434154171887e-19,0.0,9.251858538542971e-19
200,200,fresh,2.0,0.5,3.885780586188048e-18,-2.220446049250313e-18,1.2584840577053086e-17
200,200,up,0.0,0.5,0.0,0.0,0.0
200,200,up,0.5,0.5,0.0,0.0,0.0
200,200,up,2.0,0.5,1.2027416100105861e-18,1.1102230246251564e-18,1.387778780781446e-18
200,200,down,0.0,0.5,0.0,0.0,0.0
200,200,down,0.5,0.5,0.0,0.0,0.0
200,200,down,2.0,0.5,-1.4210854715202004e-16,-2.842170943040401e-16,0.0
200,200,fresh,0.0,0.8,0.0,0.0,0.0
200,200,fresh,0.5,0.8,6.476300976980079e-19,2.7755575615628914e-19,1.0177044392397266e-18
200,200,fresh,2.0,0.8,3.400567790320015e-13,2.001221827141464e-13,4.80816696642646e-13
200,200,up,0.0,0.8,0.0,0.0,0.0
200,200,up,0.5,0.8,1.0177044392397266e-18,8.326672684688673e-19,1.1102230246251564e-18
200,200,up,2.0,0.8,1.2136310475104513e-13,1.2135459304118968e-13,1.2136736060597287e-13
200,200,down,0.0,0.8,0.0,0.0,0.0
200,200,down,0.5,0.8,0.0,0.0,0.0
200,200,down,2.0,0.8,-7.806496190217636e-14,-7.85860265750671e-14,-7.773337529215498e-14
200,200,fresh,0.0,0.9,0.0,0.0,0.0
200,200,fresh,0.5,0.9,0.0,0.0,0.0
200,200,fresh,2.0,0.9,1.7905450437153785e-10,1.2333927532544768e-10,2.3104455508515805e-10
200,200,up,0.0,0.9,0.0,0.0,0.0
200,200,up,0.5,0.9,0.0,0.0,0.0
200,200,up,2.0,0.9,4.311194531000002e-11,4.3111936798290166e-11,4.3111949565854955e-11
200,200,down,0.0,0.9,0.0,0.0,0.0
200,200,down,0.5,0.9,0.0,0.0,0.0
200,200,down,2.0,0.9,-4.1518243657871304e-11,-4.1518954200607066e-11,-4.1517864701745565e-11
200,200,fresh,0.0,0.95,4.440892098500626e-18,2.775557561562892e-18,6.106226635438361e-18
200,200,fresh,0.5,0.95,1.3877787807814457e-16,1.1268763699945338e-16,1.6690352803531518e-16
200,200,fresh,2.0,0.95,1.8908812726888454e-08,1.4457927232897072e-08,2.291817839203865e-08
200,200,up,0.0,0.95,2.2204460492503127e-18,2.2204460492503127e-18,2.2204460492503127e-18
200,200,up,0.5,0.95,1.341519488088731e-17,1.3322676295501883e-17,1.3600232051658169e-17
200,200,up,2.0,0.95,4.181129338402349e-09,4.1811293383098305e-09,4.181129338587386e-09
200,200,down,0.0,0.95,0.0,0.0,0.0
200,200,down,0.5,0.95,0.0,0.0,0.0
200,200,down,2.0,0.95,-5.377623656007321e-09,-5.3776240349634475e-09,-5.3776230402036165e-09
200,200,fresh,0.0,0.98,0.0,0.0,0.0
200,200,fresh,0.5,0.98,8.879605014241086e-12,7.829778709648552e-12,9.924567866600083e-12
200,200,fresh,2.0,0.98,1.1881267693930609e-06,9.96419094852888e-07,1.3571608720616922e-06
200,200,up,0.0,0.98,0.0,0.0,0.0
200,200,up,0.5,0.98,2.0745189825236804e-12,2.0745183348935827e-12,2.074520277783876e-12
200,200,up,2.0,0.98,3.1784522159544757e-07,3.178452215948924e-07,3.178452215957251e-07
200,200,down,0.0,0.98,0.0,0.0,0.0
200,200,down,0.5,0.98,-1.5560885913146194e-12,-1.5563728084089234e-12,-1.5558043742203154e-12
200,200,down,2.0,0.98,-2.400469574700044e-07,-2.4004695948320886e-07,-2.4004695627392416e-07
200,200,fresh,0.0,0.99,1.4741911395314371e-15,1.2752669290942245e-15,1.6492455549392085e-15
200,200,fresh,0.5,0.99,2.065316496898303e-09,1.8863775204010684e-09,2.236881212411279e-09
200,200,fresh,2.0,0.99,8.876904692115921e-06,7.810055357571777e-06,9.804189899285736e-06
200,200,up,0.0,0.99,2.5535129566378603e-16,2.5535129566378603e-16,2.5535129566378603e-16
200,200,up,0.5,0.99,3.643424741535857e-10,3.643424739685485e-10,3.6434247452366e-10
200,200,up,2.0,0.99,1.722341954786636e-06,1.7223419547862661e-06,1.7223419547873764e-06
200,200,down,0.0,0.99,0.0,0.0,0.0
200,200,down,0.5,0.99,-3.6303428411580777e-10,-3.630345683329021e-10,-3.630339998987134e-10
200,200,down,2.0,0.99,-1.7168446523048904e-06,-1.7181395883270055e-06,-1.7161012131102399e-06
200,200,fresh,0.0,0.995,4.031869837994862e-12,3.5791259585712007e-12,4.415025715391134e-12
200,200,fresh,0.5,0.995,9.023302032432991e-08,8.456474657209575e-08,9.559822220470139e-08
200,200,fresh,2.0,0.995,3.363805997282513e-05,3.0626777071108904e-05,3.62341405693338e-05
200,200,up,0.0,0.995,7.268363688694989e-13,7.268363688694989e-13,7.268363688694989e-13
200,200,up,0.5,0.995,1.5810446720165855e-08,1.581044671850052e-08,1.581044672349652e-08
200,200,up,2.0,0.995,6.234502929635029e-06,6.234502929634012e-06,6.234502929637065e-06
200,200,down,0.0,0.995,-3.826888435772465e-12,-3.845836242059401e-12,-3.808125370596826e-12
200,200,down,0.5,0.995,-7.858836710283868e-08,-8.131935846004504e-08,-7.619653920680018e-08
200,200,down,2.0,0.995,-2.9094391072135293e-05,-4.254960142404229e-05,-2.1334765419619355e-05
200,200,fresh,0.0,1.0,4.96305116716067e-05,4.889022922664801e-05,5.015003138313878e-05
200,200,fresh,0.5,1.0,9.965208564220729e-05,9.866464920363047e-05,0.00010055981681913412
200,200,fresh,2.0,1.0,0.0002414597154476631,0.0002333709955135384,0.0002483921571632175
200,200,up,0.0,1.0,4.329700879626807e-05,4.329700879626807e-05,4.329700879626807e-05
200,200,up,0.5,1.0,7.577875477211274e-05,7.577875477211143e-05,7.577875477211337e-05
200,200,up,2.0,1.0,0.00013340638929896888,0.00013340638929896866,0.00013340638929896896
200,200,down,0.0,1.0,4.198654329684359e-05,3.528495923210547e-05,4.9854987692498305e-05
200,200,down,0.5,1.0,6.843795033063317e-05,4.153600080136973e-05,9.748251340554503e-05
200,200,down,2.0,1.0,0.000253842712097736,0.0001568345514732279,0.000374774257160657
200,200,fresh,0.0,1.005,0.18956747600993687,0.1895025644532781,0.18963449661221446
200,200,fresh,0.5,1.005,0.10813869813423167,0.0926667135922541,0.12352512386346522
200,200,fresh,2.0,1.005,0.04850791159808113,0.0407068213057233,0.056307151121787906
200,200,up,0.0,1.005,0.18999424092538728,0.18999424092538728,0.18999424092538728
200,200,up,0.5,1.005,0.06813186581791515,0.06813186581791508,0.06813186581791518
200,200,up,2.0,1.005,0.0049139295660562765,0.004913929566056268,0.00491392956605628
200,200,down,0.0,1.005,0.19190965988323774,0.1899052230386376,0.19530444074987316
200,200,down,0.5,1.005,0.057477976405125836,0.05192849543285269,0.0615477054681679
200,200,down,2.0,1.005,0.01913252871561652,0.012667814398857086,0.025598615947301548
200,200,fresh,0.0,1.01,0.29638524201715405,0.29136572836859265,0.3006759383266939
200,200,fresh,0.5,1.01,0.111649633856143,0.09615622189186254,0.12710183988190246
200,200,fresh,2.0,1.01,0.04574108582230731,0.03610791989610592,0.05517978190888935
200,200,up,0.0,1.01,0.25470160596289787,0.25470160596289787,0.25470160596289787
200,200,up,0.5,1.01,0.18193237863638875,0.18193237863638853,0.1819323786363892
200,200,up,2.0,1.01,0.0623956148558095,0.0623956148558095,0.0623956148558095
200,200,down,0.0,1.01,0.28158829637169674,0.27112899558882925,0.2922228985986642
200,200,down,0.5,1.01,0.08283336225981296,0.07385759310581093,0.09248536741725184
200,200,down,2.0,1.01,0.03084462543325543,0.030517675039389593,0.031100743781893224
200,200,fresh,0.0,1.02,0.38274623992794393,0.38024946698781237,0.387254289544027
200,200,fresh,0.5,1.02,0.1713318040895125,0.15107836418630402,0.1909450231044082
200,200,fresh,2.0,1.02,0.05442338030529902,0.04688050831743812,0.06188889929181513
200,200,up,0.0,1.02,0.3805236253625566,0.3805236253625566,0.3805236253625566
200,200,up,0.5,1.02,0.1897919290439433,0.18979192904394324,0.18979192904394337
200,200,up,2.0,1.02,0.10907569778883723,0.1090756977888346,0.10907569778883854
200,200,down,0.0,1.02,0.39999620819041265,0.39134814228392467,0.40932256580355464
200,200,down,0.5,1.02,0.13221692389700043,0.11684511679025729,0.1496899013882071
200,200,down,2.0,1.02,0.0384893501295854,0.034928201190885244,0.04316210532765488
200,200,fresh,0.0,1.05,0.6319823726845372,0.6314523623912055,0.632651155120449
200,200,fresh,0.5,1.05,0.28455853275118953,0.25220168762684403,0.3157126104133179
200,200,fresh,2.0,1.05,0.10470050902792984,0.08941567282907845,0.119423675292347
200,200,up,0.0,1.05,0.6383317032230726,0.6383317032230726,0.6383317032230726
200,200,up,0.5,1.05,0.31553276077086684,0.3155327607708666,0.31553276077086695
200,200,up,2.0,1.05,0.1283580180524931,0.12835801805249272,0.12835801805249383
200,200,down,0.0,1.05,0.6418163406613909,0.6372158505213077,0.6468609785577814
200,200,down,0.5,1.05,0.2257909149040294,0.20107199693008376,0.2540378478656183
200,200,down,2.0,1.05,0.06981466659501388,0.06649559750155926,0.07400541315646532
200,200,fresh,0.0,1.1,0.9315892761006995,0.9286374058785123,0.933955010529028
200,200,fresh,0.5,1.1,0.4052719917279244,0.3681608727383947,0.44116293630646664
200,200,fresh,2.0,1.1,0.15487787850848178,0.13606469065216295,0.17266453895584888
200,200,up,0.0,1.1,0.92900441360869,0.92900441360869,0.92900441360869
200,200,up,0.5,1.1,0.4733549367182657,0.47335493671826545,0.4733549367182663
200,200,up,2.0,1.1,0.17251904459195389,0.17251904459195308,0.1725190445919543
200,200,down,0.0,1.1,0.9099732048786452,0.9032016984356044,0.9167458047006266
200,200,down,0.5,1.1,0.3356597793462252,0.30481249982834774,0.3707021461505017
200,200,down,2.0,1.1,0.11467813144079701,0.11015469129074908,0.11915905748935379
200,200,fresh,0.0,1.2,1.3282218706518845,1.3260995975012428,1.330544429495316
200,200,fresh,0.5,1.2,0.612564586175207,0.5733967860194524,0.6472047617928688
200,200,fresh,2.0,1.2,0.22623276699082273,0.203425049102666,0.24753185157251614
200,200,up,0.0,1.2,1.3228926044584421,1.3228926044584421,1.3228926044584421
200,200,up,0.5,1.2,0.677022922403523,0.6770229224035225,0.6770229224035234
200,200,up,2.0,1.2,0.2568955403459385,0.25689554034593826,0.2568955403459386
200,200,down,0.0,1.2,1.3242304999493293,1.3222082978462502,1.3270986948104821
200,200,down,0.5,1.2,0.5572297397027778,0.5110573383078025,0.6003357167986492
200,200,down,2.0,1.2,0.19098720821276602,0.17005944217747565,0.21581317738637826
200,200,fresh,0.0,1.5,2.242457552612175,2.239493963301408,2.245159695851031
200,200,fresh,0.5,1.5,1.0639699843133363,1.0220306359446083,1.0981625655999911
200,200,fresh,2.0,1.5,0.4006538191535962,0.37029791205094686,0.4291079828100847
200,200,up,0.0,1.5,2.235522318169017,2.235522318169017,2.235522318169017
200,200,up,0.5,1.5,1.114044328354307,1.1140443283543064,1.1140443283543078
200,200,up,2.0,1.5,0.44382387312636734,0.443823873126367,0.44382387312636756
200,200,down,0.0,1.5,2.242322376329138,2.2378826054095153,2.2457938332441594
200,200,down,0.5,1.5,1.0249386476906106,0.9702360183690604,1.0751571521836256
200,200,down,2.0,1.5,0.3707951881340375,0.33711816860565375,0.4063674369009665
200,200,fresh,0.0,2.0,3.4649232052736285,3.4636738828254265,3.466209602544524
200,200,fresh,0.5,2.0,1.675539430459749,1.636527229983151,1.7078015433379834
200,200,fresh,2.0,2.0,0.6356094358907717,0.6016323062424811,0.6680694073177323
200,200,up,0.0,2.0,3.46309989284878,3.46309989284878,3.46309989284878
200,200,up,0.5,2.0,1.7405728586817613,1.7405728586817537,1.7405728586817648
200,200,up,2.0,2.0,0.6924377021637173,0.6924377021637166,0.6924377021637184
200,200,down,0.0,2.0,3.464923205273522,3.4636738828253457,3.4662096025443487
200,200,down,0.5,2.0,1.6755394304597386,1.6365272299831333,1.707801543337974
200,200,down,2.0,2.0,0.6356094358907777,0.6016323062424896,0.6680694073177523
