seed,coupling,variant,arm,transitions,saddle_neighborhood_visits,transitions_between_saddle_visits,mean_complete_dominance_duration,max_complete_dominance_duration,last_interval_right_censored,final_log_min
2024,0.8,cycle,base,22,0,0,8.347619047619048,8.400000000000006,True,-1.0153178689983584
2024,0.8,cycle,perturbed,22,0,0,8.347619047619048,8.400000000000006,True,-1.015285646114797
2025,0.8,cycle,base,22,0,0,8.347619047619048,8.400000000000006,True,-1.0153142015921448
2025,0.8,cycle,perturbed,22,0,0,8.347619047619048,8.400000000000006,True,-1.0152795991446928
2026,0.8,cycle,base,21,0,0,8.345,8.400000000000006,True,-1.0153202412331128
2026,0.8,cycle,perturbed,21,0,0,8.345000000000002,8.400000000000006,True,-1.0152892214993634
2027,0.8,cycle,base,22,0,0,8.366666666666667,8.6,True,-1.0154161436282072
2027,0.8,cycle,perturbed,22,0,0,8.366666666666665,8.6,True,-1.0153819063999854
2028,0.8,cycle,base,22,0,0,8.347619047619048,8.400000000000006,True,-1.0152828384357575
2028,0.8,cycle,perturbed,21,0,0,8.345,8.400000000000006,True,-1.015272570441549
2029,0.8,cycle,base,21,0,0,8.36,8.500000000000002,True,-1.015425188407209
2029,0.8,cycle,perturbed,21,0,0,8.360000000000001,8.5,True,-1.0153993906754526
2030,0.8,cycle,base,21,0,0,8.345,8.400000000000006,True,-1.0153004174557596
2030,0.8,cycle,perturbed,22,0,0,8.342857142857143,8.400000000000006,True,-1.0152661252941633
2031,0.8,cycle,base,22,0,0,8.347619047619048,8.400000000000006,True,-1.0152936690094503
2031,0.8,cycle,perturbed,21,0,0,8.345,8.400000000000006,True,-1.0152928918792536
2024,0.0,cycle,base,1,0,0,,,True,-5.4692584550837414e-17
2024,0.0,cycle,perturbed,0,0,0,,,True,-5.4496295507214155e-17
2025,0.0,cycle,base,1,0,0,,,True,-5.385977054879556e-17
2025,0.0,cycle,perturbed,0,0,0,,,True,-5.476740976063199e-17
2026,0.0,cycle,base,0,0,0,,,True,-5.49305004751597e-17
2026,0.0,cycle,perturbed,0,0,0,,,True,-4.8893201218016714e-17
2027,0.0,cycle,base,0,0,0,,,True,-5.504005695733337e-17
2027,0.0,cycle,perturbed,0,0,0,,,True,-5.407472692292019e-17
2028,0.0,cycle,base,1,0,0,,,True,-5.386347742533936e-17
2028,0.0,cycle,perturbed,0,0,0,,,True,-5.4924943378148396e-17
2029,0.0,cycle,base,1,0,0,,,True,-5.443320748834361e-17
2029,0.0,cycle,perturbed,0,0,0,,,True,-5.140575412154559e-17
2030,0.0,cycle,base,1,0,0,,,True,-5.5466116943785356e-17
2030,0.0,cycle,perturbed,0,0,0,,,True,-5.469721421403794e-17
2031,0.0,cycle,base,1,0,0,,,True,-5.5424643901709216e-17
2031,0.0,cycle,perturbed,0,0,0,,,True,-5.337084553339162e-17
2024,1.2,cycle,base,3,4,3,60.10000000000001,88.60000000000002,True,-63.55461245188902
2024,1.2,cycle,perturbed,3,4,3,56.050000000000004,82.30000000000001,True,-55.39135721476006
2025,1.2,cycle,base,3,4,3,61.199999999999996,90.19999999999999,True,-66.19835851237126
2025,1.2,cycle,perturbed,3,4,3,56.8,83.5,True,-57.38521321142493
2026,1.2,cycle,base,3,3,2,36.25,52.0,True,-97.64910202981731
2026,1.2,cycle,perturbed,2,3,2,52.599999999999994,52.599999999999994,True,-97.3961165927376
2027,1.2,cycle,base,2,3,2,56.4,56.4,True,-96.93184541204563
2027,1.2,cycle,perturbed,2,3,2,54.099999999999994,54.099999999999994,True,-99.70362292975014
2028,1.2,cycle,base,3,3,2,29.6,41.7,True,-105.60049126395384
2028,1.2,cycle,perturbed,4,4,3,55.6,111.60000000000002,True,-96.40333926595665
2029,1.2,cycle,base,3,4,3,79.55000000000001,118.30000000000001,True,-101.07714908489716
2029,1.2,cycle,perturbed,3,4,3,76.55,113.8,True,-94.94495207542104
2030,1.2,cycle,base,3,4,3,48.25000000000001,70.30000000000001,True,-68.06740271847376
2030,1.2,cycle,perturbed,3,4,3,44.25,64.3,True,-75.97776462239723
2031,1.2,cycle,base,3,3,2,42.7,61.9,True,-81.22604077622358
2031,1.2,cycle,perturbed,3,3,2,40.0,57.7,True,-86.84505005347164
2000,1.0,cycle,base,7,6,5,29.36666666666667,56.60000000000001,True,-31.343111221667797
2000,1.0,cycle,perturbed,7,6,5,29.850000000000005,57.70000000000002,True,-32.42314723070803
2001,1.0,cycle,base,9,6,5,17.975,37.89999999999999,True,-18.169160316689272
2001,1.0,cycle,perturbed,10,7,6,18.866666666666667,44.0,True,-22.97404716825875
2002,1.0,cycle,base,12,6,5,15.254545454545456,37.599999999999994,True,-17.472280888172325
2002,1.0,cycle,perturbed,12,6,5,15.200000000000001,37.400000000000006,True,-16.586128429383205
2003,1.0,cycle,base,8,6,5,20.457142857142856,40.8,True,-17.696416191158818
2003,1.0,cycle,perturbed,8,6,5,18.1,34.900000000000006,True,-26.947520185463862
2004,1.0,cycle,base,8,7,6,21.571428571428573,43.60000000000002,True,-16.327161413542907
2004,1.0,cycle,perturbed,8,6,5,19.071428571428573,37.400000000000006,True,-23.50223625686241
2005,1.0,cycle,base,11,6,5,17.1,41.5,True,-21.810926936453424
2005,1.0,cycle,perturbed,11,6,5,14.739999999999998,33.29999999999998,True,-17.292129131009975
2006,1.0,cycle,base,8,6,5,20.042857142857144,39.79999999999998,True,-19.068908649280747
2006,1.0,cycle,perturbed,9,6,5,21.2875,47.20000000000002,True,-25.832419958512396
2007,1.0,cycle,base,8,7,6,23.157142857142862,47.60000000000002,True,-23.489007278317693
2007,1.0,cycle,perturbed,8,6,5,20.47142857142857,40.900000000000006,True,-17.083868044794393
2008,1.0,cycle,base,13,6,5,13.425000000000002,32.5,True,-11.628383008747969
2008,1.0,cycle,perturbed,13,6,5,13.908333333333337,34.60000000000002,True,-14.497574317237985
2009,1.0,cycle,base,7,6,5,22.033333333333335,40.400000000000006,True,-25.00214714662093
2009,1.0,cycle,perturbed,8,6,5,24.842857142857145,51.8,True,-28.89229235110395
2010,1.0,cycle,base,9,7,6,20.925,46.19999999999999,True,-24.678430101167308
2010,1.0,cycle,perturbed,9,6,5,17.7125,37.099999999999994,True,-17.913037075428168
2011,1.0,cycle,base,8,6,5,20.157142857142862,40.10000000000001,True,-19.905011892551805
2011,1.0,cycle,perturbed,8,6,5,18.271428571428572,35.400000000000006,True,-27.298193691150736
2012,1.0,cycle,base,8,7,6,23.900000000000002,49.5,True,-26.77922822673592
2012,1.0,cycle,perturbed,8,7,6,21.171428571428574,42.60000000000001,True,-14.95899566334027
2013,1.0,cycle,base,13,5,4,14.424999999999999,36.70000000000002,True,-19.54570111118697
2013,1.0,cycle,perturbed,13,5,4,12.0,26.60000000000001,True,-19.15721558664628
2014,1.0,cycle,base,8,7,6,23.45714285714286,48.400000000000006,True,-24.454942972582245
2014,1.0,cycle,perturbed,8,6,5,20.914285714285715,42.0,True,-15.828722862642135
2015,1.0,cycle,base,8,7,6,22.928571428571427,47.0,True,-22.473611429175183
2015,1.0,cycle,perturbed,8,6,5,20.285714285714285,40.400000000000006,True,-17.999328579355094
2016,1.0,cycle,base,8,7,6,23.485714285714284,48.39999999999999,True,-22.390394558014307
2016,1.0,cycle,perturbed,8,7,6,23.400000000000002,48.2,True,-21.758911176886354
2017,1.0,cycle,base,10,6,5,15.08888888888889,32.099999999999994,True,-24.105859244359916
2017,1.0,cycle,perturbed,11,6,5,17.509999999999998,42.900000000000006,True,-23.04469386615292
2018,1.0,cycle,base,7,7,6,25.566666666666674,48.2,True,-21.415204478452736
2018,1.0,cycle,perturbed,7,7,6,23.283333333333335,43.20000000000002,True,-17.826159275242816
2019,1.0,cycle,base,8,6,5,18.571428571428573,36.10000000000001,True,-25.480379480699973
2019,1.0,cycle,perturbed,9,6,5,19.575000000000003,42.400000000000006,True,-17.47711556721522
2020,1.0,cycle,base,10,6,5,16.17777777777778,35.5,True,-20.136568773394124
2020,1.0,cycle,perturbed,9,6,5,18.6125,39.60000000000001,True,-13.528672896114703
2021,1.0,cycle,base,11,6,5,14.370000000000001,32.0,True,-20.695375204625662
2021,1.0,cycle,perturbed,11,6,5,15.13,34.7,True,-16.82290622561849
2022,1.0,cycle,base,7,6,5,21.21666666666667,38.60000000000001,True,-29.796598060981786
2022,1.0,cycle,perturbed,7,6,5,21.2,38.599999999999994,True,-30.04565986441403
2023,1.0,cycle,base,10,6,5,16.644444444444446,37.0,True,-17.671138143532435
2023,1.0,cycle,perturbed,9,6,5,19.212500000000002,41.40000000000002,True,-16.335128846262
2024,1.0,cycle,base,8,6,5,19.314285714285713,38.0,True,-24.911990188323152
2024,1.0,cycle,perturbed,8,6,5,18.67142857142857,36.29999999999998,True,-27.589202614322033
2025,1.0,cycle,base,9,7,6,21.225,47.000000000000014,True,-24.526925588713016
2025,1.0,cycle,perturbed,9,6,5,19.549999999999997,42.3,True,-16.068537790416606
2026,1.0,cycle,base,8,7,6,22.642857142857142,46.3,True,-21.04758602401917
2026,1.0,cycle,perturbed,8,6,5,20.057142857142857,39.900000000000006,True,-19.21586378613517
2027,1.0,cycle,base,7,6,5,29.099999999999998,56.0,True,-31.429802750760526
2027,1.0,cycle,perturbed,7,7,6,27.51666666666667,52.5,True,-26.15235354012051
2028,1.0,cycle,base,10,6,5,16.166666666666668,35.5,True,-18.98291370868645
2028,1.0,cycle,perturbed,10,6,5,15.711111111111116,34.000000000000014,True,-21.963437078181492
2029,1.0,cycle,base,6,7,6,31.180000000000007,53.900000000000006,True,-26.300467469900006
2029,1.0,cycle,perturbed,6,7,6,29.28000000000001,50.2,True,-20.148893305819673
2030,1.0,cycle,base,9,6,5,17.6,36.80000000000001,True,-20.822780003397348
2030,1.0,cycle,perturbed,10,6,5,19.28888888888889,45.30000000000001,True,-24.595975058523287
2031,1.0,cycle,base,9,6,5,18.375,38.999999999999986,True,-18.48694434100373
2031,1.0,cycle,perturbed,9,6,5,18.375,39.0,True,-18.89008136519617
2032,1.0,cycle,base,12,6,5,14.172727272727274,33.5,True,-13.212452718837007
2032,1.0,cycle,perturbed,12,6,5,14.836363636363638,36.099999999999994,True,-13.886311226251602
2033,1.0,cycle,base,6,6,5,24.96,41.900000000000006,True,-26.460113307899896
2033,1.0,cycle,perturbed,6,6,5,23.160000000000004,38.400000000000006,True,-30.413474205986844
2034,1.0,cycle,base,7,7,6,28.983333333333334,55.69999999999999,True,-30.14045555552249
2034,1.0,cycle,perturbed,7,6,5,29.483333333333334,56.89999999999999,True,-31.55684388738448
2035,1.0,cycle,base,7,7,6,24.116666666666664,45.0,True,-15.828154628881283
2035,1.0,cycle,perturbed,7,6,5,21.933333333333334,40.19999999999999,True,-23.9190320728687
2024,1.0,edge_removed,base,0,0,0,,,True,-167.75274992033346
2024,1.0,edge_removed,perturbed,0,0,0,,,True,-167.87274992247643
2025,1.0,edge_removed,base,0,0,0,,,True,-167.3820684897057
2025,1.0,edge_removed,perturbed,0,0,0,,,True,-167.5020684928096
2026,1.0,edge_removed,base,0,0,0,,,True,-166.00915479069945
2026,1.0,edge_removed,perturbed,0,0,0,,,True,-166.12915480295425
2027,1.0,edge_removed,base,0,0,0,,,True,-165.81140628105837
2027,1.0,edge_removed,perturbed,0,0,0,,,True,-165.9314062960031
2028,1.0,edge_removed,base,0,0,0,,,True,-166.32543545274933
2028,1.0,edge_removed,perturbed,0,0,0,,,True,-166.4454354616788
2029,1.0,edge_removed,base,0,0,0,,,True,-167.00316864020164
2029,1.0,edge_removed,perturbed,0,0,0,,,True,-167.12316864472808
2030,1.0,edge_removed,base,0,0,0,,,True,-166.38050805386362
2030,1.0,edge_removed,perturbed,0,0,0,,,True,-166.50050806231584
2031,1.0,edge_removed,base,0,0,0,,,True,-165.82602160776975
2031,1.0,edge_removed,perturbed,0,0,0,,,True,-165.94602162247304
2024,1.0,row_reversed,base,0,0,0,,,True,-75.24071903440854
2024,1.0,row_reversed,perturbed,0,0,0,,,True,-75.12821903440648
2025,1.0,row_reversed,base,0,0,0,,,True,-72.5219241846828
2025,1.0,row_reversed,perturbed,0,0,0,,,True,-72.40942418468127
2026,1.0,row_reversed,base,0,1,0,,,True,-117.81479376256621
2026,1.0,row_reversed,perturbed,0,1,0,,,True,-117.61476232132642
2027,1.0,row_reversed,base,0,1,0,,,True,-116.20612528719329
2027,1.0,row_reversed,perturbed,0,1,0,,,True,-116.00596842802904
2028,1.0,row_reversed,base,0,1,0,,,True,-117.45449026645292
2028,1.0,row_reversed,perturbed,0,1,0,,,True,-117.25656988889168
2029,1.0,row_reversed,base,0,0,0,,,True,-75.62162581694017
2029,1.0,row_reversed,perturbed,0,0,0,,,True,-75.50912581693797
2030,1.0,row_reversed,base,0,1,0,,,True,-117.87417903680254
2030,1.0,row_reversed,perturbed,0,1,0,,,True,-117.67414940708264
2031,1.0,row_reversed,base,0,1,0,,,True,-118.58125573378918
2031,1.0,row_reversed,perturbed,0,1,0,,,True,-118.4050856274698
