seed,coupling,variant,arm,state,start,duration,left_censored,right_censored,next_state
2000,1.0,cycle,base,2,0.0,0.6000000000000001,True,False,0
2000,1.0,cycle,base,0,0.6000000000000001,13.100000000000001,False,False,1
2000,1.0,cycle,base,1,13.700000000000001,16.5,False,False,2
2000,1.0,cycle,base,2,30.200000000000003,21.299999999999997,False,False,0
2000,1.0,cycle,base,0,51.5,28.80000000000001,False,False,1
2000,1.0,cycle,base,1,80.30000000000001,39.89999999999999,False,False,2
2000,1.0,cycle,base,2,120.2,56.60000000000001,False,False,0
2000,1.0,cycle,base,0,176.8,3.1999999999999886,False,True,
2000,1.0,cycle,perturbed,2,0.0,0.1,True,False,0
2000,1.0,cycle,perturbed,0,0.1,13.200000000000001,False,False,1
2000,1.0,cycle,perturbed,1,13.3,16.7,False,False,2
2000,1.0,cycle,perturbed,2,30.0,21.6,False,False,0
2000,1.0,cycle,perturbed,0,51.6,29.300000000000004,False,False,1
2000,1.0,cycle,perturbed,1,80.9,40.599999999999994,False,False,2
2000,1.0,cycle,perturbed,2,121.5,57.70000000000002,False,False,0
2000,1.0,cycle,perturbed,0,179.20000000000002,0.799999999999983,False,True,
2001,1.0,cycle,base,2,0.0,5.300000000000001,True,False,0
2001,1.0,cycle,base,0,5.300000000000001,8.9,False,False,1
2001,1.0,cycle,base,1,14.200000000000001,9.700000000000001,False,False,2
2001,1.0,cycle,base,2,23.900000000000002,10.900000000000002,False,False,0
2001,1.0,cycle,base,0,34.800000000000004,12.799999999999997,False,False,1
2001,1.0,cycle,base,1,47.6,15.800000000000004,False,False,2
2001,1.0,cycle,base,2,63.400000000000006,20.400000000000006,False,False,0
2001,1.0,cycle,base,0,83.80000000000001,27.39999999999999,False,False,1
2001,1.0,cycle,base,1,111.2,37.89999999999999,False,False,2
2001,1.0,cycle,base,2,149.1,30.900000000000006,False,True,
2001,1.0,cycle,perturbed,2,0.0,4.6000000000000005,True,False,0
2001,1.0,cycle,perturbed,0,4.6000000000000005,8.7,False,False,1
2001,1.0,cycle,perturbed,1,13.3,9.2,False,False,2
2001,1.0,cycle,perturbed,2,22.5,10.100000000000001,False,False,0
2001,1.0,cycle,perturbed,0,32.6,11.600000000000001,False,False,1
2001,1.0,cycle,perturbed,1,44.2,14.0,False,False,2
2001,1.0,cycle,perturbed,2,58.2,17.599999999999994,False,False,0
2001,1.0,cycle,perturbed,0,75.8,23.10000000000001,False,False,1
2001,1.0,cycle,perturbed,1,98.9,31.5,False,False,2
2001,1.0,cycle,perturbed,2,130.4,44.0,False,False,0
2001,1.0,cycle,perturbed,0,174.4,5.599999999999994,False,True,
2002,1.0,cycle,base,0,0.0,2.1,True,False,1
2002,1.0,cycle,base,1,2.1,8.000000000000002,False,False,2
2002,1.0,cycle,base,2,10.100000000000001,8.2,False,False,0
2002,1.0,cycle,base,0,18.3,8.400000000000002,False,False,1
2002,1.0,cycle,base,1,26.700000000000003,9.0,False,False,2
2002,1.0,cycle,base,2,35.7,9.600000000000001,False,False,0
2002,1.0,cycle,base,0,45.300000000000004,10.899999999999999,False,False,1
2002,1.0,cycle,base,1,56.2,12.700000000000003,False,False,2
2002,1.0,cycle,base,2,68.9,15.799999999999997,False,False,0
2002,1.0,cycle,base,0,84.7,20.299999999999997,False,False,1
2002,1.0,cycle,base,1,105.0,27.30000000000001,False,False,2
2002,1.0,cycle,base,2,132.3,37.599999999999994,False,False,0
2002,1.0,cycle,base,0,169.9,10.099999999999994,False,True,
2002,1.0,cycle,perturbed,0,0.0,0.8,True,False,1
2002,1.0,cycle,perturbed,1,0.8,7.900000000000001,False,False,2
2002,1.0,cycle,perturbed,2,8.700000000000001,8.200000000000001,False,False,0
2002,1.0,cycle,perturbed,0,16.900000000000002,8.5,False,False,1
2002,1.0,cycle,perturbed,1,25.400000000000002,8.900000000000002,False,False,2
2002,1.0,cycle,perturbed,2,34.300000000000004,9.600000000000001,False,False,0
2002,1.0,cycle,perturbed,0,43.900000000000006,10.899999999999999,False,False,1
2002,1.0,cycle,perturbed,1,54.800000000000004,12.699999999999996,False,False,2
2002,1.0,cycle,perturbed,2,67.5,15.700000000000003,False,False,0
2002,1.0,cycle,perturbed,0,83.2,20.299999999999997,False,False,1
2002,1.0,cycle,perturbed,1,103.5,27.099999999999994,False,False,2
2002,1.0,cycle,perturbed,2,130.6,37.400000000000006,False,False,0
2002,1.0,cycle,perturbed,0,168.0,12.0,False,True,
2003,1.0,cycle,base,1,0.0,6.7,True,False,2
2003,1.0,cycle,base,2,6.7,9.900000000000002,False,False,0
2003,1.0,cycle,base,0,16.6,11.2,False,False,1
2003,1.0,cycle,base,1,27.8,13.400000000000002,False,False,2
2003,1.0,cycle,base,2,41.2,16.700000000000003,False,False,0
2003,1.0,cycle,base,0,57.900000000000006,21.799999999999997,False,False,1
2003,1.0,cycle,base,1,79.7,29.400000000000006,False,False,2
2003,1.0,cycle,base,2,109.10000000000001,40.8,False,False,0
2003,1.0,cycle,base,0,149.9,30.099999999999994,False,True,
2003,1.0,cycle,perturbed,1,0.0,6.2,True,False,2
2003,1.0,cycle,perturbed,2,6.2,9.5,False,False,0
2003,1.0,cycle,perturbed,0,15.700000000000001,10.500000000000002,False,False,1
2003,1.0,cycle,perturbed,1,26.200000000000003,12.299999999999997,False,False,2
2003,1.0,cycle,perturbed,2,38.5,14.900000000000006,False,False,0
2003,1.0,cycle,perturbed,0,53.400000000000006,19.099999999999994,False,False,1
2003,1.0,cycle,perturbed,1,72.5,25.5,False,False,2
2003,1.0,cycle,perturbed,2,98.0,34.900000000000006,False,False,0
2003,1.0,cycle,perturbed,0,132.9,47.099999999999994,False,True,
2004,1.0,cycle,base,2,0.0,7.1000000000000005,True,False,0
2004,1.0,cycle,base,0,7.1000000000000005,10.099999999999998,False,False,1
2004,1.0,cycle,base,1,17.2,11.600000000000001,False,False,2
2004,1.0,cycle,base,2,28.8,13.900000000000002,False,False,0
2004,1.0,cycle,base,0,42.7,17.5,False,False,1
2004,1.0,cycle,base,1,60.2,23.0,False,False,2
2004,1.0,cycle,base,2,83.2,31.299999999999997,False,False,0
2004,1.0,cycle,base,0,114.5,43.60000000000002,False,False,1
2004,1.0,cycle,base,1,158.10000000000002,21.899999999999977,False,True,
2004,1.0,cycle,perturbed,2,0.0,6.7,True,False,0
2004,1.0,cycle,perturbed,0,6.7,9.600000000000001,False,False,1
2004,1.0,cycle,perturbed,1,16.3,10.8,False,False,2
2004,1.0,cycle,perturbed,2,27.1,12.700000000000003,False,False,0
2004,1.0,cycle,perturbed,0,39.800000000000004,15.699999999999996,False,False,1
2004,1.0,cycle,perturbed,1,55.5,20.200000000000003,False,False,2
2004,1.0,cycle,perturbed,2,75.7,27.10000000000001,False,False,0
2004,1.0,cycle,perturbed,0,102.80000000000001,37.400000000000006,False,False,1
2004,1.0,cycle,perturbed,1,140.20000000000002,39.79999999999998,False,True,
2005,1.0,cycle,base,2,0.0,4.2,True,False,0
2005,1.0,cycle,base,0,4.2,8.3,False,False,1
2005,1.0,cycle,base,1,12.5,8.600000000000001,False,False,2
2005,1.0,cycle,base,2,21.1,9.100000000000001,False,False,0
2005,1.0,cycle,base,0,30.200000000000003,9.899999999999999,False,False,1
2005,1.0,cycle,base,1,40.1,11.300000000000004,False,False,2
2005,1.0,cycle,base,2,51.400000000000006,13.5,False,False,0
2005,1.0,cycle,base,0,64.9,16.900000000000006,False,False,1
2005,1.0,cycle,base,1,81.80000000000001,22.099999999999994,False,False,2
2005,1.0,cycle,base,2,103.9,29.80000000000001,False,False,0
2005,1.0,cycle,base,0,133.70000000000002,41.5,False,False,1
2005,1.0,cycle,base,1,175.20000000000002,4.799999999999983,False,True,
2005,1.0,cycle,perturbed,2,0.0,3.2,True,False,0
2005,1.0,cycle,perturbed,0,3.2,8.100000000000001,False,False,1
2005,1.0,cycle,perturbed,1,11.3,8.400000000000002,False,False,2
2005,1.0,cycle,perturbed,2,19.700000000000003,8.7,False,False,0
2005,1.0,cycle,perturbed,0,28.400000000000002,9.3,False,False,1
2005,1.0,cycle,perturbed,1,37.7,10.399999999999999,False,False,2
2005,1.0,cycle,perturbed,2,48.1,11.899999999999999,False,False,0
2005,1.0,cycle,perturbed,0,60.0,14.5,False,False,1
2005,1.0,cycle,perturbed,1,74.5,18.400000000000006,False,False,2
2005,1.0,cycle,perturbed,2,92.9,24.400000000000006,False,False,0
2005,1.0,cycle,perturbed,0,117.30000000000001,33.29999999999998,False,False,1
2005,1.0,cycle,perturbed,1,150.6,29.400000000000006,False,True,
2006,1.0,cycle,base,0,0.0,7.300000000000001,True,False,1
2006,1.0,cycle,base,1,7.300000000000001,9.8,False,False,2
2006,1.0,cycle,base,2,17.1,11.2,False,False,0
2006,1.0,cycle,base,0,28.3,13.100000000000005,False,False,1
2006,1.0,cycle,base,1,41.400000000000006,16.4,False,False,2
2006,1.0,cycle,base,2,57.800000000000004,21.300000000000004,False,False,0
2006,1.0,cycle,base,0,79.10000000000001,28.700000000000003,False,False,1
2006,1.0,cycle,base,1,107.80000000000001,39.79999999999998,False,False,2
2006,1.0,cycle,base,2,147.6,32.400000000000006,False,True,
2006,1.0,cycle,perturbed,0,0.0,6.9,True,False,1
2006,1.0,cycle,perturbed,1,6.9,9.299999999999999,False,False,2
2006,1.0,cycle,perturbed,2,16.2,10.400000000000002,False,False,0
2006,1.0,cycle,perturbed,0,26.6,12.0,False,False,1
2006,1.0,cycle,perturbed,1,38.6,14.600000000000001,False,False,2
2006,1.0,cycle,perturbed,2,53.2,18.599999999999994,False,False,0
2006,1.0,cycle,perturbed,0,71.8,24.60000000000001,False,False,1
2006,1.0,cycle,perturbed,1,96.4,33.599999999999994,False,False,2
2006,1.0,cycle,perturbed,2,130.0,47.20000000000002,False,False,0
2006,1.0,cycle,perturbed,0,177.20000000000002,2.799999999999983,False,True,
2007,1.0,cycle,base,0,0.0,8.0,True,False,1
2007,1.0,cycle,base,1,8.0,10.400000000000002,False,False,2
2007,1.0,cycle,base,2,18.400000000000002,12.099999999999998,False,False,0
2007,1.0,cycle,base,0,30.5,14.700000000000003,False,False,1
2007,1.0,cycle,base,1,45.2,18.6,False,False,2
2007,1.0,cycle,base,2,63.800000000000004,24.800000000000004,False,False,0
2007,1.0,cycle,base,0,88.60000000000001,33.89999999999999,False,False,1
2007,1.0,cycle,base,1,122.5,47.60000000000002,False,False,2
2007,1.0,cycle,base,2,170.10000000000002,9.899999999999977,False,True,
2007,1.0,cycle,perturbed,0,0.0,7.6000000000000005,True,False,1
2007,1.0,cycle,perturbed,1,7.6000000000000005,9.899999999999999,False,False,2
2007,1.0,cycle,perturbed,2,17.5,11.200000000000003,False,False,0
2007,1.0,cycle,perturbed,0,28.700000000000003,13.399999999999999,False,False,1
2007,1.0,cycle,perturbed,1,42.1,16.700000000000003,False,False,2
2007,1.0,cycle,perturbed,2,58.800000000000004,21.800000000000004,False,False,0
2007,1.0,cycle,perturbed,0,80.60000000000001,29.39999999999999,False,False,1
2007,1.0,cycle,perturbed,1,110.0,40.900000000000006,False,False,2
2007,1.0,cycle,perturbed,2,150.9,29.099999999999994,False,True,
2008,1.0,cycle,base,2,0.0,1.9000000000000001,True,False,0
2008,1.0,cycle,base,0,1.9000000000000001,7.9,False,False,1
2008,1.0,cycle,base,1,9.8,8.0,False,False,2
2008,1.0,cycle,base,2,17.8,8.100000000000001,False,False,0
2008,1.0,cycle,base,0,25.900000000000002,8.3,False,False,1
2008,1.0,cycle,base,1,34.2,8.700000000000003,False,False,2
2008,1.0,cycle,base,2,42.900000000000006,9.299999999999997,False,False,0
2008,1.0,cycle,base,0,52.2,10.200000000000003,False,False,1
2008,1.0,cycle,base,1,62.400000000000006,11.899999999999991,False,False,2
2008,1.0,cycle,base,2,74.3,14.200000000000003,False,False,0
2008,1.0,cycle,base,0,88.5,18.10000000000001,False,False,1
2008,1.0,cycle,base,1,106.60000000000001,23.89999999999999,False,False,2
2008,1.0,cycle,base,2,130.5,32.5,False,False,0
2008,1.0,cycle,base,0,163.0,17.0,False,True,
2008,1.0,cycle,perturbed,2,0.0,0.2,True,False,0
2008,1.0,cycle,perturbed,0,0.2,7.8999999999999995,False,False,1
2008,1.0,cycle,perturbed,1,8.1,7.9,False,False,2
2008,1.0,cycle,perturbed,2,16.0,8.200000000000003,False,False,0
2008,1.0,cycle,perturbed,0,24.200000000000003,8.399999999999999,False,False,1
2008,1.0,cycle,perturbed,1,32.6,8.700000000000003,False,False,2
2008,1.0,cycle,perturbed,2,41.300000000000004,9.5,False,False,0
2008,1.0,cycle,perturbed,0,50.800000000000004,10.5,False,False,1
2008,1.0,cycle,perturbed,1,61.300000000000004,12.199999999999996,False,False,2
2008,1.0,cycle,perturbed,2,73.5,14.800000000000011,False,False,0
2008,1.0,cycle,perturbed,0,88.30000000000001,19.0,False,False,1
2008,1.0,cycle,perturbed,1,107.30000000000001,25.19999999999999,False,False,2
2008,1.0,cycle,perturbed,2,132.5,34.60000000000002,False,False,0
2008,1.0,cycle,perturbed,0,167.10000000000002,12.899999999999977,False,True,
2009,1.0,cycle,base,1,0.0,5.5,True,False,2
2009,1.0,cycle,base,2,5.5,11.2,False,False,0
2009,1.0,cycle,base,0,16.7,13.3,False,False,1
2009,1.0,cycle,base,1,30.0,16.5,False,False,2
2009,1.0,cycle,base,2,46.5,21.60000000000001,False,False,0
2009,1.0,cycle,base,0,68.10000000000001,29.200000000000003,False,False,1
2009,1.0,cycle,base,1,97.30000000000001,40.400000000000006,False,False,2
2009,1.0,cycle,base,2,137.70000000000002,42.29999999999998,False,True,
2009,1.0,cycle,perturbed,1,0.0,5.0,True,False,2
2009,1.0,cycle,perturbed,2,5.0,10.700000000000001,False,False,0
2009,1.0,cycle,perturbed,0,15.700000000000001,12.6,False,False,1
2009,1.0,cycle,perturbed,1,28.3,15.500000000000004,False,False,2
2009,1.0,cycle,perturbed,2,43.800000000000004,19.9,False,False,0
2009,1.0,cycle,perturbed,0,63.7,26.700000000000003,False,False,1
2009,1.0,cycle,perturbed,1,90.4,36.7,False,False,2
2009,1.0,cycle,perturbed,2,127.10000000000001,51.8,False,False,0
2009,1.0,cycle,perturbed,0,178.9,1.0999999999999943,False,True,
2010,1.0,cycle,base,1,0.0,8.1,True,False,2
2010,1.0,cycle,base,2,8.1,9.4,False,False,0
2010,1.0,cycle,base,0,17.5,10.3,False,False,1
2010,1.0,cycle,base,1,27.8,11.8,False,False,2
2010,1.0,cycle,base,2,39.6,14.399999999999999,False,False,0
2010,1.0,cycle,base,0,54.0,18.299999999999997,False,False,1
2010,1.0,cycle,base,1,72.3,24.10000000000001,False,False,2
2010,1.0,cycle,base,2,96.4,32.900000000000006,False,False,0
2010,1.0,cycle,base,0,129.3,46.19999999999999,False,False,1
2010,1.0,cycle,base,1,175.5,4.5,False,True,
2010,1.0,cycle,perturbed,1,0.0,7.800000000000001,True,False,2
2010,1.0,cycle,perturbed,2,7.800000000000001,8.899999999999999,False,False,0
2010,1.0,cycle,perturbed,0,16.7,9.600000000000001,False,False,1
2010,1.0,cycle,perturbed,1,26.3,10.8,False,False,2
2010,1.0,cycle,perturbed,2,37.1,12.700000000000003,False,False,0
2010,1.0,cycle,perturbed,0,49.800000000000004,15.600000000000001,False,False,1
2010,1.0,cycle,perturbed,1,65.4,20.099999999999994,False,False,2
2010,1.0,cycle,perturbed,2,85.5,26.900000000000006,False,False,0
2010,1.0,cycle,perturbed,0,112.4,37.099999999999994,False,False,1
2010,1.0,cycle,perturbed,1,149.5,30.5,False,True,
2011,1.0,cycle,base,2,0.0,5.1000000000000005,True,False,0
2011,1.0,cycle,base,0,5.1000000000000005,9.8,False,False,1
2011,1.0,cycle,base,1,14.9,11.200000000000001,False,False,2
2011,1.0,cycle,base,2,26.1,13.200000000000003,False,False,0
2011,1.0,cycle,base,0,39.300000000000004,16.5,False,False,1
2011,1.0,cycle,base,1,55.800000000000004,21.4,False,False,2
2011,1.0,cycle,base,2,77.2,28.900000000000006,False,False,0
2011,1.0,cycle,base,0,106.10000000000001,40.10000000000001,False,False,1
2011,1.0,cycle,base,1,146.20000000000002,33.79999999999998,False,True,
2011,1.0,cycle,perturbed,2,0.0,4.5,True,False,0
2011,1.0,cycle,perturbed,0,4.5,9.5,False,False,1
2011,1.0,cycle,perturbed,1,14.0,10.600000000000001,False,False,2
2011,1.0,cycle,perturbed,2,24.6,12.299999999999997,False,False,0
2011,1.0,cycle,perturbed,0,36.9,15.100000000000001,False,False,1
2011,1.0,cycle,perturbed,1,52.0,19.299999999999997,False,False,2
2011,1.0,cycle,perturbed,2,71.3,25.700000000000003,False,False,0
2011,1.0,cycle,perturbed,0,97.0,35.400000000000006,False,False,1
2011,1.0,cycle,perturbed,1,132.4,47.599999999999994,False,True,
2012,1.0,cycle,base,2,0.0,8.5,True,False,0
2012,1.0,cycle,base,0,8.5,10.5,False,False,1
2012,1.0,cycle,base,1,19.0,12.3,False,False,2
2012,1.0,cycle,base,2,31.3,15.000000000000004,False,False,0
2012,1.0,cycle,base,0,46.300000000000004,19.300000000000004,False,False,1
2012,1.0,cycle,base,1,65.60000000000001,25.599999999999994,False,False,2
2012,1.0,cycle,base,2,91.2,35.10000000000001,False,False,0
2012,1.0,cycle,base,0,126.30000000000001,49.5,False,False,1
2012,1.0,cycle,base,1,175.8,4.199999999999989,False,True,
2012,1.0,cycle,perturbed,2,0.0,8.0,True,False,0
2012,1.0,cycle,perturbed,0,8.0,10.100000000000001,False,False,1
2012,1.0,cycle,perturbed,1,18.1,11.399999999999999,False,False,2
2012,1.0,cycle,perturbed,2,29.5,13.700000000000003,False,False,0
2012,1.0,cycle,perturbed,0,43.2,17.200000000000003,False,False,1
2012,1.0,cycle,perturbed,1,60.400000000000006,22.599999999999994,False,False,2
2012,1.0,cycle,perturbed,2,83.0,30.60000000000001,False,False,0
2012,1.0,cycle,perturbed,0,113.60000000000001,42.60000000000001,False,False,1
2012,1.0,cycle,perturbed,1,156.20000000000002,23.799999999999983,False,True,
2013,1.0,cycle,base,0,0.0,4.2,True,False,1
2013,1.0,cycle,base,1,4.2,7.900000000000001,False,False,2
2013,1.0,cycle,base,2,12.100000000000001,8.0,False,False,0
2013,1.0,cycle,base,0,20.1,8.2,False,False,1
2013,1.0,cycle,base,1,28.3,8.400000000000002,False,False,2
2013,1.0,cycle,base,2,36.7,8.899999999999999,False,False,0
2013,1.0,cycle,base,0,45.6,9.600000000000001,False,False,1
2013,1.0,cycle,base,1,55.2,10.700000000000003,False,False,2
2013,1.0,cycle,base,2,65.9,12.599999999999994,False,False,0
2013,1.0,cycle,base,0,78.5,15.5,False,False,1
2013,1.0,cycle,base,1,94.0,19.900000000000006,False,False,2
2013,1.0,cycle,base,2,113.9,26.69999999999999,False,False,0
2013,1.0,cycle,base,0,140.6,36.70000000000002,False,False,1
2013,1.0,cycle,base,1,177.3,2.6999999999999886,False,True,
2013,1.0,cycle,perturbed,0,0.0,2.3000000000000003,True,False,1
2013,1.0,cycle,perturbed,1,2.3000000000000003,7.9,False,False,2
2013,1.0,cycle,perturbed,2,10.200000000000001,7.9,False,False,0
2013,1.0,cycle,perturbed,0,18.1,8.0,False,False,1
2013,1.0,cycle,perturbed,1,26.1,8.100000000000001,False,False,2
2013,1.0,cycle,perturbed,2,34.2,8.5,False,False,0
2013,1.0,cycle,perturbed,0,42.7,8.899999999999999,False,False,1
2013,1.0,cycle,perturbed,1,51.6,9.5,False,False,2
2013,1.0,cycle,perturbed,2,61.1,10.800000000000004,False,False,0
2013,1.0,cycle,perturbed,0,71.9,12.5,False,False,1
2013,1.0,cycle,perturbed,1,84.4,15.5,False,False,2
2013,1.0,cycle,perturbed,2,99.9,19.799999999999997,False,False,0
2013,1.0,cycle,perturbed,0,119.7,26.60000000000001,False,False,1
2013,1.0,cycle,perturbed,1,146.3,33.69999999999999,False,True,
2014,1.0,cycle,base,0,0.0,7.1000000000000005,True,False,1
2014,1.0,cycle,base,1,7.1000000000000005,10.399999999999999,False,False,2
2014,1.0,cycle,base,2,17.5,12.200000000000003,False,False,0
2014,1.0,cycle,base,0,29.700000000000003,14.799999999999997,False,False,1
2014,1.0,cycle,base,1,44.5,18.900000000000006,False,False,2
2014,1.0,cycle,base,2,63.400000000000006,25.099999999999994,False,False,0
2014,1.0,cycle,base,0,88.5,34.400000000000006,False,False,1
2014,1.0,cycle,base,1,122.9,48.400000000000006,False,False,2
2014,1.0,cycle,base,2,171.3,8.699999999999989,False,True,
2014,1.0,cycle,perturbed,0,0.0,6.6000000000000005,True,False,1
2014,1.0,cycle,perturbed,1,6.6000000000000005,10.0,False,False,2
2014,1.0,cycle,perturbed,2,16.6,11.3,False,False,0
2014,1.0,cycle,perturbed,0,27.900000000000002,13.599999999999998,False,False,1
2014,1.0,cycle,perturbed,1,41.5,17.1,False,False,2
2014,1.0,cycle,perturbed,2,58.6,22.20000000000001,False,False,0
2014,1.0,cycle,perturbed,0,80.80000000000001,30.19999999999999,False,False,1
2014,1.0,cycle,perturbed,1,111.0,42.0,False,False,2
2014,1.0,cycle,perturbed,2,153.0,27.0,False,True,
2015,1.0,cycle,base,2,0.0,7.800000000000001,True,False,0
2015,1.0,cycle,base,0,7.800000000000001,10.399999999999999,False,False,1
2015,1.0,cycle,base,1,18.2,12.000000000000004,False,False,2
2015,1.0,cycle,base,2,30.200000000000003,14.600000000000001,False,False,0
2015,1.0,cycle,base,0,44.800000000000004,18.5,False,False,1
2015,1.0,cycle,base,1,63.300000000000004,24.500000000000007,False,False,2
2015,1.0,cycle,base,2,87.80000000000001,33.5,False,False,0
2015,1.0,cycle,base,0,121.30000000000001,47.0,False,False,1
2015,1.0,cycle,base,1,168.3,11.699999999999989,False,True,
2015,1.0,cycle,perturbed,2,0.0,7.4,True,False,0
2015,1.0,cycle,perturbed,0,7.4,9.9,False,False,1
2015,1.0,cycle,perturbed,1,17.3,11.100000000000001,False,False,2
2015,1.0,cycle,perturbed,2,28.400000000000002,13.3,False,False,0
2015,1.0,cycle,perturbed,0,41.7,16.6,False,False,1
2015,1.0,cycle,perturbed,1,58.300000000000004,21.6,False,False,2
2015,1.0,cycle,perturbed,2,79.9,29.099999999999994,False,False,0
2015,1.0,cycle,perturbed,0,109.0,40.400000000000006,False,False,1
2015,1.0,cycle,perturbed,1,149.4,30.599999999999994,False,True,
2016,1.0,cycle,base,2,0.0,1.6,True,False,0
2016,1.0,cycle,base,0,1.6,10.500000000000002,False,False,1
2016,1.0,cycle,base,1,12.100000000000001,12.100000000000001,False,False,2
2016,1.0,cycle,base,2,24.200000000000003,14.899999999999999,False,False,0
2016,1.0,cycle,base,0,39.1,18.9,False,False,1
2016,1.0,cycle,base,1,58.0,25.10000000000001,False,False,2
2016,1.0,cycle,base,2,83.10000000000001,34.5,False,False,0
2016,1.0,cycle,base,0,117.60000000000001,48.39999999999999,False,False,1
2016,1.0,cycle,base,1,166.0,14.0,False,True,
2016,1.0,cycle,perturbed,2,0.0,1.0,True,False,0
2016,1.0,cycle,perturbed,0,1.0,10.5,False,False,1
2016,1.0,cycle,perturbed,1,11.5,12.100000000000001,False,False,2
2016,1.0,cycle,perturbed,2,23.6,14.800000000000004,False,False,0
2016,1.0,cycle,perturbed,0,38.400000000000006,18.799999999999997,False,False,1
2016,1.0,cycle,perturbed,1,57.2,25.10000000000001,False,False,2
2016,1.0,cycle,perturbed,2,82.30000000000001,34.3,False,False,0
2016,1.0,cycle,perturbed,0,116.60000000000001,48.2,False,False,1
2016,1.0,cycle,perturbed,1,164.8,15.199999999999989,False,True,
2017,1.0,cycle,base,2,0.0,2.3000000000000003,True,False,0
2017,1.0,cycle,base,0,2.3000000000000003,8.3,False,False,1
2017,1.0,cycle,base,1,10.600000000000001,8.7,False,False,2
2017,1.0,cycle,base,2,19.3,9.2,False,False,0
2017,1.0,cycle,base,0,28.5,10.200000000000003,False,False,1
2017,1.0,cycle,base,1,38.7,11.799999999999997,False,False,2
2017,1.0,cycle,base,2,50.5,14.100000000000009,False,False,0
2017,1.0,cycle,base,0,64.60000000000001,17.89999999999999,False,False,1
2017,1.0,cycle,base,1,82.5,23.5,False,False,2
2017,1.0,cycle,base,2,106.0,32.099999999999994,False,False,0
2017,1.0,cycle,base,0,138.1,41.900000000000006,False,True,
2017,1.0,cycle,perturbed,2,0.0,1.3,True,False,0
2017,1.0,cycle,perturbed,0,1.3,8.3,False,False,1
2017,1.0,cycle,perturbed,1,9.600000000000001,8.599999999999998,False,False,2
2017,1.0,cycle,perturbed,2,18.2,9.100000000000001,False,False,0
2017,1.0,cycle,perturbed,0,27.3,10.099999999999998,False,False,1
2017,1.0,cycle,perturbed,1,37.4,11.500000000000007,False,False,2
2017,1.0,cycle,perturbed,2,48.900000000000006,13.799999999999997,False,False,0
2017,1.0,cycle,perturbed,0,62.7,17.299999999999997,False,False,1
2017,1.0,cycle,perturbed,1,80.0,22.700000000000003,False,False,2
2017,1.0,cycle,perturbed,2,102.7,30.799999999999997,False,False,0
2017,1.0,cycle,perturbed,0,133.5,42.900000000000006,False,False,1
2017,1.0,cycle,perturbed,1,176.4,3.5999999999999943,False,True,
2018,1.0,cycle,base,2,0.0,10.4,True,False,0
2018,1.0,cycle,base,0,10.4,12.1,False,False,1
2018,1.0,cycle,base,1,22.5,14.800000000000004,False,False,2
2018,1.0,cycle,base,2,37.300000000000004,18.9,False,False,0
2018,1.0,cycle,base,0,56.2,25.0,False,False,1
2018,1.0,cycle,base,1,81.2,34.400000000000006,False,False,2
2018,1.0,cycle,base,2,115.60000000000001,48.2,False,False,0
2018,1.0,cycle,base,0,163.8,16.19999999999999,False,True,
2018,1.0,cycle,perturbed,2,0.0,10.0,True,False,0
2018,1.0,cycle,perturbed,0,10.0,11.5,False,False,1
2018,1.0,cycle,perturbed,1,21.5,13.800000000000004,False,False,2
2018,1.0,cycle,perturbed,2,35.300000000000004,17.4,False,False,0
2018,1.0,cycle,perturbed,0,52.7,22.799999999999997,False,False,1
2018,1.0,cycle,perturbed,1,75.5,31.0,False,False,2
2018,1.0,cycle,perturbed,2,106.5,43.20000000000002,False,False,0
2018,1.0,cycle,perturbed,0,149.70000000000002,30.299999999999983,False,True,
2019,1.0,cycle,base,1,0.0,6.7,True,False,2
2019,1.0,cycle,base,2,6.7,9.5,False,False,0
2019,1.0,cycle,base,0,16.2,10.700000000000003,False,False,1
2019,1.0,cycle,base,1,26.900000000000002,12.500000000000004,False,False,2
2019,1.0,cycle,base,2,39.400000000000006,15.299999999999997,False,False,0
2019,1.0,cycle,base,0,54.7,19.700000000000003,False,False,1
2019,1.0,cycle,base,1,74.4,26.200000000000003,False,False,2
2019,1.0,cycle,base,2,100.60000000000001,36.10000000000001,False,False,0
2019,1.0,cycle,base,0,136.70000000000002,43.29999999999998,False,True,
2019,1.0,cycle,perturbed,1,0.0,6.2,True,False,2
2019,1.0,cycle,perturbed,2,6.2,9.100000000000001,False,False,0
2019,1.0,cycle,perturbed,0,15.3,10.0,False,False,1
2019,1.0,cycle,perturbed,1,25.3,11.500000000000004,False,False,2
2019,1.0,cycle,perturbed,2,36.800000000000004,13.600000000000001,False,False,0
2019,1.0,cycle,perturbed,0,50.400000000000006,17.200000000000003,False,False,1
2019,1.0,cycle,perturbed,1,67.60000000000001,22.39999999999999,False,False,2
2019,1.0,cycle,perturbed,2,90.0,30.400000000000006,False,False,0
2019,1.0,cycle,perturbed,0,120.4,42.400000000000006,False,False,1
2019,1.0,cycle,perturbed,1,162.8,17.19999999999999,False,True,
2020,1.0,cycle,base,1,0.0,0.2,True,False,2
2020,1.0,cycle,base,2,0.2,8.4,False,False,0
2020,1.0,cycle,base,0,8.6,8.800000000000002,False,False,1
2020,1.0,cycle,base,1,17.400000000000002,9.5,False,False,2
2020,1.0,cycle,base,2,26.900000000000002,10.599999999999998,False,False,0
2020,1.0,cycle,base,0,37.5,12.400000000000006,False,False,1
2020,1.0,cycle,base,1,49.900000000000006,15.099999999999994,False,False,2
2020,1.0,cycle,base,2,65.0,19.400000000000006,False,False,0
2020,1.0,cycle,base,0,84.4,25.900000000000006,False,False,1
2020,1.0,cycle,base,1,110.30000000000001,35.5,False,False,2
2020,1.0,cycle,base,2,145.8,34.19999999999999,False,True,
2020,1.0,cycle,perturbed,2,0.0,7.9,True,False,0
2020,1.0,cycle,perturbed,0,7.9,9.000000000000002,False,False,1
2020,1.0,cycle,perturbed,1,16.900000000000002,9.8,False,False,2
2020,1.0,cycle,perturbed,2,26.700000000000003,11.100000000000001,False,False,0
2020,1.0,cycle,perturbed,0,37.800000000000004,13.199999999999996,False,False,1
2020,1.0,cycle,perturbed,1,51.0,16.299999999999997,False,False,2
2020,1.0,cycle,perturbed,2,67.3,21.30000000000001,False,False,0
2020,1.0,cycle,perturbed,0,88.60000000000001,28.599999999999994,False,False,1
2020,1.0,cycle,perturbed,1,117.2,39.60000000000001,False,False,2
2020,1.0,cycle,perturbed,2,156.8,23.19999999999999,False,True,
2021,1.0,cycle,base,0,0.0,1.1,True,False,1
2021,1.0,cycle,base,1,1.1,8.100000000000001,False,False,2
2021,1.0,cycle,base,2,9.200000000000001,8.299999999999999,False,False,0
2021,1.0,cycle,base,0,17.5,8.700000000000003,False,False,1
2021,1.0,cycle,base,1,26.200000000000003,9.199999999999996,False,False,2
2021,1.0,cycle,base,2,35.4,10.200000000000003,False,False,0
2021,1.0,cycle,base,0,45.6,11.800000000000004,False,False,1
2021,1.0,cycle,base,1,57.400000000000006,14.099999999999994,False,False,2
2021,1.0,cycle,base,2,71.5,17.80000000000001,False,False,0
2021,1.0,cycle,base,0,89.30000000000001,23.5,False,False,1
2021,1.0,cycle,base,1,112.80000000000001,32.0,False,False,2
2021,1.0,cycle,base,2,144.8,35.19999999999999,False,True,
2021,1.0,cycle,perturbed,0,0.0,0.1,True,False,1
2021,1.0,cycle,perturbed,1,0.1,8.0,False,False,2
2021,1.0,cycle,perturbed,2,8.1,8.4,False,False,0
2021,1.0,cycle,perturbed,0,16.5,8.8,False,False,1
2021,1.0,cycle,perturbed,1,25.3,9.500000000000004,False,False,2
2021,1.0,cycle,perturbed,2,34.800000000000004,10.5,False,False,0
2021,1.0,cycle,perturbed,0,45.300000000000004,12.199999999999996,False,False,1
2021,1.0,cycle,perturbed,1,57.5,14.900000000000006,False,False,2
2021,1.0,cycle,perturbed,2,72.4,19.0,False,False,0
2021,1.0,cycle,perturbed,0,91.4,25.299999999999997,False,False,1
2021,1.0,cycle,perturbed,1,116.7,34.7,False,False,2
2021,1.0,cycle,perturbed,2,151.4,28.599999999999994,False,True,
2022,1.0,cycle,base,1,0.0,1.5,True,False,2
2022,1.0,cycle,base,2,1.5,11.0,False,False,0
2022,1.0,cycle,base,0,12.5,12.900000000000002,False,False,1
2022,1.0,cycle,base,1,25.400000000000002,16.099999999999998,False,False,2
2022,1.0,cycle,base,2,41.5,20.700000000000003,False,False,0
2022,1.0,cycle,base,0,62.2,28.0,False,False,1
2022,1.0,cycle,base,1,90.2,38.60000000000001,False,False,2
2022,1.0,cycle,base,2,128.8,51.19999999999999,False,True,
2022,1.0,cycle,perturbed,1,0.0,0.9,True,False,2
2022,1.0,cycle,perturbed,2,0.9,11.0,False,False,0
2022,1.0,cycle,perturbed,0,11.9,12.9,False,False,1
2022,1.0,cycle,perturbed,1,24.8,16.000000000000004,False,False,2
2022,1.0,cycle,perturbed,2,40.800000000000004,20.799999999999997,False,False,0
2022,1.0,cycle,perturbed,0,61.6,27.9,False,False,1
2022,1.0,cycle,perturbed,1,89.5,38.599999999999994,False,False,2
2022,1.0,cycle,perturbed,2,128.1,51.900000000000006,False,True,
2023,1.0,cycle,base,0,0.0,0.1,True,False,1
2023,1.0,cycle,base,1,0.1,8.5,False,False,2
2023,1.0,cycle,base,2,8.6,8.9,False,False,0
2023,1.0,cycle,base,0,17.5,9.600000000000001,False,False,1
2023,1.0,cycle,base,1,27.1,10.799999999999997,False,False,2
2023,1.0,cycle,base,2,37.9,12.600000000000001,False,False,0
2023,1.0,cycle,base,0,50.5,15.600000000000009,False,False,1
2023,1.0,cycle,base,1,66.10000000000001,20.0,False,False,2
2023,1.0,cycle,base,2,86.10000000000001,26.799999999999997,False,False,0
2023,1.0,cycle,base,0,112.9,37.0,False,False,1
2023,1.0,cycle,base,1,149.9,30.099999999999994,False,True,
2023,1.0,cycle,perturbed,1,0.0,7.9,True,False,2
2023,1.0,cycle,perturbed,2,7.9,9.1,False,False,0
2023,1.0,cycle,perturbed,0,17.0,9.900000000000002,False,False,1
2023,1.0,cycle,perturbed,1,26.900000000000002,11.3,False,False,2
2023,1.0,cycle,perturbed,2,38.2,13.5,False,False,0
2023,1.0,cycle,perturbed,0,51.7,16.799999999999997,False,False,1
2023,1.0,cycle,perturbed,1,68.5,22.0,False,False,2
2023,1.0,cycle,perturbed,2,90.5,29.700000000000003,False,False,0
2023,1.0,cycle,perturbed,0,120.2,41.40000000000002,False,False,1
2023,1.0,cycle,perturbed,1,161.60000000000002,18.399999999999977,False,True,
2024,1.0,cycle,base,2,0.0,2.6,True,False,0
2024,1.0,cycle,base,0,2.6,9.600000000000001,False,False,1
2024,1.0,cycle,base,1,12.200000000000001,10.9,False,False,2
2024,1.0,cycle,base,2,23.1,12.899999999999999,False,False,0
2024,1.0,cycle,base,0,36.0,15.800000000000004,False,False,1
2024,1.0,cycle,base,1,51.800000000000004,20.499999999999993,False,False,2
2024,1.0,cycle,base,2,72.3,27.500000000000014,False,False,0
2024,1.0,cycle,base,0,99.80000000000001,38.0,False,False,1
2024,1.0,cycle,base,1,137.8,42.19999999999999,False,True,
2024,1.0,cycle,perturbed,2,0.0,1.9000000000000001,True,False,0
2024,1.0,cycle,perturbed,0,1.9000000000000001,9.6,False,False,1
2024,1.0,cycle,perturbed,1,11.5,10.700000000000003,False,False,2
2024,1.0,cycle,perturbed,2,22.200000000000003,12.5,False,False,0
2024,1.0,cycle,perturbed,0,34.7,15.399999999999999,False,False,1
2024,1.0,cycle,perturbed,1,50.1,19.699999999999996,False,False,2
2024,1.0,cycle,perturbed,2,69.8,26.500000000000014,False,False,0
2024,1.0,cycle,perturbed,0,96.30000000000001,36.29999999999998,False,False,1
2024,1.0,cycle,perturbed,1,132.6,47.400000000000006,False,True,
2025,1.0,cycle,base,2,0.0,3.8000000000000003,True,False,0
2025,1.0,cycle,base,0,3.8000000000000003,9.4,False,False,1
2025,1.0,cycle,base,1,13.200000000000001,10.299999999999999,False,False,2
2025,1.0,cycle,base,2,23.5,12.0,False,False,0
2025,1.0,cycle,base,0,35.5,14.600000000000001,False,False,1
2025,1.0,cycle,base,1,50.1,18.500000000000007,False,False,2
2025,1.0,cycle,base,2,68.60000000000001,24.5,False,False,0
2025,1.0,cycle,base,0,93.10000000000001,33.5,False,False,1
2025,1.0,cycle,base,1,126.60000000000001,47.000000000000014,False,False,2
2025,1.0,cycle,base,2,173.60000000000002,6.399999999999977,False,True,
2025,1.0,cycle,perturbed,2,0.0,3.1,True,False,0
2025,1.0,cycle,perturbed,0,3.1,9.200000000000001,False,False,1
2025,1.0,cycle,perturbed,1,12.3,10.0,False,False,2
2025,1.0,cycle,perturbed,2,22.3,11.400000000000002,False,False,0
2025,1.0,cycle,perturbed,0,33.7,13.600000000000001,False,False,1
2025,1.0,cycle,perturbed,1,47.300000000000004,17.1,False,False,2
2025,1.0,cycle,perturbed,2,64.4,22.400000000000006,False,False,0
2025,1.0,cycle,perturbed,0,86.80000000000001,30.39999999999999,False,False,1
2025,1.0,cycle,perturbed,1,117.2,42.3,False,False,2
2025,1.0,cycle,perturbed,2,159.5,20.5,False,True,
2026,1.0,cycle,base,1,0.0,7.4,True,False,2
2026,1.0,cycle,base,2,7.4,10.4,False,False,0
2026,1.0,cycle,base,0,17.8,11.900000000000002,False,False,1
2026,1.0,cycle,base,1,29.700000000000003,14.399999999999999,False,False,2
2026,1.0,cycle,base,2,44.1,18.300000000000004,False,False,0
2026,1.0,cycle,base,0,62.400000000000006,24.099999999999994,False,False,1
2026,1.0,cycle,base,1,86.5,33.10000000000001,False,False,2
2026,1.0,cycle,base,2,119.60000000000001,46.3,False,False,0
2026,1.0,cycle,base,0,165.9,14.099999999999994,False,True,
2026,1.0,cycle,perturbed,1,0.0,7.0,True,False,2
2026,1.0,cycle,perturbed,2,7.0,9.8,False,False,0
2026,1.0,cycle,perturbed,0,16.8,11.100000000000001,False,False,1
2026,1.0,cycle,perturbed,1,27.900000000000002,13.2,False,False,2
2026,1.0,cycle,perturbed,2,41.1,16.4,False,False,0
2026,1.0,cycle,perturbed,0,57.5,21.30000000000001,False,False,1
2026,1.0,cycle,perturbed,1,78.80000000000001,28.69999999999999,False,False,2
2026,1.0,cycle,perturbed,2,107.5,39.900000000000006,False,False,0
2026,1.0,cycle,perturbed,0,147.4,32.599999999999994,False,True,
2027,1.0,cycle,base,0,0.0,4.9,True,False,1
2027,1.0,cycle,base,1,4.9,13.1,False,False,2
2027,1.0,cycle,base,2,18.0,16.300000000000004,False,False,0
2027,1.0,cycle,base,0,34.300000000000004,21.199999999999996,False,False,1
2027,1.0,cycle,base,1,55.5,28.5,False,False,2
2027,1.0,cycle,base,2,84.0,39.5,False,False,0
2027,1.0,cycle,base,0,123.5,56.0,False,False,1
2027,1.0,cycle,base,1,179.5,0.5,False,True,
2027,1.0,cycle,perturbed,0,0.0,4.3,True,False,1
2027,1.0,cycle,perturbed,1,4.3,12.7,False,False,2
2027,1.0,cycle,perturbed,2,17.0,15.600000000000001,False,False,0
2027,1.0,cycle,perturbed,0,32.6,20.200000000000003,False,False,1
2027,1.0,cycle,perturbed,1,52.800000000000004,26.9,False,False,2
2027,1.0,cycle,perturbed,2,79.7,37.2,False,False,0
2027,1.0,cycle,perturbed,0,116.9,52.5,False,False,1
2027,1.0,cycle,perturbed,1,169.4,10.599999999999994,False,True,
2028,1.0,cycle,base,1,0.0,2.3000000000000003,True,False,2
2028,1.0,cycle,base,2,2.3000000000000003,8.4,False,False,0
2028,1.0,cycle,base,0,10.700000000000001,8.799999999999999,False,False,1
2028,1.0,cycle,base,1,19.5,9.5,False,False,2
2028,1.0,cycle,base,2,29.0,10.600000000000001,False,False,0
2028,1.0,cycle,base,0,39.6,12.399999999999999,False,False,1
2028,1.0,cycle,base,1,52.0,15.100000000000009,False,False,2
2028,1.0,cycle,base,2,67.10000000000001,19.39999999999999,False,False,0
2028,1.0,cycle,base,0,86.5,25.80000000000001,False,False,1
2028,1.0,cycle,base,1,112.30000000000001,35.5,False,False,2
2028,1.0,cycle,base,2,147.8,32.19999999999999,False,True,
2028,1.0,cycle,perturbed,1,0.0,1.3,True,False,2
2028,1.0,cycle,perturbed,2,1.3,8.4,False,False,0
2028,1.0,cycle,perturbed,0,9.700000000000001,8.799999999999999,False,False,1
2028,1.0,cycle,perturbed,1,18.5,9.400000000000002,False,False,2
2028,1.0,cycle,perturbed,2,27.900000000000002,10.400000000000002,False,False,0
2028,1.0,cycle,perturbed,0,38.300000000000004,12.100000000000001,False,False,1
2028,1.0,cycle,perturbed,1,50.400000000000006,14.700000000000003,False,False,2
2028,1.0,cycle,perturbed,2,65.10000000000001,18.700000000000003,False,False,0
2028,1.0,cycle,perturbed,0,83.80000000000001,24.89999999999999,False,False,1
2028,1.0,cycle,perturbed,1,108.7,34.000000000000014,False,False,2
2028,1.0,cycle,perturbed,2,142.70000000000002,37.29999999999998,False,True,
2029,1.0,cycle,base,2,0.0,11.8,True,False,0
2029,1.0,cycle,base,0,11.8,15.900000000000002,False,False,1
2029,1.0,cycle,base,1,27.700000000000003,20.5,False,False,2
2029,1.0,cycle,base,2,48.2,27.599999999999994,False,False,0
2029,1.0,cycle,base,0,75.8,38.000000000000014,False,False,1
2029,1.0,cycle,base,1,113.80000000000001,53.900000000000006,False,False,2
2029,1.0,cycle,base,2,167.70000000000002,12.299999999999983,False,True,
2029,1.0,cycle,perturbed,2,0.0,11.4,True,False,0
2029,1.0,cycle,perturbed,0,11.4,15.1,False,False,1
2029,1.0,cycle,perturbed,1,26.5,19.5,False,False,2
2029,1.0,cycle,perturbed,2,46.0,25.900000000000006,False,False,0
2029,1.0,cycle,perturbed,0,71.9,35.7,False,False,1
2029,1.0,cycle,perturbed,1,107.60000000000001,50.2,False,False,2
2029,1.0,cycle,perturbed,2,157.8,22.19999999999999,False,True,
2030,1.0,cycle,base,1,0.0,3.9000000000000004,True,False,2
2030,1.0,cycle,base,2,3.9000000000000004,8.9,False,False,0
2030,1.0,cycle,base,0,12.8,9.600000000000001,False,False,1
2030,1.0,cycle,base,1,22.400000000000002,10.7,False,False,2
2030,1.0,cycle,base,2,33.1,12.600000000000001,False,False,0
2030,1.0,cycle,base,0,45.7,15.600000000000001,False,False,1
2030,1.0,cycle,base,1,61.300000000000004,19.9,False,False,2
2030,1.0,cycle,base,2,81.2,26.700000000000003,False,False,0
2030,1.0,cycle,base,0,107.9,36.80000000000001,False,False,1
2030,1.0,cycle,base,1,144.70000000000002,35.29999999999998,False,True,
2030,1.0,cycle,perturbed,1,0.0,3.2,True,False,2
2030,1.0,cycle,perturbed,2,3.2,8.600000000000001,False,False,0
2030,1.0,cycle,perturbed,0,11.8,9.3,False,False,1
2030,1.0,cycle,perturbed,1,21.1,10.3,False,False,2
2030,1.0,cycle,perturbed,2,31.400000000000002,11.7,False,False,0
2030,1.0,cycle,perturbed,0,43.1,14.300000000000004,False,False,1
2030,1.0,cycle,perturbed,1,57.400000000000006,18.0,False,False,2
2030,1.0,cycle,perturbed,2,75.4,23.700000000000003,False,False,0
2030,1.0,cycle,perturbed,0,99.10000000000001,32.39999999999999,False,False,1
2030,1.0,cycle,perturbed,1,131.5,45.30000000000001,False,False,2
2030,1.0,cycle,perturbed,2,176.8,3.1999999999999886,False,True,
2031,1.0,cycle,base,1,0.0,1.6,True,False,2
2031,1.0,cycle,base,2,1.6,9.000000000000002,False,False,0
2031,1.0,cycle,base,0,10.600000000000001,9.7,False,False,1
2031,1.0,cycle,base,1,20.3,11.0,False,False,2
2031,1.0,cycle,base,2,31.3,13.100000000000005,False,False,0
2031,1.0,cycle,base,0,44.400000000000006,16.099999999999994,False,False,1
2031,1.0,cycle,base,1,60.5,20.900000000000006,False,False,2
2031,1.0,cycle,base,2,81.4,28.200000000000003,False,False,0
2031,1.0,cycle,base,0,109.60000000000001,38.999999999999986,False,False,1
2031,1.0,cycle,base,1,148.6,31.400000000000006,False,True,
2031,1.0,cycle,perturbed,1,0.0,0.9,True,False,2
2031,1.0,cycle,perturbed,2,0.9,8.9,False,False,0
2031,1.0,cycle,perturbed,0,9.8,9.8,False,False,1
2031,1.0,cycle,perturbed,1,19.6,11.0,False,False,2
2031,1.0,cycle,perturbed,2,30.6,13.0,False,False,0
2031,1.0,cycle,perturbed,0,43.6,16.200000000000003,False,False,1
2031,1.0,cycle,perturbed,1,59.800000000000004,20.9,False,False,2
2031,1.0,cycle,perturbed,2,80.7,28.200000000000003,False,False,0
2031,1.0,cycle,perturbed,0,108.9,39.0,False,False,1
2031,1.0,cycle,perturbed,1,147.9,32.099999999999994,False,True,
2032,1.0,cycle,base,0,0.0,1.5,True,False,1
2032,1.0,cycle,base,1,1.5,8.0,False,False,2
2032,1.0,cycle,base,2,9.5,8.100000000000001,False,False,0
2032,1.0,cycle,base,0,17.6,8.3,False,False,1
2032,1.0,cycle,base,1,25.900000000000002,8.8,False,False,2
2032,1.0,cycle,base,2,34.7,9.299999999999997,False,False,0
2032,1.0,cycle,base,0,44.0,10.400000000000006,False,False,1
2032,1.0,cycle,base,1,54.400000000000006,12.0,False,False,2
2032,1.0,cycle,base,2,66.4,14.5,False,False,0
2032,1.0,cycle,base,0,80.9,18.5,False,False,1
2032,1.0,cycle,base,1,99.4,24.5,False,False,2
2032,1.0,cycle,base,2,123.9,33.5,False,False,0
2032,1.0,cycle,base,0,157.4,22.599999999999994,False,True,
2032,1.0,cycle,perturbed,0,0.0,0.2,True,False,1
2032,1.0,cycle,perturbed,1,0.2,7.8999999999999995,False,False,2
2032,1.0,cycle,perturbed,2,8.1,8.200000000000001,False,False,0
2032,1.0,cycle,perturbed,0,16.3,8.400000000000002,False,False,1
2032,1.0,cycle,perturbed,1,24.700000000000003,8.899999999999999,False,False,2
2032,1.0,cycle,perturbed,2,33.6,9.5,False,False,0
2032,1.0,cycle,perturbed,0,43.1,10.700000000000003,False,False,1
2032,1.0,cycle,perturbed,1,53.800000000000004,12.399999999999999,False,False,2
2032,1.0,cycle,perturbed,2,66.2,15.299999999999997,False,False,0
2032,1.0,cycle,perturbed,0,81.5,19.60000000000001,False,False,1
2032,1.0,cycle,perturbed,1,101.10000000000001,26.200000000000003,False,False,2
2032,1.0,cycle,perturbed,2,127.30000000000001,36.099999999999994,False,False,0
2032,1.0,cycle,perturbed,0,163.4,16.599999999999994,False,True,
2033,1.0,cycle,base,1,0.0,10.5,True,False,2
2033,1.0,cycle,base,2,10.5,13.5,False,False,0
2033,1.0,cycle,base,0,24.0,17.0,False,False,1
2033,1.0,cycle,base,1,41.0,22.300000000000004,False,False,2
2033,1.0,cycle,base,2,63.300000000000004,30.1,False,False,0
2033,1.0,cycle,base,0,93.4,41.900000000000006,False,False,1
2033,1.0,cycle,base,1,135.3,44.69999999999999,False,True,
2033,1.0,cycle,perturbed,1,0.0,10.0,True,False,2
2033,1.0,cycle,perturbed,2,10.0,12.900000000000002,False,False,0
2033,1.0,cycle,perturbed,0,22.900000000000002,16.000000000000004,False,False,1
2033,1.0,cycle,perturbed,1,38.900000000000006,20.699999999999996,False,False,2
2033,1.0,cycle,perturbed,2,59.6,27.800000000000004,False,False,0
2033,1.0,cycle,perturbed,0,87.4,38.400000000000006,False,False,1
2033,1.0,cycle,perturbed,1,125.80000000000001,54.19999999999999,False,True,
2034,1.0,cycle,base,0,0.0,0.6000000000000001,True,False,1
2034,1.0,cycle,base,1,0.6000000000000001,13.100000000000001,False,False,2
2034,1.0,cycle,base,2,13.700000000000001,16.200000000000003,False,False,0
2034,1.0,cycle,base,0,29.900000000000002,21.099999999999998,False,False,1
2034,1.0,cycle,base,1,51.0,28.400000000000006,False,False,2
2034,1.0,cycle,base,2,79.4,39.400000000000006,False,False,0
2034,1.0,cycle,base,0,118.80000000000001,55.69999999999999,False,False,1
2034,1.0,cycle,base,1,174.5,5.5,False,True,
2034,1.0,cycle,perturbed,0,0.0,0.1,True,False,1
2034,1.0,cycle,perturbed,1,0.1,13.200000000000001,False,False,2
2034,1.0,cycle,perturbed,2,13.3,16.400000000000002,False,False,0
2034,1.0,cycle,perturbed,0,29.700000000000003,21.4,False,False,1
2034,1.0,cycle,perturbed,1,51.1,28.9,False,False,2
2034,1.0,cycle,perturbed,2,80.0,40.10000000000001,False,False,0
2034,1.0,cycle,perturbed,0,120.10000000000001,56.89999999999999,False,False,1
2034,1.0,cycle,perturbed,1,177.0,3.0,False,True,
2035,1.0,cycle,base,1,0.0,8.3,True,False,2
2035,1.0,cycle,base,2,8.3,11.8,False,False,0
2035,1.0,cycle,base,0,20.1,14.100000000000001,False,False,1
2035,1.0,cycle,base,1,34.2,18.0,False,False,2
2035,1.0,cycle,base,2,52.2,23.599999999999994,False,False,0
2035,1.0,cycle,base,0,75.8,32.2,False,False,1
2035,1.0,cycle,base,1,108.0,45.0,False,False,2
2035,1.0,cycle,base,2,153.0,27.0,False,True,
2035,1.0,cycle,perturbed,1,0.0,7.9,True,False,2
2035,1.0,cycle,perturbed,2,7.9,11.1,False,False,0
2035,1.0,cycle,perturbed,0,19.0,13.300000000000004,False,False,1
2035,1.0,cycle,perturbed,1,32.300000000000004,16.5,False,False,2
2035,1.0,cycle,perturbed,2,48.800000000000004,21.499999999999993,False,False,0
2035,1.0,cycle,perturbed,0,70.3,29.000000000000014,False,False,1
2035,1.0,cycle,perturbed,1,99.30000000000001,40.19999999999999,False,False,2
2035,1.0,cycle,perturbed,2,139.5,40.5,False,True,
