seed,split,arm,first_arrival,sustained_arrival,right_censored,integrated_energy_0_8,integrated_difference_0_8,peak_above_initial,injected_work_over_initial_energy,dissipated_over_initial_energy
1000,train,unchanged,,,True,5.973328508197035,0.0,0.0,4.374171350911333,4.38307867231423
1000,train,abrupt,4.8,4.8,False,1.9822078308988444,-3.9911206772981904,0.0,0.0,0.9958813810121108
1000,train,gradual,5.4,5.4,False,2.373602491190649,-3.599726017006386,0.0,0.182390538408812,1.177074298228153
1001,train,unchanged,,,True,4.196089324068545,0.0,0.0,2.3312809227932196,2.803613464799822
1001,train,abrupt,4.9,4.9,False,2.049400488409324,-2.146688835659221,0.0,0.0,0.9959700654772041
1001,train,gradual,5.3,5.3,False,2.2706802931636885,-1.9254090309048566,0.0,0.10068923925477653,1.095928477968503
1002,train,unchanged,,,True,3.61133798839216,0.0,0.0,1.873084691401093,2.460078197139324
1002,train,abrupt,4.5,4.5,False,1.8575273220798258,-1.753810666312334,0.0,0.0,0.996810406989295
1002,train,gradual,4.8,4.8,False,2.0491822434988474,-1.5621557448933125,0.0,0.09040338472823599,1.0866880069961333
1003,train,unchanged,,,True,5.987540030431315,0.0,0.12509547602250626,4.773123751705532,4.6480282760416065
1003,train,abrupt,4.6000000000000005,4.6000000000000005,False,1.8599368664443212,-4.127603163986994,0.0,0.0,0.9965348780463333
1003,train,gradual,5.1000000000000005,5.1000000000000005,False,2.18328829981701,-3.8042517306143053,0.0,0.15253598093844078,1.1481652446841777
1004,train,unchanged,,,True,3.712810573949649,0.0,0.0,2.034007883520476,2.536549084221709
1004,train,abrupt,4.9,4.9,False,2.0531175865533857,-1.6596929873962631,0.0,0.0,0.996026369266477
1004,train,gradual,5.0,5.0,False,2.1516669475497787,-1.5611436263998701,0.0,0.05047484341881395,1.046345212580193
1005,train,unchanged,,,True,8.079087345611773,0.0,0.654700757234886,7.003769344470421,6.349068587424267
1005,train,abrupt,4.9,4.9,False,2.0148248980685213,-6.064262447543252,0.0,0.0,0.9956625427318281
1005,train,gradual,5.6000000000000005,5.6000000000000005,False,2.486239512423499,-5.592847833188275,0.0,0.21676201524374633,1.2109119013988725
1006,train,unchanged,,,True,6.232445363717967,0.0,0.0,4.574440378201316,4.587613346241365
1006,train,abrupt,4.4,4.4,False,1.8095245472047896,-4.4229208165131775,0.0,0.0,0.9967442039482117
1006,train,gradual,5.3,5.3,False,2.3298206173774116,-3.9026247463405555,0.0,0.24036064697265785,1.235468779446843
1007,train,unchanged,,,True,4.686624064675311,0.0,0.0,3.165183618854657,3.4233654748997666
1007,train,abrupt,4.7,4.7,False,1.9233401470781548,-2.763283917597156,0.0,0.0,0.9965196340949223
1007,train,gradual,5.0,5.0,False,2.139233004843253,-2.5473910598320577,0.0,0.10033504089034666,1.0961919858084
1008,train,unchanged,,,True,5.341711766576195,0.0,0.0,3.252261187132421,3.606855172618544
1008,train,abrupt,4.7,4.7,False,1.950021591404413,-3.3916901751717816,0.0,0.0,0.9965656333406722
1008,train,gradual,5.4,5.4,False,2.4512648923611167,-2.890446874215078,0.0,0.23817168144453477,1.233382650404296
1009,train,unchanged,,,True,3.8633698918392865,0.0,0.0,2.7217204253123257,2.9712795644614034
1009,train,abrupt,4.8,4.8,False,2.01815677960113,-1.8452131122381563,0.0,0.0,0.9961977378816756
1009,train,gradual,4.8,4.8,False,1.9540309820712285,-1.909338909768058,0.0,-0.03622790101034668,0.9599775975020759
1010,train,unchanged,,,True,5.546864426354929,0.0,0.0,3.4276228433687654,3.720176359317345
1010,train,abrupt,5.0,5.0,False,2.078507876791736,-3.468356549563193,0.0,0.0,0.995708015750491
1010,train,gradual,5.6000000000000005,5.6000000000000005,False,2.5521242292861013,-2.994740197068828,0.0,0.22084513069815628,1.215145250145448
1011,train,unchanged,,,True,4.468081787344499,0.0,0.0,3.0668776564375086,3.2885880948820003
1011,train,abrupt,5.1000000000000005,5.1000000000000005,False,2.1076467947619277,-2.360434992582571,0.0,0.0,0.9955628243650494
1011,train,gradual,5.1000000000000005,5.1000000000000005,False,2.1807812640950073,-2.2873005232494914,0.0,0.039375475634462344,1.034895161859902
1012,train,unchanged,,,True,3.8587223975238816,0.0,0.0,1.9872650314107014,2.5229780806098656
1012,train,abrupt,5.1000000000000005,5.1000000000000005,False,2.117938223004856,-1.7407841745190256,0.0,0.0,0.9953403215894476
1012,train,gradual,5.3,5.3,False,2.2650280429216787,-1.5936943546022029,0.0,0.06912209432153675,1.064055359666507
1013,train,unchanged,,,True,5.218790888996409,0.0,0.0,3.3216909118435307,3.626656583957604
1013,train,abrupt,4.7,4.7,False,1.9114356200175837,-3.3073552689788253,0.0,0.0,0.9963703759994234
1013,train,gradual,5.3,5.3,False,2.3377879807025015,-2.8810029082939077,0.0,0.19901269322892778,1.1941425043492462
1014,train,unchanged,,,True,3.1541793873412205,0.0,0.0,1.589501989598602,2.1831700567438896
1014,train,abrupt,4.6000000000000005,4.6000000000000005,False,1.93593068515577,-1.2182487021854504,0.0,0.0,0.9967397973766867
1014,train,gradual,4.7,4.7,False,1.9638154116476996,-1.190363975693521,0.0,0.013280344262036182,1.009973870771319
1015,train,unchanged,,,True,3.7945451778845443,0.0,0.0,1.7947085299981027,2.4182152850347447
1015,train,abrupt,4.8,4.8,False,2.007975563339653,-1.786569614544891,0.0,0.0,0.9959957751681234
1015,train,gradual,5.2,5.2,False,2.2404347616234044,-1.5541104162611399,0.0,0.10866492951791519,1.1039702135750644
1016,train,unchanged,,,True,3.6882814973810736,0.0,0.0,2.01316671366948,2.531085579090638
1016,train,abrupt,4.8,4.8,False,1.9851915394820352,-1.7030899578990384,0.0,0.0,0.9964290965969124
1016,train,gradual,4.9,4.9,False,2.1037498288214986,-1.584531668559575,0.0,0.0576187614969772,1.0537511658625718
1017,train,unchanged,,,True,3.792403350438218,0.0,0.0,2.2617188196325912,2.6880197281024145
1017,train,abrupt,4.9,4.9,False,2.0436106567451096,-1.7487926936931086,0.0,0.0,0.9958069038417329
1017,train,gradual,5.0,5.0,False,2.1139153529010666,-1.6784879975371516,0.0,0.03687753657516532,1.0325860723835671
1018,validation,unchanged,,,True,4.151642268000684,0.0,0.0,2.10356906075292,2.658676897001324
1018,validation,abrupt,4.9,4.9,False,2.073553637818878,-2.0780886301818056,0.0,0.0,0.995980973344194
1018,validation,gradual,5.3,5.3,False,2.3363649811024603,-1.8152772868982234,0.0,0.1218553545910149,1.1170626419636818
1019,validation,unchanged,,,True,2.8368669712553314,0.0,0.0,1.2486023552237102,1.9210880163005184
1019,validation,abrupt,4.6000000000000005,4.6000000000000005,False,1.9247795679014932,-0.9120874033538382,0.0,0.0,0.9969827253576143
1019,validation,gradual,4.6000000000000005,4.6000000000000005,False,1.9381570670409467,-0.8987099042143847,0.0,0.007224462866803394,1.0041956586856202
1020,validation,unchanged,,,True,4.867745803450881,0.0,0.0,3.508277869536487,3.6374175714943444
1020,validation,abrupt,5.0,5.0,False,2.0709972106047814,-2.7967485928461,0.0,0.0,0.9957294400243832
1020,validation,gradual,5.2,5.2,False,2.204867348116862,-2.662878455334019,0.0,0.0692400798308625,1.0647737448270191
1021,validation,unchanged,,,True,3.2885336212222165,0.0,0.0,2.395277757572964,2.7458997792321855
1021,validation,abrupt,4.0,4.0,False,1.6424316347404482,-1.6461019864817683,0.0,0.0,0.9974515481264123
1021,validation,gradual,4.0,4.0,False,1.6138630271361123,-1.6746705940861042,0.0,-0.009615488105070354,0.9879896309892269
1022,validation,unchanged,,,True,3.691592416350959,0.0,0.0,2.077601583804546,2.582695841804821
1022,validation,abrupt,4.6000000000000005,4.6000000000000005,False,1.9114798635627843,-1.7801125527881747,0.0,0.0,0.9964192099426723
1022,validation,gradual,4.9,4.9,False,2.0537060877366375,-1.6378863286143215,0.0,0.06636526915633521,1.0623606506737366
1023,validation,unchanged,,,True,3.9271165645322057,0.0,0.0,1.7516024190042163,2.4259850696346903
1023,validation,abrupt,4.8,4.8,False,1.9993132798422053,-1.9278032846900004,0.0,0.0,0.9964187478433427
1023,validation,gradual,5.2,5.2,False,2.316716352186246,-1.6104002123459598,0.0,0.15261053344208347,1.148221743073522
1024,test,unchanged,,,True,3.386180135295272,0.0,0.0,1.8026303533059693,2.357037474149961
1024,test,abrupt,4.6000000000000005,4.6000000000000005,False,1.913895451395298,-1.472284683899974,0.0,0.0,0.9967766860633253
1024,test,gradual,4.7,4.7,False,1.992724544081566,-1.3934555912137059,0.0,0.03423684451859479,1.0307098757323123
1025,test,unchanged,,,True,4.2294031700459485,0.0,0.0,3.050211576643143,3.232470284634372
1025,test,abrupt,4.9,4.9,False,2.04405785640905,-2.1853453136368985,0.0,0.0,0.9961002980888236
1025,test,gradual,4.9,4.9,False,2.026059682250877,-2.2033434877950713,0.0,-0.013780463157757631,0.982187467436085
1026,test,unchanged,,,True,4.773566435077536,0.0,0.09149398385063767,4.001523808986945,3.9100298252320544
1026,test,abrupt,4.9,4.9,False,2.0467763906915564,-2.72679004438598,0.0,0.0,0.9957758636037718
1026,test,gradual,4.8,4.8,False,1.9804894266524002,-2.7930770084251364,0.0,-0.027761780062447276,0.9682803778544212
1027,test,unchanged,,,True,6.981195811690306,0.0,0.036523502610773084,4.941560305223004,4.905036802733709
1027,test,abrupt,5.0,5.0,False,2.0547085031762573,-4.926487308514048,0.0,0.0,0.9956269601798101
1027,test,gradual,5.8,5.8,False,2.692743349674054,-4.288452462016252,0.0,0.2943786782596903,1.2880351554194034
1028,test,unchanged,,,True,4.084666851970372,0.0,0.0,2.18527042999993,2.7187107003588817
1028,test,abrupt,4.7,4.7,False,1.9692167284291362,-2.115450123541236,0.0,0.0,0.9966288084913445
1028,test,gradual,5.1000000000000005,5.1000000000000005,False,2.2276310152768306,-1.8570358366935413,0.0,0.12354732771053774,1.1195091848534757
1029,test,unchanged,,,True,3.0962341062480983,0.0,0.0,1.4732299158207114,2.0609662224898084
1029,test,abrupt,5.2,5.2,False,2.1410971783201296,-0.9551369279279687,0.0,0.0,0.9952252253243572
1029,test,gradual,5.1000000000000005,5.1000000000000005,False,2.094446767083652,-1.001787339164446,0.0,-0.019704136445622907,0.9757068237103079
1030,test,unchanged,,,True,5.432391099768399,0.0,0.0,3.5376426089816815,3.7721325176761478
1030,test,abrupt,4.8,4.8,False,2.0129976680960966,-3.4193934316723023,0.0,0.0,0.9961127942223358
1030,test,gradual,5.4,5.4,False,2.4154060107487876,-3.0169850890196113,0.0,0.18470010142473378,1.1795246406599156
1031,test,unchanged,,,True,5.244889043262561,0.0,0.0,3.150398888684528,3.4799808093117868
1031,test,abrupt,5.2,5.2,False,2.164189437587542,-3.080699605675019,0.0,0.0,0.995194647383369
1031,test,gradual,5.7,5.7,False,2.5468004111714895,-2.6980886320910717,0.0,0.1787305562597185,1.1728410338724577
1032,test,unchanged,,,True,4.8552185217387835,0.0,0.0,3.41585044371318,3.6312158301240465
1032,test,abrupt,4.3,4.3,False,1.7866396195812364,-3.0685789021575474,0.0,0.0,0.997111964842667
1032,test,gradual,4.8,4.8,False,2.0650309869041257,-2.790187534834658,0.0,0.12873423544300974,1.1249591684174909
1033,test,unchanged,,,True,5.245315716631135,0.0,0.0,3.151089820763546,3.516644141635688
1033,test,abrupt,4.8,4.8,False,1.980346966941631,-3.264968749689504,0.0,0.0,0.9959328687156693
1033,test,gradual,5.5,5.5,False,2.450789034917445,-2.79452668171369,0.0,0.2192082188029199,1.2137532861192986
1034,test,unchanged,,,True,4.035152822944352,0.0,0.0,2.876121241578148,3.1199548458055295
1034,test,abrupt,4.6000000000000005,4.6000000000000005,False,1.9267581217890846,-2.1083947011552673,0.0,0.0,0.996548602735015
1034,test,gradual,4.7,4.7,False,1.9326039346405959,-2.102548888303756,0.0,0.0014353221486699313,0.997957076104716
1035,test,unchanged,,,True,4.198509352297978,0.0,0.0,3.200794105530975,3.352006692184654
1035,test,abrupt,4.7,4.7,False,1.8973684923418668,-2.301140859956111,0.0,0.0,0.9963972675146952
1035,test,gradual,4.7,4.7,False,1.8961168531190424,-2.3023924991789357,0.0,0.001599314353346049,0.9980201129802222
